legal_id,homepage,extra_urls
512267592,https://www.harel-group.co.il,
520004078,https://www.harel-group.co.il,
512237744,https://www.migdal.co.il,
520004896,https://www.migdal.co.il,
512244146,https://www.clalbit.co.il,
520024647,https://www.clalbit.co.il,
512245812,https://www.menoramivt.co.il,
520042540,https://www.menoramivt.co.il,
513026484,https://www.fnx.co.il,
520023185,https://www.fnx.co.il,
513173393,https://www.as-invest.co.il,
512065202,https://www.meitav.co.il,https://www.meitav.co.il/provident_pension/statement_investment_policy/
513611509,https://www.yl-invest.co.il,
520042177,https://www.hcsra.co.il,
520030677,https://www.ayalon-ins.co.il,
513910703,https://www.ids.co.il,
