legal_id,company,pages,candidates,docs_index,docs_returns,not_returns,parse_errors,tracks,tracks_numbered,registry_tracks,registry_found,registry_coverage,first_month,last_month,crawl_errors,last_crawl
510142789,"חברת ב'ת למ'ד דל'ת בע""מ",26,0,0,0,0,0,0,0,1,0,0.0,,,,2026-10-07T17:56:53+00:00
510694821,"לאומי קמ""פ בע""מ",,,0,0,0,0,0,0,1,0,0.0,,,,
510773922,ארם גמולים - חברה לניהול קופות גמל בע''מ,11,53,53,53,0,0,3,3,3,3,100.0,2022-01,2026-06,,2026-10-07T17:53:02+00:00
510806870,"רעות חברה לניהול קופות גמל בע""מ",19,7,6,6,0,0,6,6,6,6,100.0,2026-01,2026-06,https://reut.net/wp-content/uploads/2025/08/רעות_מדיניות_פרטיות_לאתר_אינטרנט.pdf -> not_a_document,2026-10-07T17:57:09+00:00
510927536,"יהב אחים ואחיות - חברה לניהול קופות גמל בע""מ",,,0,0,0,0,0,0,2,0,0.0,,,,
510930654,"יחד רופאים - חברה לניהול קופות גמל בע""מ",2,0,0,0,0,0,0,0,7,0,0.0,,,,2026-10-07T17:53:09+00:00
510930670,"יהב - פ.ר.ח. - חברה לניהול קופות גמל בע""מ",33,174,174,122,52,0,5,4,2,2,100.0,2015-09,2026-06,,2026-10-07T17:53:17+00:00
510960586,"חברת הגמל לעובדי האוניברסיטה העברית בע""מ",30,40,40,36,4,0,9,9,10,9,90.0,2025-01,2026-06,,2026-10-07T17:53:19+00:00
511033060,"קרן החסכון לצבא הקבע - חברה לניהול קופות גמל בע""מ",30,9,9,9,0,0,10,10,10,10,100.0,2018-01,2026-06,,2026-10-07T17:55:18+00:00
511423048,"לעתיד חברה לניהול קרנות פנסיה בע""מ",30,9,9,9,0,0,2,1,2,0,0.0,2018-01,2026-06,,2026-10-07T17:54:13+00:00
511789190,"""עתודות"" - קרן פנסיה לשכירים ועצמאיים בע""מ",1,0,6,6,0,0,1,1,0,0,,2021-01,2026-06,,2026-10-07T17:53:03+00:00
511880460,"אנליסט קופות גמל בע""מ",,,0,0,0,0,0,0,37,0,0.0,,,,
512008335,"קו הבריאות חברה לניהול קופות גמל בע""מ",33,267,219,213,6,0,9,8,3,3,100.0,2013-06,2026-03,https://www.kav-habriut.co.il/wp-content/uploads/2014/11/201501-returnElements-561.xls -> 404 | ://www.kav-habriut.co.il/wp-content/uploads/2014/11/201501-returnElements-561.xls?pid=3247 -> 404 | https://www.kav-habriut.co.il/wp-content/uploads/2014/11/201501-returnElements-562.xls -> 404 | ://www.kav-habriut.co.il/wp-content/uploads/2014/11/201501-returnElements-562.xls?pid=3247 -> 404 | https://www.kav-habriut.co.il/wp-content/uploads/2014/11/201502-returnElements-561.xls -> 404 | ://www.kav-habriut.co.il/wp-content/uploads/2014/11/201502-returnElements-561.xls?pid=3247 -> 404 | https://www.,2026-10-07T17:58:13+00:00
512065202,"מיטב גמל ופנסיה בע""מ",30,110,108,0,107,1,0,0,103,0,0.0,,,https://marketing-cms-c.meitav.co.il/media/3pan1pcq/11349124-הצטרפות-קרן-פנסיה-כללית.pdf -> ERR | lighthouse-cloud.com/kms/lh/archive/externalFiles/681c97e3-e112-4cb8-9260-00f5616ee75d.pdf -> not_a_document,2026-10-07T17:52:50+00:00
512237744,"מגדל מקפת קרנות פנסיה וקופות גמל בע""מ",30,461,402,402,0,0,116,116,87,85,97.7,2022-01,2026-06,,2026-10-07T17:54:28+00:00
512244146,"כלל פנסיה וגמל בע""מ",,,0,0,0,0,0,0,84,0,0.0,,,,
512245812,"מנורה מבטחים פנסיה וגמל בע""מ",,,0,0,0,0,0,0,96,0,0.0,,,,
512267592,"הראל פנסיה וגמל בע""מ",30,0,0,0,0,0,0,0,100,0,0.0,,,,2026-10-07T18:00:07+00:00
512362914,"מחוג - מינהל גמל לעובדי חברת חשמל לישראל בע""מ",30,30,30,30,0,0,6,6,7,6,85.7,2025-01,2026-06,,2026-10-07T17:53:17+00:00
512711409,"גל -ניהול קופות גמל לעובדי הוראה בע""מ",33,471,471,440,31,0,25,22,10,10,100.0,2015-09,2026-06,,2026-10-07T17:52:44+00:00
513026484,"הפניקס פנסיה וגמל בע""מ",,,0,0,0,0,0,0,91,0,0.0,,,,
513173393,"אלטשולר שחם גמל ופנסיה בע""מ",30,0,0,0,0,0,0,0,79,0,0.0,,,,2026-10-07T18:03:37+00:00
513452003,"חברה לניהול קופות גמל של העובדים בעיריית תל - אביב יפו בע""מ",12,22,22,22,0,0,1,1,4,1,25.0,2021-01,2026-06,,2026-10-07T17:52:47+00:00
513611509,"ילין לפידות ניהול קופות גמל בע""מ",30,438,357,343,14,0,34,25,27,25,92.6,2022-01,2026-06,https://www.yl-invest.co.il/duplicated-1760593330/uploads/n/1770207446.9770.pdf -> not_a_document | https://www.yl-invest.co.il/duplicated-1760593330/uploads/n/1785823751.3083.pdf -> not_a_document | https://www.yl-invest.co.il/duplicated-1760593330/uploads/n/1777964420.5412.pdf -> not_a_document | https://www.yl-invest.co.il/duplicated-1760593888/uploads/n/1770207427.5401.pdf -> not_a_document | https://www.yl-invest.co.il/duplicated-1760593888/uploads/n/1785823825.6413.pdf -> not_a_document | https://www.yl-invest.co.il/duplicated-1760593888/uploads/n/1777964551.1997.pdf -> not_a_document | ,2026-10-07T17:53:11+00:00
513621110,"אינפיניטי השתלמות, גמל ופנסיה בע""מ",,,0,0,0,0,0,0,55,0,0.0,,,,
513910703,"איי. די. איי. חברה לביטוח בע""מ",,,0,0,0,0,0,0,5,0,0.0,,,,
514767490,"סלייס גמל בע""מ",2,79,79,79,0,0,44,39,4,0,0.0,2023-01,2024-03,,2026-10-07T17:59:44+00:00
514956465,"מור גמל ופנסיה בע""מ",1,0,0,0,0,0,0,0,81,0,0.0,,,,2026-10-07T17:59:21+00:00
515447035,"הפניקס חח""י קופה מרכזית לקצבה בע""מ",,,0,0,0,0,0,0,0,0,,,,,
515977338,"אקטיון בע""מ",9,0,0,0,0,0,0,0,2,0,0.0,,,,2026-10-07T18:03:58+00:00
517085874,"איילון קופות גמל בע""מ",1,0,0,0,0,0,0,0,40,0,0.0,,,,2026-10-07T18:01:50+00:00
520004078,"הראל חברה לביטוח בע""מ",30,0,0,0,0,0,0,0,30,0,0.0,,,,2026-10-07T18:03:49+00:00
520004896,"מגדל חברה לביטוח בע""מ",,,0,0,0,0,0,0,21,0,0.0,,,,
520005497,"החברה לניהול קופות התגמולים והפיצויים של עובדי בנק לאומי בע""מ",13,1,1,1,0,0,1,1,1,1,100.0,2025-01,2025-12,,2026-10-07T18:03:31+00:00
520019688,"מבטחים מוסד לביטוח סוציאלי של העובדים בע""מ",,,0,0,0,0,0,0,1,0,0.0,,,,
520020447,"קרן הגמלאות של חברי אגד בע""מ",,,0,0,0,0,0,0,0,0,,,,,
520020504,"קרן הגמלאות המרכזית של עובדי ההסתדרות בע""מ",30,53,53,53,0,0,3,3,0,0,,2022-01,2026-06,,2026-10-07T18:04:23+00:00
520022351,"נתיב קרן הפנסיה של פועלי ועובדי מפעלי משק ההסתדרות בע""מ",30,53,53,53,0,0,3,3,0,0,,2022-01,2026-06,,2026-10-07T18:05:44+00:00
520022518,"החברה לניהול קופת התגמולים והפנסיה של עובדי הסוכנות היהודית לארץ ישראל בע""מ",1,0,0,0,0,0,0,0,0,0,,,,,2026-10-07T18:06:22+00:00
520022963,"קופת הפנסיה לעובדי הדסה בע""מ",30,53,53,53,0,0,3,3,0,0,,2022-01,2026-06,,2026-10-07T18:07:43+00:00
520023094,"גילעד גימלאות לעובדים דתיים בע""מ",,,0,0,0,0,0,0,0,0,,,,,
520023185,"הפניקס חברה לביטוח בע""מ",,,0,0,0,0,0,0,58,0,0.0,,,,
520024647,"כלל חברה לביטוח בע""מ",,,0,0,0,0,0,0,25,0,0.0,,,,
520024985,"עגור חברה לניהול קופות גמל וקרנות השתלמות בע""מ",,,0,0,0,0,0,0,6,0,0.0,,,,
520027251,"קרנות השתלמות למורים ולגננות - חברה מנהלת בע""מ",,,0,0,0,0,0,0,6,0,0.0,,,,
520027715,"מנורה מבטחים והסתדרות המהנדסים ניהול קופות גמל בע""מ",,,0,0,0,0,0,0,7,0,0.0,,,,
520027954,"החברה לניהול קרן השתלמות לאקדמאים במדעי החברה והרוח בע""מ",,,0,0,0,0,0,0,5,0,0.0,,,,
520028390,"קרנות השתלמות למורים תיכוניים, מורי סמינרים ומפקחים - חברה מנהלת בע""מ",,,0,0,0,0,0,0,6,0,0.0,,,,
520028556,"החברה לניהול קרן ההשתלמות להנדסאים וטכנאים בע""מ",,,0,0,0,0,0,0,4,0,0.0,,,,
520028812,"החברה המנהלת של קרן הגמלאות של חברי ""דן"" בע""מ",,,0,0,0,0,0,0,0,0,,,,,
520028861,"החברה לניהול קרן השתלמות למשפטנים בע""מ",,,0,0,0,0,0,0,3,0,0.0,,,,
520029620,"החברה לניהול קרן השתלמות לביוכימאים  ומקרוביולוגים בע""מ",,,0,0,0,0,0,0,1,0,0.0,,,,
520030198,"ק.ה.ר - קרן השתלמות לרוקחים בע""מ",,,0,0,0,0,0,0,1,0,0.0,,,,
520030677,"איילון חברה לביטוח בע""מ",,,0,0,0,0,0,0,19,0,0.0,,,,
520030693,"שיבולת - חברה לניהול קופות גמל בע""מ",,,0,0,0,0,0,0,3,0,0.0,,,,
520030743,"החברה לניהול קרן השתלמות לשופטים בע""מ",,,0,0,0,0,0,0,1,0,0.0,,,,
520030941,"ק.ל.ע. - חברה לניהול קרן השתלמות לעובדים סוציאליים בע""מ",,,0,0,0,0,0,0,3,0,0.0,,,,
520030990,"החברה המנהלת של מינהל קרן ההשתלמות לפקידים עובדי המנהל והשירותים בע""מ",,,0,0,0,0,0,0,5,0,0.0,,,,
520031659,"עוצ""מ חברה לניהול קופות גמל והשתלמות בע""מ",,,0,0,0,0,0,0,1,0,0.0,,,,
520031824,"החברה המנהלת של רום קרן ההשתלמות לעובדי הרשויות המקומיות בע""מ",,,0,0,0,0,0,0,5,0,0.0,,,,
520032269,"החברה לניהול קרן ההשתלמות לעובדי המדינה בע""מ",,,0,0,0,0,0,0,6,0,0.0,,,,
520034968,"החברה המנהלת של קרן השתלמות של עובדי חברת החשמל לישראל בע""מ",,,0,0,0,0,0,0,2,0,0.0,,,,
520042177,"הכשרה חברה לביטוח בע""מ",,,0,0,0,0,0,0,30,0,0.0,,,,
520042540,"מנורה מבטחים ביטוח בע""מ",,,0,0,0,0,0,0,27,0,0.0,,,,
520042573,"עו""ס - חברה לניהול קופות גמל בע""מ",,,0,0,0,0,0,0,3,0,0.0,,,,
520042581,"עמ""י - חברה לניהול קופות גמל ענפיות בע""מ",,,0,0,0,0,0,0,10,0,0.0,,,,
520042607,"הנדסאים וטכנאים - חברה לניהול קופות גמל בע""מ",,,0,0,0,0,0,0,8,0,0.0,,,,
520042615,"מחר - חברה לניהול קופות גמל בע""מ",,,0,0,0,0,0,0,6,0,0.0,,,,
570002618,"תגמולים של עובדים בעירית ת""א-יפו א.ש. בע""מ",,,0,0,0,0,0,0,6,0,0.0,,,,
570005850,"קרן הביטוח והפנסיה של פועלי בנין ועבודות ציבוריות אגודה שיתופית בע""מ",,,0,0,0,0,0,0,1,0,0.0,,,,
570005959,"קופת""ג של עובדי עירית חיפה",,,0,0,0,0,0,0,3,0,0.0,,,,
570007476,"קרן ביטוח ופנסיה לפועלים חקלאים ובלתי מקצועיים בישראל אגודה שיתופית בע""מ",,,0,0,0,0,0,0,1,0,0.0,,,,
570009449,"עוצ""מ - אגודה שיתופית לניהול קופות גמל בע""מ",,,0,0,0,0,0,0,4,0,0.0,,,,
570009852,"קרן מקפת מרכז לפנסיה ותגמולים אגודה שיתופית בע""מ",,,0,0,0,0,0,0,1,0,0.0,,,,
570011767,"קופת תגמולים של עובדי אל על נתיבי אוויר לישראל בע""מ אגודה שיתופית",,,0,0,0,0,0,0,5,0,0.0,,,,
570014928,"קופת תגמולים של עובדי התעשיה האוירית לישראל בע""מ",,,0,0,0,0,0,0,5,0,0.0,,,,
