legal_id,key,track_no,ym,total,stocks,doc
510773922,9920,9920,2022-01,-1.779,-0.561,d70ddff8b8eb
510773922,9920,9920,2022-02,-0.652,-0.188,d70ddff8b8eb
510773922,9920,9920,2022-03,0.66,-0.209,d70ddff8b8eb
510773922,9920,9920,2022-04,-1.516,-0.45,d70ddff8b8eb
510773922,9920,9920,2022-05,-2.183,-1.341,d70ddff8b8eb
510773922,9920,9920,2022-06,-2.298,13.235,d70ddff8b8eb
510773922,9920,9920,2022-07,3.168,1.702,d70ddff8b8eb
510773922,9920,9920,2022-08,-0.949,0.237,d70ddff8b8eb
510773922,9920,9920,2022-09,-4.008,-2.071,d70ddff8b8eb
510773922,9920,9920,2022-10,1.587,0.866,d70ddff8b8eb
510773922,9920,9920,2022-11,1.169,-0.165,d70ddff8b8eb
510773922,9920,9920,2022-12,-1.881,-0.944,d70ddff8b8eb
510773922,9920,9920,2023-01,1.935,0.473,7ec1c363a452
510773922,9920,9920,2023-02,-1.165,-0.151,7ec1c363a452
510773922,9920,9920,2023-03,1.392,0.363,7ec1c363a452
510773922,9920,9920,2023-04,1.17,0.263,7ec1c363a452
510773922,9920,9920,2023-05,1.3,0.622,7ec1c363a452
510773922,9920,9920,2023-06,1.82,0.371,7ec1c363a452
510773922,9920,9920,2023-07,2.587,0.85,7ec1c363a452
510773922,9920,9920,2023-08,0.165,-0.008,7ec1c363a452
510773922,9920,9920,2023-09,-1.588,-0.203,7ec1c363a452
510773922,9920,9920,2023-10,-2.149,-1.172,7ec1c363a452
510773922,9920,9920,2023-11,2.973,0.887,7ec1c363a452
510773922,9920,9920,2023-12,2.16,0.821,7ec1c363a452
510773922,9920,9920,2024-01,0.623,0.227,a8933d9c33c5
510773922,9920,9920,2024-02,2.288,0.818,a8933d9c33c5
510773922,9920,9920,2024-03,1.564,0.569,a8933d9c33c5
510773922,9920,9920,2024-04,-1.278,-0.454,a8933d9c33c5
510773922,9920,9920,2024-05,1.365,0.527,a8933d9c33c5
510773922,9920,9920,2024-06,1.687,0.242,a8933d9c33c5
510773922,9920,9920,2024-07,0.456,-0.097,a8933d9c33c5
510773922,9920,9920,2024-08,0.378,0.092,a8933d9c33c5
510773922,9920,9920,2024-09,1.719,0.282,a8933d9c33c5
510773922,9920,9920,2024-10,0.228,0.323,a8933d9c33c5
510773922,9920,9920,2024-11,1.895,0.375,a8933d9c33c5
510773922,9920,9920,2024-12,0.394,0.568,a8933d9c33c5
510773922,9920,9920,2025-01,0.966,0.312,43fadab26549
510773922,9920,9920,2025-02,-0.157,-0.104,43fadab26549
510773922,9920,9920,2025-03,-1.293,-0.396,43fadab26549
510773922,9920,9920,2025-04,0.671,0.461,43fadab26549
510773922,9920,9920,2025-05,2.471,1.059,43fadab26549
510773922,9920,9920,2025-06,3.598,1.622,43fadab26549
510773922,9920,9920,2025-07,1.532,0.567,43fadab26549
510773922,9920,9920,2025-08,0.905,0.09,43fadab26549
510773922,9920,9920,2025-09,2.075,0.899,43fadab26549
510773922,9920,9920,2025-10,1.486,0.543,43fadab26549
510773922,9920,9920,2025-11,0.845,0.356,43fadab26549
510773922,9920,9920,2025-12,1.19,0.652,43fadab26549
510773922,9920,9920,2026-01,2.283,1.672,557bfd864ee0
510773922,9920,9920,2026-02,0.833,0.465,557bfd864ee0
510773922,9920,9920,2026-03,-2.444,-0.75,557bfd864ee0
510773922,9920,9920,2026-04,3.829,1.673,557bfd864ee0
510773922,9920,9920,2026-05,1.996,0.226,557bfd864ee0
510773922,9920,9920,2026-06,-1.046,-0.96,557bfd864ee0
510773922,9921,9921,2022-01,-1.639,-0.471,17c791ea95e3
510773922,9921,9921,2022-02,-0.819,-0.056,17c791ea95e3
510773922,9921,9921,2022-03,0.242,-0.047,17c791ea95e3
510773922,9921,9921,2022-04,-0.99,-0.358,17c791ea95e3
510773922,9921,9921,2022-05,-1.657,-0.87,17c791ea95e3
510773922,9921,9921,2022-06,-0.9,-0.629,17c791ea95e3
510773922,9921,9921,2022-07,2.098,1.142,17c791ea95e3
510773922,9921,9921,2022-08,-1.177,0.008,17c791ea95e3
510773922,9921,9921,2022-09,-2.556,-1.318,17c791ea95e3
510773922,9921,9921,2022-10,1.166,0.546,17c791ea95e3
510773922,9921,9921,2022-11,0.935,-0.02,17c791ea95e3
510773922,9921,9921,2022-12,-1.171,-0.618,17c791ea95e3
510773922,9921,9921,2023-01,1.629,0.348,eb2429b6afee
510773922,9921,9921,2023-02,-0.722,-0.068,eb2429b6afee
510773922,9921,9921,2023-03,0.993,0.197,eb2429b6afee
510773922,9921,9921,2023-04,1.04,0.243,eb2429b6afee
510773922,9921,9921,2023-05,1.31,0.47,eb2429b6afee
510773922,9921,9921,2023-06,1.34,0.252,eb2429b6afee
510773922,9921,9921,2023-07,1.869,0.581,eb2429b6afee
510773922,9921,9921,2023-08,0.301,-0.005,eb2429b6afee
510773922,9921,9921,2023-09,-1.188,-0.142,eb2429b6afee
510773922,9921,9921,2023-10,-1.247,-0.804,eb2429b6afee
510773922,9921,9921,2023-11,2.272,0.631,eb2429b6afee
510773922,9921,9921,2023-12,1.725,0.594,eb2429b6afee
510773922,9921,9921,2024-01,0.45,0.185,197286394d2d
510773922,9921,9921,2024-02,1.576,0.633,197286394d2d
510773922,9921,9921,2024-03,1.518,0.4,197286394d2d
510773922,9921,9921,2024-04,-0.961,-0.327,197286394d2d
510773922,9921,9921,2024-05,0.774,0.311,197286394d2d
510773922,9921,9921,2024-06,1.169,0.121,197286394d2d
510773922,9921,9921,2024-07,0.709,0.06,197286394d2d
510773922,9921,9921,2024-08,0.387,0.069,197286394d2d
510773922,9921,9921,2024-09,1.34,0.194,197286394d2d
510773922,9921,9921,2024-10,0.187,0.229,197286394d2d
510773922,9921,9921,2024-11,1.447,0.269,197286394d2d
510773922,9921,9921,2024-12,0.333,0.374,197286394d2d
510773922,9921,9921,2025-01,0.682,0.227,f486e094d559
510773922,9921,9921,2025-02,0.017,-0.056,f486e094d559
510773922,9921,9921,2025-03,-0.549,-0.255,f486e094d559
510773922,9921,9921,2025-04,0.599,0.289,f486e094d559
510773922,9921,9921,2025-05,1.019,0.679,f486e094d559
510773922,9921,9921,2025-06,2.576,1.125,f486e094d559
510773922,9921,9921,2025-07,0.944,0.406,f486e094d559
510773922,9921,9921,2025-08,0.732,0.047,f486e094d559
510773922,9921,9921,2025-09,1.52,0.597,f486e094d559
510773922,9921,9921,2025-10,1.12,0.406,f486e094d559
510773922,9921,9921,2025-11,0.638,0.263,f486e094d559
510773922,9921,9921,2025-12,0.692,0.465,f486e094d559
510773922,9921,9921,2026-01,1.648,1.206,0a5aeba91729
510773922,9921,9921,2026-02,0.53,0.337,0a5aeba91729
510773922,9921,9921,2026-03,-1.709,-0.502,0a5aeba91729
510773922,9921,9921,2026-04,2.426,1.122,0a5aeba91729
510773922,9921,9921,2026-05,1.683,0.183,0a5aeba91729
510773922,9921,9921,2026-06,-0.305,-0.56,0a5aeba91729
510773922,9922,9922,2022-01,-2.14,-0.263,a106ef1b12e2
510773922,9922,9922,2022-02,-1.084,-0.106,a106ef1b12e2
510773922,9922,9922,2022-03,0.218,-0.068,a106ef1b12e2
510773922,9922,9922,2022-04,-1.992,-0.505,a106ef1b12e2
510773922,9922,9922,2022-05,-2.678,-1.704,a106ef1b12e2
510773922,9922,9922,2022-06,-3.031,-1.287,a106ef1b12e2
510773922,9922,9922,2022-07,4.262,2.131,a106ef1b12e2
510773922,9922,9922,2022-08,-1.326,0.221,a106ef1b12e2
510773922,9922,9922,2022-09,-5.096,-2.439,a106ef1b12e2
510773922,9922,9922,2022-10,2.779,1.139,a106ef1b12e2
510773922,9922,9922,2022-11,1.525,-0.279,a106ef1b12e2
510773922,9922,9922,2022-12,-2.368,-1.111,a106ef1b12e2
510773922,9922,9922,2023-01,2.712,0.474,edfe893b5c04
510773922,9922,9922,2023-02,-1.066,-0.225,edfe893b5c04
510773922,9922,9922,2023-03,1.189,0.335,edfe893b5c04
510773922,9922,9922,2023-04,1.634,0.452,edfe893b5c04
510773922,9922,9922,2023-05,1.407,0.836,edfe893b5c04
510773922,9922,9922,2023-06,2.221,0.4,edfe893b5c04
510773922,9922,9922,2023-07,3.128,0.985,edfe893b5c04
510773922,9922,9922,2023-08,-0.276,-0.032,edfe893b5c04
510773922,9922,9922,2023-09,-2.006,-0.24,edfe893b5c04
510773922,9922,9922,2023-10,-2.628,-1.314,edfe893b5c04
510773922,9922,9922,2023-11,4.172,1.053,edfe893b5c04
510773922,9922,9922,2023-12,2.71365,0.887,edfe893b5c04
510773922,9922,9922,2024-01,0.744,0.286,e6cecaa3b392
510773922,9922,9922,2024-02,2.784,0.99,e6cecaa3b392
510773922,9922,9922,2024-03,2.473,0.609,e6cecaa3b392
510773922,9922,9922,2024-04,-1.774,-0.53,e6cecaa3b392
510773922,9922,9922,2024-05,1.646,0.464,e6cecaa3b392
510773922,9922,9922,2024-06,1.811,0.263,e6cecaa3b392
510773922,9922,9922,2024-07,0.518,-0.067,e6cecaa3b392
510773922,9922,9922,2024-08,0.573,0.082,e6cecaa3b392
510773922,9922,9922,2024-09,2.028,0.338,e6cecaa3b392
510773922,9922,9922,2024-10,0.262,0.361,e6cecaa3b392
510773922,9922,9922,2024-11,2.15,0.415,e6cecaa3b392
510773922,9922,9922,2024-12,0.548,0.648,e6cecaa3b392
510773922,9922,9922,2025-01,1.383,0.357,5189976749ce
510773922,9922,9922,2025-02,-0.399,-0.152,5189976749ce
510773922,9922,9922,2025-03,-1.717,-0.459,5189976749ce
510773922,9922,9922,2025-04,0.711,0.47,5189976749ce
510773922,9922,9922,2025-05,2.811,1.085,5189976749ce
510773922,9922,9922,2025-06,4.295,1.759,5189976749ce
510773922,9922,9922,2025-07,1.682,0.628,5189976749ce
510773922,9922,9922,2025-08,0.722,0.033,5189976749ce
510773922,9922,9922,2025-09,2.511,0.975,5189976749ce
510773922,9922,9922,2025-10,1.798,0.643,5189976749ce
510773922,9922,9922,2025-11,0.84,0.328,5189976749ce
510773922,9922,9922,2025-12,1.184,0.609,5189976749ce
510773922,9922,9922,2026-01,2.723,1.654,e72086170840
510773922,9922,9922,2026-02,0.767,0.472,e72086170840
510773922,9922,9922,2026-03,-2.894,-0.783,e72086170840
510773922,9922,9922,2026-04,4.503,1.699,e72086170840
510773922,9922,9922,2026-05,2.15,0.25,e72086170840
510773922,9922,9922,2026-06,-1.369,-0.91,e72086170840
510960586,1182,1182,2025-01,1.05,0.35,dd270ead3dee
510960586,1182,1182,2025-02,-0.27,-0.04,dd270ead3dee
510960586,1182,1182,2025-03,0.15,-0.26,dd270ead3dee
510960586,1182,1182,2025-04,-0.39,0.15,dd270ead3dee
510960586,1182,1182,2025-05,1.46,0.85,dd270ead3dee
510960586,1182,1182,2025-06,1.93,1.21,dd270ead3dee
510960586,1182,1182,2025-07,1.3,0.68,dd270ead3dee
510960586,1182,1182,2025-08,0.68,0.14,dd270ead3dee
510960586,1182,1182,2025-09,1.91,0.65,dd270ead3dee
510960586,1182,1182,2025-10,1.0,0.52,dd270ead3dee
510960586,1182,1182,2025-11,1.22,0.54,dd270ead3dee
510960586,1182,1182,2025-12,0.75,0.57,dd270ead3dee
510960586,1182,1182,2026-01,1.6,0.91,7544b200c5de
510960586,1182,1182,2026-02,0.65,0.31,7544b200c5de
510960586,1182,1182,2026-03,-1.97,-0.31,7544b200c5de
510960586,1182,1182,2026-04,4.22,2.08,7544b200c5de
510960586,1182,1182,2026-05,2.34,1.19,7544b200c5de
510960586,1182,1182,2026-06,-0.35,-1.22,7544b200c5de
510960586,12905,12905,2025-01,1.0,0.45,4cd59788a5a7
510960586,12905,12905,2025-02,-0.11,0.02,4cd59788a5a7
510960586,12905,12905,2025-03,0.17,-0.04,4cd59788a5a7
510960586,12905,12905,2025-04,-0.09,0.25,4cd59788a5a7
510960586,12905,12905,2025-05,1.37,0.85,4cd59788a5a7
510960586,12905,12905,2025-06,1.85,1.18,4cd59788a5a7
510960586,12905,12905,2025-07,1.29,0.65,4cd59788a5a7
510960586,12905,12905,2025-08,0.67,0.18,4cd59788a5a7
510960586,12905,12905,2025-09,1.48,0.64,4cd59788a5a7
510960586,12905,12905,2025-10,1.2,0.53,4cd59788a5a7
510960586,12905,12905,2025-11,0.98,0.71,4cd59788a5a7
510960586,12905,12905,2025-12,0.62,0.54,4cd59788a5a7
510960586,12905,12905,2026-01,1.76,0.97,86a46484e973
510960586,12905,12905,2026-02,0.63,0.22,86a46484e973
510960586,12905,12905,2026-03,-2.19,-0.27,86a46484e973
510960586,12905,12905,2026-04,4.06,2.12,86a46484e973
510960586,12905,12905,2026-05,2.44,1.21,86a46484e973
510960586,12905,12905,2026-06,-0.19,-1.23,86a46484e973
510960586,13680,13680,2025-01,1.78,0.69,1851884789ca
510960586,13680,13680,2025-02,-1.18,0.05,1851884789ca
510960586,13680,13680,2025-03,-0.14,-0.19,1851884789ca
510960586,13680,13680,2025-04,-0.4,0.5,1851884789ca
510960586,13680,13680,2025-05,3.44,1.57,1851884789ca
510960586,13680,13680,2025-06,2.97,2.25,1851884789ca
510960586,13680,13680,2025-07,2.09,1.17,1851884789ca
510960586,13680,13680,2025-08,1.09,0.37,1851884789ca
510960586,13680,13680,2025-09,3.09,1.16,1851884789ca
510960586,13680,13680,2025-10,2.0,0.91,1851884789ca
510960586,13680,13680,2025-11,1.6,1.39,1851884789ca
510960586,13680,13680,2025-12,1.41,1.1,1851884789ca
510960586,13680,13680,2026-01,4.23,2.47,e3ae48b489c1
510960586,13680,13680,2026-02,1.13,0.78,e3ae48b489c1
510960586,13680,13680,2026-03,-3.87,-0.53,e3ae48b489c1
510960586,13680,13680,2026-04,8.22,3.96,e3ae48b489c1
510960586,13680,13680,2026-05,4.97,2.85,e3ae48b489c1
510960586,13680,13680,2026-06,-1.28,-2.38,e3ae48b489c1
510960586,14769,14769,2025-01,1.81,0.63,56f67d6ab775
510960586,14769,14769,2025-02,-1.07,0.06,56f67d6ab775
510960586,14769,14769,2025-03,-0.42,-0.2,56f67d6ab775
510960586,14769,14769,2025-04,-0.45,0.48,56f67d6ab775
510960586,14769,14769,2025-05,3.49,1.39,56f67d6ab775
510960586,14769,14769,2025-06,3.02,2.0,56f67d6ab775
510960586,14769,14769,2025-07,2.13,1.06,56f67d6ab775
510960586,14769,14769,2025-08,0.99,0.38,56f67d6ab775
510960586,14769,14769,2025-09,3.09,1.07,56f67d6ab775
510960586,14769,14769,2025-10,2.14,0.79,56f67d6ab775
510960586,14769,14769,2025-11,1.21,1.23,56f67d6ab775
510960586,14769,14769,2025-12,1.39,1.01,56f67d6ab775
510960586,14769,14769,2026-01,4.22,2.44,6dfef07c5abb
510960586,14769,14769,2026-02,1.16,0.97,6dfef07c5abb
510960586,14769,14769,2026-03,-4.18,-0.47,6dfef07c5abb
510960586,14769,14769,2026-04,8.21,3.69,6dfef07c5abb
510960586,14769,14769,2026-05,4.94,2.74,6dfef07c5abb
510960586,14769,14769,2026-06,-1.73,-2.5,6dfef07c5abb
510960586,15416,15416,2025-01,1.1,0.0,a7eed7a163a9
510960586,15416,15416,2025-02,-2.66,0.0,a7eed7a163a9
510960586,15416,15416,2025-03,-2.34,0.0,a7eed7a163a9
510960586,15416,15416,2025-04,-2.6,0.0,a7eed7a163a9
510960586,15416,15416,2025-05,3.38,0.0,a7eed7a163a9
510960586,15416,15416,2025-06,0.59,0.0,a7eed7a163a9
510960586,15416,15416,2025-07,3.29,0.0,a7eed7a163a9
510960586,15416,15416,2025-08,-0.4,0.0,a7eed7a163a9
510960586,15416,15416,2025-09,2.27,0.0,a7eed7a163a9
510960586,15416,15416,2025-10,1.21,0.0,a7eed7a163a9
510960586,15416,15416,2025-11,0.15,0.0,a7eed7a163a9
510960586,15416,15416,2025-12,-1.66,0.0,a7eed7a163a9
510960586,15416,15416,2026-01,-2.1,0.0,ebf6587edb5c
510960586,15416,15416,2026-02,0.83,0.0,ebf6587edb5c
510960586,15416,15416,2026-03,-4.88,0.0,ebf6587edb5c
510960586,15416,15416,2026-04,3.28,0.0,ebf6587edb5c
510960586,15416,15416,2026-05,0.8,0.0,ebf6587edb5c
510960586,15416,15416,2026-06,4.6,0.0,ebf6587edb5c
510960586,7228,7228,2025-01,1.05,0.36,23c216d29233
510960586,7228,7228,2025-02,-0.36,-0.06,23c216d29233
510960586,7228,7228,2025-03,0.07,-0.39,23c216d29233
510960586,7228,7228,2025-04,-0.65,0.18,23c216d29233
510960586,7228,7228,2025-05,1.52,0.91,23c216d29233
510960586,7228,7228,2025-06,1.96,1.28,23c216d29233
510960586,7228,7228,2025-07,1.31,0.67,23c216d29233
510960586,7228,7228,2025-08,0.57,0.07,23c216d29233
510960586,7228,7228,2025-09,1.91,0.62,23c216d29233
510960586,7228,7228,2025-10,0.99,0.53,23c216d29233
510960586,7228,7228,2025-11,1.2,0.71,23c216d29233
510960586,7228,7228,2025-12,0.71,0.52,23c216d29233
510960586,7228,7228,2026-01,1.7,0.85,1b222a4c9aca
510960586,7228,7228,2026-02,0.66,0.29,1b222a4c9aca
510960586,7228,7228,2026-03,-1.98,-0.28,1b222a4c9aca
510960586,7228,7228,2026-04,4.11,2.05,1b222a4c9aca
510960586,7228,7228,2026-05,2.35,1.17,1b222a4c9aca
510960586,7228,7228,2026-06,-0.31,-1.14,1b222a4c9aca
510960586,7229,7229,2025-01,0.76,0.27,5cceccb08acc
510960586,7229,7229,2025-02,0.11,-0.06,5cceccb08acc
510960586,7229,7229,2025-03,-0.41,-0.52,5cceccb08acc
510960586,7229,7229,2025-04,-0.31,0.07,5cceccb08acc
510960586,7229,7229,2025-05,0.77,0.59,5cceccb08acc
510960586,7229,7229,2025-06,1.63,0.83,5cceccb08acc
510960586,7229,7229,2025-07,0.98,0.5,5cceccb08acc
510960586,7229,7229,2025-08,0.68,0.07,5cceccb08acc
510960586,7229,7229,2025-09,1.24,0.48,5cceccb08acc
510960586,7229,7229,2025-10,1.01,0.41,5cceccb08acc
510960586,7229,7229,2025-11,0.77,0.45,5cceccb08acc
510960586,7229,7229,2025-12,0.33,0.34,5cceccb08acc
510960586,7229,7229,2026-01,1.03,0.59,9f681545f53d
510960586,7229,7229,2026-02,0.62,0.22,9f681545f53d
510960586,7229,7229,2026-03,-1.41,-0.25,9f681545f53d
510960586,7229,7229,2026-04,2.36,1.28,9f681545f53d
510960586,7229,7229,2026-05,1.89,1.03,9f681545f53d
510960586,7229,7229,2026-06,0.4,-0.39,9f681545f53d
510960586,969,969,2025-01,1.03,0.37,afe3242e3cfe
510960586,969,969,2025-02,-0.26,-0.04,afe3242e3cfe
510960586,969,969,2025-03,-0.25,-0.6,afe3242e3cfe
510960586,969,969,2025-04,0.08,0.27,afe3242e3cfe
510960586,969,969,2025-05,1.6,1.11,afe3242e3cfe
510960586,969,969,2025-06,2.23,1.52,afe3242e3cfe
510960586,969,969,2025-07,1.64,0.77,afe3242e3cfe
510960586,969,969,2025-08,0.56,0.2,afe3242e3cfe
510960586,969,969,2025-09,2.05,0.65,afe3242e3cfe
510960586,969,969,2025-10,0.91,0.59,afe3242e3cfe
510960586,969,969,2025-11,1.07,0.72,afe3242e3cfe
510960586,969,969,2025-12,0.76,0.55,afe3242e3cfe
510960586,969,969,2026-01,1.66,1.01,d2999d04b601
510960586,969,969,2026-02,0.69,0.34,d2999d04b601
510960586,969,969,2026-03,-1.47,-0.45,d2999d04b601
510960586,969,969,2026-04,4.36,2.47,d2999d04b601
510960586,969,969,2026-05,2.44,1.52,d2999d04b601
510960586,969,969,2026-06,-0.36,-1.23,d2999d04b601
510960586,9817,9817,2025-01,0.75,0.07,7620983d0cf2
510960586,9817,9817,2025-02,0.24,0.12,7620983d0cf2
510960586,9817,9817,2025-03,-0.64,0.06,7620983d0cf2
510960586,9817,9817,2025-04,0.18,0.09,7620983d0cf2
510960586,9817,9817,2025-05,1.75,0.33,7620983d0cf2
510960586,9817,9817,2025-06,1.76,0.32,7620983d0cf2
510960586,9817,9817,2025-07,1.0,-0.06,7620983d0cf2
510960586,9817,9817,2025-08,0.68,0.17,7620983d0cf2
510960586,9817,9817,2025-09,1.6,0.12,7620983d0cf2
510960586,9817,9817,2025-10,1.19,0.03,7620983d0cf2
510960586,9817,9817,2025-11,0.74,0.39,7620983d0cf2
510960586,9817,9817,2025-12,0.8,0.24,7620983d0cf2
510960586,9817,9817,2026-01,1.21,0.09,e3930bcb2ff6
510960586,9817,9817,2026-02,0.54,-0.24,e3930bcb2ff6
510960586,9817,9817,2026-03,-2.63,-0.24,e3930bcb2ff6
510960586,9817,9817,2026-04,3.78,0.56,e3930bcb2ff6
510960586,9817,9817,2026-05,2.18,0.32,e3930bcb2ff6
510960586,9817,9817,2026-06,-0.66,-0.68,e3930bcb2ff6
511033060,13649,13649,2023-01,3.56152,0.0,157e1ca56389
511033060,13649,13649,2023-02,4.50583,0.0,157e1ca56389
511033060,13649,13649,2023-03,-0.23571,0.0,157e1ca56389
511033060,13649,13649,2023-04,3.7805,0.0,157e1ca56389
511033060,13649,13649,2023-05,3.5962,0.0,157e1ca56389
511033060,13649,13649,2023-06,4.08071,0.0,157e1ca56389
511033060,13649,13649,2023-07,4.00954,0.0,157e1ca56389
511033060,13649,13649,2023-08,2.51652,0.0,157e1ca56389
511033060,13649,13649,2023-09,-4.499,0.0,157e1ca56389
511033060,13649,13649,2023-10,2.27566,0.0,157e1ca56389
511033060,13649,13649,2023-11,1.16777,0.0,157e1ca56389
511033060,13649,13649,2023-12,2.09352,0.0,157e1ca56389
511033060,13649,13649,2024-01,3.07355,0.0,b771a70d0ae1
511033060,13649,13649,2024-02,2.14119,0.0,b771a70d0ae1
511033060,13649,13649,2024-03,6.55437,0.0,b771a70d0ae1
511033060,13649,13649,2024-04,-1.33808,0.0,b771a70d0ae1
511033060,13649,13649,2024-05,2.13767,0.0,b771a70d0ae1
511033060,13649,13649,2024-06,5.67868,0.0,b771a70d0ae1
511033060,13649,13649,2024-07,1.06236,0.0,b771a70d0ae1
511033060,13649,13649,2024-08,-0.90057,0.0,b771a70d0ae1
511033060,13649,13649,2024-09,3.86921,0.0,b771a70d0ae1
511033060,13649,13649,2024-10,-0.26611,0.0,b771a70d0ae1
511033060,13649,13649,2024-11,3.11328,0.0,b771a70d0ae1
511033060,13649,13649,2024-12,-1.58149,0.0,b771a70d0ae1
511033060,13649,13649,2025-01,1.0733,0.0,92facbf41296
511033060,13649,13649,2025-02,-3.38758,0.0,92facbf41296
511033060,13649,13649,2025-03,-1.18818,0.0,92facbf41296
511033060,13649,13649,2025-04,-2.62017,0.0,92facbf41296
511033060,13649,13649,2025-05,3.08849,0.0,92facbf41296
511033060,13649,13649,2025-06,0.85584,0.0,92facbf41296
511033060,13649,13649,2025-07,3.11448,0.0,92facbf41296
511033060,13649,13649,2025-08,-0.06075,0.0,92facbf41296
511033060,13649,13649,2025-09,2.65969,0.0,92facbf41296
511033060,13649,13649,2025-10,0.84408,0.0,92facbf41296
511033060,13649,13649,2025-11,0.38742,0.0,92facbf41296
511033060,13649,13649,2025-12,-1.85332,0.0,92facbf41296
511033060,13649,13649,2026-01,-1.63481,0.0,648a2154953e
511033060,13649,13649,2026-02,0.11919,0.0,648a2154953e
511033060,13649,13649,2026-03,-4.22694,0.0,648a2154953e
511033060,13649,13649,2026-04,3.22531,0.0,648a2154953e
511033060,13649,13649,2026-05,0.44639,0.0,648a2154953e
511033060,13649,13649,2026-06,4.72221,0.0,648a2154953e
511033060,1410,1410,2018-01,0.27206,-0.00515,d6ef71f84e0d
511033060,1410,1410,2018-02,-0.44295,0.0223,d6ef71f84e0d
511033060,1410,1410,2018-03,0.1946,0.02053,d6ef71f84e0d
511033060,1410,1410,2018-04,0.13537,0.02878,d6ef71f84e0d
511033060,1410,1410,2018-05,-0.18864,-0.00258,d6ef71f84e0d
511033060,1410,1410,2018-06,0.10513,0.04211,d6ef71f84e0d
511033060,1410,1410,2018-07,0.07114,0.02485,d6ef71f84e0d
511033060,1410,1410,2018-08,0.33369,0.00645,d6ef71f84e0d
511033060,1410,1410,2018-09,0.13592,0.023,d6ef71f84e0d
511033060,1410,1410,2018-10,-0.24064,0.04225,d6ef71f84e0d
511033060,1410,1410,2018-11,-0.30682,-0.00046,d6ef71f84e0d
511033060,1410,1410,2018-12,-0.37098,0.0567,d6ef71f84e0d
511033060,1410,1410,2019-01,1.10739,-0.03007,fce15bc18ed5
511033060,1410,1410,2019-02,0.57249,-0.03734,fce15bc18ed5
511033060,1410,1410,2019-03,0.6988,0.00894,fce15bc18ed5
511033060,1410,1410,2019-04,0.44939,-0.00443,fce15bc18ed5
511033060,1410,1410,2019-05,0.26735,0.01895,fce15bc18ed5
511033060,1410,1410,2019-06,0.67593,-0.0395,fce15bc18ed5
511033060,1410,1410,2019-07,0.57764,0.03892,fce15bc18ed5
511033060,1410,1410,2019-08,0.27148,0.01636,fce15bc18ed5
511033060,1410,1410,2019-09,0.19839,-0.02712,fce15bc18ed5
511033060,1410,1410,2019-10,0.479,0.03892,fce15bc18ed5
511033060,1410,1410,2019-11,0.09109,-0.02357,fce15bc18ed5
511033060,1410,1410,2019-12,0.16557,0.05163,fce15bc18ed5
511033060,1410,1410,2020-01,0.32425,-0.00288,71ff8541bfec
511033060,1410,1410,2020-02,0.30069,0.00765,71ff8541bfec
511033060,1410,1410,2020-03,-2.48736,-0.04766,71ff8541bfec
511033060,1410,1410,2020-04,2.46489,-0.00285,71ff8541bfec
511033060,1410,1410,2020-05,0.85531,0.00021,71ff8541bfec
511033060,1410,1410,2020-06,-0.51076,-0.00347,71ff8541bfec
511033060,1410,1410,2020-07,0.71896,0.00481,71ff8541bfec
511033060,1410,1410,2020-08,0.82287,-0.00481,71ff8541bfec
511033060,1410,1410,2020-09,-0.32399,0.0093,71ff8541bfec
511033060,1410,1410,2020-10,0.03657,0.00036,71ff8541bfec
511033060,1410,1410,2020-11,0.69036,-0.00665,71ff8541bfec
511033060,1410,1410,2020-12,0.43645,-0.01281,71ff8541bfec
511033060,1410,1410,2021-01,0.44037,0.01777,4978064abb65
511033060,1410,1410,2021-02,-0.65136,0.0094,4978064abb65
511033060,1410,1410,2021-03,0.41664,0.00482,4978064abb65
511033060,1410,1410,2021-04,0.27184,0.00525,4978064abb65
511033060,1410,1410,2021-05,0.56619,0.01516,4978064abb65
511033060,1410,1410,2021-06,0.45525,0.00144,4978064abb65
511033060,1410,1410,2021-07,0.46243,-0.0088,4978064abb65
511033060,1410,1410,2021-08,0.61536,0.0062,4978064abb65
511033060,1410,1410,2021-09,-0.1087,0.00588,4978064abb65
511033060,1410,1410,2021-10,0.44918,-0.00669,4978064abb65
511033060,1410,1410,2021-11,0.86828,-0.00272,4978064abb65
511033060,1410,1410,2021-12,-0.06392,0.03456,4978064abb65
511033060,1410,1410,2022-01,-1.24679,0.01762,a8427f2fe03a
511033060,1410,1410,2022-02,-1.32886,0.00673,a8427f2fe03a
511033060,1410,1410,2022-03,-0.07181,-0.00796,a8427f2fe03a
511033060,1410,1410,2022-04,-0.69653,0.01898,a8427f2fe03a
511033060,1410,1410,2022-05,-1.36004,0.01204,a8427f2fe03a
511033060,1410,1410,2022-06,0.18682,0.01959,a8427f2fe03a
511033060,1410,1410,2022-07,1.10097,-0.01732,a8427f2fe03a
511033060,1410,1410,2022-08,-1.06268,-0.01564,a8427f2fe03a
511033060,1410,1410,2022-09,-1.56596,0.02822,a8427f2fe03a
511033060,1410,1410,2022-10,-0.06993,-0.01603,a8427f2fe03a
511033060,1410,1410,2022-11,0.68614,-0.00936,a8427f2fe03a
511033060,1410,1410,2022-12,-0.3572,0.16536,a8427f2fe03a
511033060,1410,1410,2023-01,1.4319,-0.00364,157e1ca56389
511033060,1410,1410,2023-02,-1.81742,0.02978,157e1ca56389
511033060,1410,1410,2023-03,-0.31091,-0.01426,157e1ca56389
511033060,1410,1410,2023-04,0.65583,0.01363,157e1ca56389
511033060,1410,1410,2023-05,0.65673,0.00617,157e1ca56389
511033060,1410,1410,2023-06,0.1849,-0.04853,157e1ca56389
511033060,1410,1410,2023-07,-0.82382,-0.04548,157e1ca56389
511033060,1410,1410,2023-08,-0.24874,0.01258,157e1ca56389
511033060,1410,1410,2023-09,-0.82042,0.00581,157e1ca56389
511033060,1410,1410,2023-10,-1.36201,0.0313,157e1ca56389
511033060,1410,1410,2023-11,1.48948,-0.05472,157e1ca56389
511033060,1410,1410,2023-12,1.31182,-0.07314,157e1ca56389
511033060,1410,1410,2024-01,0.18619,0.002,b771a70d0ae1
511033060,1410,1410,2024-02,-0.40525,-0.00473,b771a70d0ae1
511033060,1410,1410,2024-03,0.78229,0.0178,b771a70d0ae1
511033060,1410,1410,2024-04,-0.38879,0.01562,b771a70d0ae1
511033060,1410,1410,2024-05,-0.09743,-0.00013,b771a70d0ae1
511033060,1410,1410,2024-06,0.40357,0.00171,b771a70d0ae1
511033060,1410,1410,2024-07,0.92792,0.00521,b771a70d0ae1
511033060,1410,1410,2024-08,1.49549,-0.02345,b771a70d0ae1
511033060,1410,1410,2024-09,0.58749,0.01664,b771a70d0ae1
511033060,1410,1410,2024-10,0.17462,-0.01004,b771a70d0ae1
511033060,1410,1410,2024-11,0.54139,-0.02013,b771a70d0ae1
511033060,1410,1410,2024-12,0.00777,-0.15503,b771a70d0ae1
511033060,1410,1410,2025-01,0.3317,-0.01157,92facbf41296
511033060,1410,1410,2025-02,0.54955,0.00533,92facbf41296
511033060,1410,1410,2025-03,-0.32401,-0.07994,92facbf41296
511033060,1410,1410,2025-04,0.63162,0.0654,92facbf41296
511033060,1410,1410,2025-05,0.2632,0.0794,92facbf41296
511033060,1410,1410,2025-06,1.47177,0.15136,92facbf41296
511033060,1410,1410,2025-07,0.36979,-0.00951,92facbf41296
511033060,1410,1410,2025-08,0.53949,0.01311,92facbf41296
511033060,1410,1410,2025-09,0.97182,0.17382,92facbf41296
511033060,1410,1410,2025-10,0.97271,0.05675,92facbf41296
511033060,1410,1410,2025-11,-0.07322,0.00144,92facbf41296
511033060,1410,1410,2025-12,0.07383,0.02414,92facbf41296
511033060,1410,1410,2026-01,0.49658,0.11682,648a2154953e
511033060,1410,1410,2026-02,0.44666,0.02916,648a2154953e
511033060,1410,1410,2026-03,-1.04029,-0.08629,648a2154953e
511033060,1410,1410,2026-04,1.23941,0.13395,648a2154953e
511033060,1410,1410,2026-05,0.53159,0.07705,648a2154953e
511033060,1410,1410,2026-06,0.12312,-0.38494,648a2154953e
511033060,1411,1411,2023-01,3.92968,0.49959,157e1ca56389
511033060,1411,1411,2023-02,-2.36475,-1.63875,157e1ca56389
511033060,1411,1411,2023-03,0.11981,-0.22642,157e1ca56389
511033060,1411,1411,2023-04,2.32768,0.65018,157e1ca56389
511033060,1411,1411,2023-05,0.36971,0.31063,157e1ca56389
511033060,1411,1411,2023-06,3.34443,0.86614,157e1ca56389
511033060,1411,1411,2023-07,4.80256,2.20079,157e1ca56389
511033060,1411,1411,2023-08,-1.80845,-0.77593,157e1ca56389
511033060,1411,1411,2023-09,-2.26729,-0.1738,157e1ca56389
511033060,1411,1411,2023-10,-5.26737,-4.04266,157e1ca56389
511033060,1411,1411,2023-11,5.85376,2.65142,157e1ca56389
511033060,1411,1411,2023-12,3.99154,1.92301,157e1ca56389
511033060,1411,1411,2024-01,-0.24713,-0.49212,b771a70d0ae1
511033060,1411,1411,2024-02,4.3948,2.24886,b771a70d0ae1
511033060,1411,1411,2024-03,3.97411,1.41122,b771a70d0ae1
511033060,1411,1411,2024-04,-3.17319,-1.37176,b771a70d0ae1
511033060,1411,1411,2024-05,2.16927,0.29816,b771a70d0ae1
511033060,1411,1411,2024-06,0.65801,-0.66861,b771a70d0ae1
511033060,1411,1411,2024-07,2.15503,0.97226,b771a70d0ae1
511033060,1411,1411,2024-08,1.59776,1.1659,b771a70d0ae1
511033060,1411,1411,2024-09,2.82745,0.88069,b771a70d0ae1
511033060,1411,1411,2024-10,0.18992,1.34711,b771a70d0ae1
511033060,1411,1411,2024-11,3.42696,1.58672,b771a70d0ae1
511033060,1411,1411,2024-12,0.6325,1.99549,b771a70d0ae1
511033060,1411,1411,2025-01,2.64194,0.89939,92facbf41296
511033060,1411,1411,2025-02,-1.081,0.17201,92facbf41296
511033060,1411,1411,2025-03,-2.35537,-1.08845,92facbf41296
511033060,1411,1411,2025-04,1.00339,1.32501,92facbf41296
511033060,1411,1411,2025-05,5.22955,2.27559,92facbf41296
511033060,1411,1411,2025-06,5.38342,3.39399,92facbf41296
511033060,1411,1411,2025-07,1.56929,0.60438,92facbf41296
511033060,1411,1411,2025-08,1.51065,0.41702,92facbf41296
511033060,1411,1411,2025-09,3.85219,1.61503,92facbf41296
511033060,1411,1411,2025-10,2.60916,1.22683,92facbf41296
511033060,1411,1411,2025-11,1.88716,1.52908,92facbf41296
511033060,1411,1411,2025-12,1.95777,1.51611,92facbf41296
511033060,1411,1411,2026-01,5.00471,2.65793,648a2154953e
511033060,1411,1411,2026-02,1.0847,0.26931,648a2154953e
511033060,1411,1411,2026-03,-4.73977,-1.17009,648a2154953e
511033060,1411,1411,2026-04,9.21614,3.62718,648a2154953e
511033060,1411,1411,2026-05,4.1331,1.17049,648a2154953e
511033060,1411,1411,2026-06,-2.20911,-2.09181,648a2154953e
511033060,14274,14274,2023-01,5.51548,-0.73205,157e1ca56389
511033060,14274,14274,2023-02,-2.79984,1.17949,157e1ca56389
511033060,14274,14274,2023-03,1.44709,-1.71063,157e1ca56389
511033060,14274,14274,2023-04,0.63616,1.27796,157e1ca56389
511033060,14274,14274,2023-05,-2.157,-0.41262,157e1ca56389
511033060,14274,14274,2023-06,3.59999,2.98168,157e1ca56389
511033060,14274,14274,2023-07,5.36027,4.03744,157e1ca56389
511033060,14274,14274,2023-08,-4.76903,-1.50669,157e1ca56389
511033060,14274,14274,2023-09,-5.44376,-3.61327,157e1ca56389
511033060,14274,14274,2023-10,-6.57794,-3.72252,157e1ca56389
511033060,14274,14274,2023-11,0.19508,-4.05138,157e1ca56389
511033060,14274,14274,2023-12,6.4021,3.27992,157e1ca56389
511033060,14274,14274,2024-01,-4.31172,-0.51065,b771a70d0ae1
511033060,14274,14274,2024-02,1.90751,0.42913,b771a70d0ae1
511033060,14274,14274,2024-03,3.72893,2.86058,b771a70d0ae1
511033060,14274,14274,2024-04,-2.49226,-0.47825,b771a70d0ae1
511033060,14274,14274,2024-05,5.20906,2.39533,b771a70d0ae1
511033060,14274,14274,2024-06,-1.64697,0.64088,b771a70d0ae1
511033060,14274,14274,2024-07,1.65397,-0.46095,b771a70d0ae1
511033060,14274,14274,2024-08,1.07246,0.49509,b771a70d0ae1
511033060,14274,14274,2024-09,0.96696,-0.71941,b771a70d0ae1
511033060,14274,14274,2024-10,-5.67729,-2.68388,b771a70d0ae1
511033060,14274,14274,2024-11,-1.51043,-0.84679,b771a70d0ae1
511033060,14274,14274,2024-12,-5.88166,-2.50611,b771a70d0ae1
511033060,14274,14274,2025-01,0.47418,-0.20681,92facbf41296
511033060,14274,14274,2025-02,-0.09585,-0.28199,92facbf41296
511033060,14274,14274,2025-03,-1.45821,0.16267,92facbf41296
511033060,14274,14274,2025-04,0.08757,-0.13451,92facbf41296
511033060,14274,14274,2025-05,3.18651,-0.00479,92facbf41296
511033060,14274,14274,2025-06,0.94235,-1.50988,92facbf41296
511033060,14274,14274,2025-07,2.1386,0.89384,92facbf41296
511033060,14274,14274,2025-08,2.09806,-0.55557,92facbf41296
511033060,14274,14274,2025-09,1.51748,0.33727,92facbf41296
511033060,14274,14274,2025-10,2.20649,0.77617,92facbf41296
511033060,14274,14274,2025-11,2.64091,2.09163,92facbf41296
511033060,14274,14274,2025-12,-1.05134,-0.27134,92facbf41296
511033060,14274,14274,2026-01,3.14921,-1.2416,648a2154953e
511033060,14274,14274,2026-02,1.70754,0.61473,648a2154953e
511033060,14274,14274,2026-03,-4.86227,-1.14919,648a2154953e
511033060,14274,14274,2026-04,2.88919,-2.32615,648a2154953e
511033060,14274,14274,2026-05,3.02691,1.48333,648a2154953e
511033060,14274,14274,2026-06,-0.31326,2.36992,648a2154953e
511033060,15304,15304,2024-07,0.26726,0.0,b771a70d0ae1
511033060,15304,15304,2024-08,0.33616,0.0,b771a70d0ae1
511033060,15304,15304,2024-09,0.36323,0.0,b771a70d0ae1
511033060,15304,15304,2024-10,0.36269,0.0,b771a70d0ae1
511033060,15304,15304,2024-11,0.31689,0.0,b771a70d0ae1
511033060,15304,15304,2024-12,0.46406,0.0,b771a70d0ae1
511033060,15304,15304,2025-01,0.35437,0.0,92facbf41296
511033060,15304,15304,2025-02,0.32364,0.0,92facbf41296
511033060,15304,15304,2025-03,0.40051,0.0,92facbf41296
511033060,15304,15304,2025-04,0.3629,0.0,92facbf41296
511033060,15304,15304,2025-05,0.35163,0.0,92facbf41296
511033060,15304,15304,2025-06,0.43727,0.0,92facbf41296
511033060,15304,15304,2025-07,0.3739,0.0,92facbf41296
511033060,15304,15304,2025-08,0.40302,0.0,92facbf41296
511033060,15304,15304,2025-09,0.37742,0.0,92facbf41296
511033060,15304,15304,2025-10,0.37617,0.0,92facbf41296
511033060,15304,15304,2025-11,0.3702,0.0,92facbf41296
511033060,15304,15304,2025-12,0.36783,0.0,92facbf41296
511033060,15304,15304,2026-01,0.37117,0.0,648a2154953e
511033060,15304,15304,2026-02,0.30214,0.0,648a2154953e
511033060,15304,15304,2026-03,0.27004,0.0,648a2154953e
511033060,15304,15304,2026-04,0.34873,0.0,648a2154953e
511033060,15304,15304,2026-05,0.37387,0.0,648a2154953e
511033060,15304,15304,2026-06,0.39954,0.0,648a2154953e
511033060,15305,15305,2024-07,0.80562,0.7335,b771a70d0ae1
511033060,15305,15305,2024-08,4.03408,3.75422,b771a70d0ae1
511033060,15305,15305,2024-09,2.16222,1.94728,b771a70d0ae1
511033060,15305,15305,2024-10,4.4272,4.01719,b771a70d0ae1
511033060,15305,15305,2024-11,4.53273,4.0761,b771a70d0ae1
511033060,15305,15305,2024-12,5.73501,5.21981,b771a70d0ae1
511033060,15305,15305,2025-01,2.72663,2.35158,92facbf41296
511033060,15305,15305,2025-02,1.58012,1.36607,92facbf41296
511033060,15305,15305,2025-03,-3.13538,-3.11014,92facbf41296
511033060,15305,15305,2025-04,4.86202,4.45699,92facbf41296
511033060,15305,15305,2025-05,6.91542,6.1148,92facbf41296
511033060,15305,15305,2025-06,10.4402,9.51985,92facbf41296
511033060,15305,15305,2025-07,1.33859,1.16302,92facbf41296
511033060,15305,15305,2025-08,1.39994,1.21694,92facbf41296
511033060,15305,15305,2025-09,4.108,3.65916,92facbf41296
511033060,15305,15305,2025-10,2.87653,2.61126,92facbf41296
511033060,15305,15305,2025-11,4.73045,4.0416,92facbf41296
511033060,15305,15305,2025-12,4.68941,4.15065,92facbf41296
511033060,15305,15305,2026-01,7.84392,6.56369,648a2154953e
511033060,15305,15305,2026-02,1.49131,0.99918,648a2154953e
511033060,15305,15305,2026-03,-2.00605,-1.41009,648a2154953e
511033060,15305,15305,2026-04,7.32676,6.38896,648a2154953e
511033060,15305,15305,2026-05,1.84568,1.40831,648a2154953e
511033060,15305,15305,2026-06,-7.70392,-6.0417,648a2154953e
511033060,15306,15306,2024-07,3.54148,0.01053,b771a70d0ae1
511033060,15306,15306,2024-08,-0.90705,-48.55984,b771a70d0ae1
511033060,15306,15306,2024-09,3.28409,0.15256,b771a70d0ae1
511033060,15306,15306,2024-10,-1.76598,-0.01648,b771a70d0ae1
511033060,15306,15306,2024-11,0.07623,-0.00111,b771a70d0ae1
511033060,15306,15306,2024-12,-1.25555,0.00475,b771a70d0ae1
511033060,15306,15306,2025-01,0.48468,0.00133,92facbf41296
511033060,15306,15306,2025-02,-1.30723,-0.20513,92facbf41296
511033060,15306,15306,2025-03,2.08894,-0.03797,92facbf41296
511033060,15306,15306,2025-04,-1.85293,-0.04419,92facbf41296
511033060,15306,15306,2025-05,0.04061,0.04724,92facbf41296
511033060,15306,15306,2025-06,-0.74728,0.0584,92facbf41296
511033060,15306,15306,2025-07,1.61119,0.1545,92facbf41296
511033060,15306,15306,2025-08,0.19217,-0.05091,92facbf41296
511033060,15306,15306,2025-09,2.34613,0.21923,92facbf41296
511033060,15306,15306,2025-10,0.75966,0.2217,92facbf41296
511033060,15306,15306,2025-11,0.47092,-0.0302,92facbf41296
511033060,15306,15306,2025-12,-2.02168,-0.10887,92facbf41296
511033060,15306,15306,2026-01,-0.69543,-0.06624,648a2154953e
511033060,15306,15306,2026-02,2.59018,-0.17484,648a2154953e
511033060,15306,15306,2026-03,-3.66133,-0.56228,648a2154953e
511033060,15306,15306,2026-04,1.33147,0.72578,648a2154953e
511033060,15306,15306,2026-05,-0.08265,0.24228,648a2154953e
511033060,15306,15306,2026-06,5.65125,0.53327,648a2154953e
511033060,15307,15307,2024-07,0.02819,0.0,b771a70d0ae1
511033060,15307,15307,2024-08,1.3473,0.0,b771a70d0ae1
511033060,15307,15307,2024-09,1.52455,0.0,b771a70d0ae1
511033060,15307,15307,2024-10,0.46311,0.0,b771a70d0ae1
511033060,15307,15307,2024-11,1.96076,0.0,b771a70d0ae1
511033060,15307,15307,2024-12,0.70403,0.0,b771a70d0ae1
511033060,15307,15307,2025-01,1.24487,0.0,92facbf41296
511033060,15307,15307,2025-02,0.19645,0.0,92facbf41296
511033060,15307,15307,2025-03,-2.16106,0.0,92facbf41296
511033060,15307,15307,2025-04,0.64532,0.0,92facbf41296
511033060,15307,15307,2025-05,2.79577,0.0,92facbf41296
511033060,15307,15307,2025-06,3.45675,0.0,92facbf41296
511033060,15307,15307,2025-07,1.4872,0.0,92facbf41296
511033060,15307,15307,2025-08,0.71006,0.0,92facbf41296
511033060,15307,15307,2025-09,2.10437,0.0,92facbf41296
511033060,15307,15307,2025-10,1.74615,0.0,92facbf41296
511033060,15307,15307,2025-11,0.74657,0.0,92facbf41296
511033060,15307,15307,2025-12,1.35934,0.0,92facbf41296
511033060,15307,15307,2026-01,2.29466,0.0,648a2154953e
511033060,15307,15307,2026-02,0.84119,0.0,648a2154953e
511033060,15307,15307,2026-03,-2.99359,0.0,648a2154953e
511033060,15307,15307,2026-04,4.56051,0.0,648a2154953e
511033060,15307,15307,2026-05,2.08183,0.0,648a2154953e
511033060,15307,15307,2026-06,-1.34799,0.0,648a2154953e
511033060,15308,15308,2024-07,-1.02792,0.0,b771a70d0ae1
511033060,15308,15308,2024-08,-2.34511,0.0,b771a70d0ae1
511033060,15308,15308,2024-09,5.82094,0.0,b771a70d0ae1
511033060,15308,15308,2024-10,-0.23832,0.0,b771a70d0ae1
511033060,15308,15308,2024-11,3.88772,0.0,b771a70d0ae1
511033060,15308,15308,2024-12,0.14238,0.0,b771a70d0ae1
511033060,15308,15308,2025-01,1.36728,0.0,92facbf41296
511033060,15308,15308,2025-02,-5.80113,0.0,92facbf41296
511033060,15308,15308,2025-03,-2.54807,0.0,92facbf41296
511033060,15308,15308,2025-04,-1.51156,0.0,92facbf41296
511033060,15308,15308,2025-05,5.66654,0.0,92facbf41296
511033060,15308,15308,2025-06,3.31914,0.0,92facbf41296
511033060,15308,15308,2025-07,3.12576,0.0,92facbf41296
511033060,15308,15308,2025-08,0.34982,0.0,92facbf41296
511033060,15308,15308,2025-09,4.40102,0.0,92facbf41296
511033060,15308,15308,2025-10,0.78605,0.0,92facbf41296
511033060,15308,15308,2025-11,-1.13365,0.0,92facbf41296
511033060,15308,15308,2025-12,-1.19977,0.0,92facbf41296
511033060,15308,15308,2026-01,-0.28179,0.0,648a2154953e
511033060,15308,15308,2026-02,-2.06114,0.0,648a2154953e
511033060,15308,15308,2026-03,-4.15123,0.0,648a2154953e
511033060,15308,15308,2026-04,6.43555,0.0,648a2154953e
511033060,15308,15308,2026-05,4.17049,0.0,648a2154953e
511033060,15308,15308,2026-06,4.57797,0.0,648a2154953e
511033060,438,438,2023-01,2.30513,0.33453,157e1ca56389
511033060,438,438,2023-02,-1.23966,-0.55394,157e1ca56389
511033060,438,438,2023-03,0.28408,-0.05106,157e1ca56389
511033060,438,438,2023-04,1.27232,0.34555,157e1ca56389
511033060,438,438,2023-05,1.27481,0.23681,157e1ca56389
511033060,438,438,2023-06,1.54985,0.27524,157e1ca56389
511033060,438,438,2023-07,2.03668,0.74503,157e1ca56389
511033060,438,438,2023-08,-0.10323,-0.11503,157e1ca56389
511033060,438,438,2023-09,-1.17109,-0.13319,157e1ca56389
511033060,438,438,2023-10,-2.68873,-1.46895,157e1ca56389
511033060,438,438,2023-11,2.90471,0.73866,157e1ca56389
511033060,438,438,2023-12,2.01541,0.64279,157e1ca56389
511033060,438,438,2024-01,0.07416,-0.20034,b771a70d0ae1
511033060,438,438,2024-02,2.10993,0.87208,b771a70d0ae1
511033060,438,438,2024-03,2.16702,0.65741,b771a70d0ae1
511033060,438,438,2024-04,-1.36049,-0.63746,b771a70d0ae1
511033060,438,438,2024-05,0.95009,0.04381,b771a70d0ae1
511033060,438,438,2024-06,0.61413,-0.22239,b771a70d0ae1
511033060,438,438,2024-07,1.30242,0.40561,b771a70d0ae1
511033060,438,438,2024-08,1.12431,0.5456,b771a70d0ae1
511033060,438,438,2024-09,1.65831,0.48593,b771a70d0ae1
511033060,438,438,2024-10,0.12038,0.43644,b771a70d0ae1
511033060,438,438,2024-11,1.90455,0.59523,b771a70d0ae1
511033060,438,438,2024-12,0.36186,0.68444,b771a70d0ae1
511033060,438,438,2025-01,1.09534,0.31784,92facbf41296
511033060,438,438,2025-02,-0.17306,0.10298,92facbf41296
511033060,438,438,2025-03,-0.88907,-0.3449,92facbf41296
511033060,438,438,2025-04,0.69928,0.61038,92facbf41296
511033060,438,438,2025-05,2.02952,0.96711,92facbf41296
511033060,438,438,2025-06,2.95877,1.46553,92facbf41296
511033060,438,438,2025-07,0.82926,0.22865,92facbf41296
511033060,438,438,2025-08,1.1424,0.25092,92facbf41296
511033060,438,438,2025-09,2.08585,0.73593,92facbf41296
511033060,438,438,2025-10,1.65709,0.56134,92facbf41296
511033060,438,438,2025-11,1.07945,0.73258,92facbf41296
511033060,438,438,2025-12,0.94899,0.73495,92facbf41296
511033060,438,438,2026-01,2.41703,1.29275,648a2154953e
511033060,438,438,2026-02,0.82507,0.14129,648a2154953e
511033060,438,438,2026-03,-2.61881,-0.54877,648a2154953e
511033060,438,438,2026-04,4.63774,1.60716,648a2154953e
511033060,438,438,2026-05,2.4302,0.58043,648a2154953e
511033060,438,438,2026-06,-0.54559,-0.97826,648a2154953e
511423048,447,447,2022-01,-2.07633,0.01192,52611558ff95
511423048,447,447,2022-02,-2.58407,0.11672,52611558ff95
511423048,447,447,2022-03,0.89817,0.05235,52611558ff95
511423048,447,447,2022-04,-0.77854,0.00594,52611558ff95
511423048,447,447,2022-05,-3.64109,-0.41901,52611558ff95
511423048,447,447,2022-06,0.29606,-0.19235,52611558ff95
511423048,447,447,2022-07,1.76976,0.35769,52611558ff95
511423048,447,447,2022-08,-1.78251,0.14915,52611558ff95
511423048,447,447,2022-09,-2.48851,-0.5559,52611558ff95
511423048,447,447,2022-10,1.0809,0.19977,52611558ff95
511423048,447,447,2022-11,0.59697,-0.10366,52611558ff95
511423048,447,447,2022-12,-1.65195,-0.31471,52611558ff95
511423048,447,447,2023-01,2.43543,0.0592,f1f4c5b6d54d
511423048,447,447,2023-02,-2.70872,-0.17979,f1f4c5b6d54d
511423048,447,447,2023-03,0.71807,-0.04377,f1f4c5b6d54d
511423048,447,447,2023-04,-0.25196,0.12564,f1f4c5b6d54d
511423048,447,447,2023-05,1.70947,0.04052,f1f4c5b6d54d
511423048,447,447,2023-06,1.02319,0.05874,f1f4c5b6d54d
511423048,447,447,2023-07,0.60597,0.1781,f1f4c5b6d54d
511423048,447,447,2023-08,-0.47241,0.00337,f1f4c5b6d54d
511423048,447,447,2023-09,-1.71686,-0.02514,f1f4c5b6d54d
511423048,447,447,2023-10,-5.55079,-0.47624,f1f4c5b6d54d
511423048,447,447,2023-11,4.58712,0.20455,f1f4c5b6d54d
511423048,447,447,2023-12,2.04171,0.15912,f1f4c5b6d54d
511423048,447,447,2024-01,-0.67056,-0.06831,7e7f7b9f0de3
511423048,447,447,2024-02,1.26294,0.30064,7e7f7b9f0de3
511423048,447,447,2024-03,0.75881,0.23312,7e7f7b9f0de3
511423048,447,447,2024-04,-1.30174,-0.16675,7e7f7b9f0de3
511423048,447,447,2024-05,-0.39375,0.0401,7e7f7b9f0de3
511423048,447,447,2024-06,-0.21855,-0.0701,7e7f7b9f0de3
511423048,447,447,2024-07,1.54007,0.13622,7e7f7b9f0de3
511423048,447,447,2024-08,1.97195,0.21483,7e7f7b9f0de3
511423048,447,447,2024-09,0.45425,0.15482,7e7f7b9f0de3
511423048,447,447,2024-10,0.17659,0.17032,7e7f7b9f0de3
511423048,447,447,2024-11,2.09195,0.18823,7e7f7b9f0de3
511423048,447,447,2024-12,0.56698,0.21043,7e7f7b9f0de3
511423048,447,447,2025-01,0.25175,0.09313,bb4f80cc378c
511423048,447,447,2025-02,0.66258,0.05585,bb4f80cc378c
511423048,447,447,2025-03,-1.14223,-0.06159,bb4f80cc378c
511423048,447,447,2025-04,0.99753,0.20516,bb4f80cc378c
511423048,447,447,2025-05,-0.12225,0.28519,bb4f80cc378c
511423048,447,447,2025-06,2.98356,0.50726,bb4f80cc378c
511423048,447,447,2025-07,0.40904,0.05578,bb4f80cc378c
511423048,447,447,2025-08,0.81067,0.10424,bb4f80cc378c
511423048,447,447,2025-09,1.53444,0.24721,bb4f80cc378c
511423048,447,447,2025-10,1.35124,0.17905,bb4f80cc378c
511423048,447,447,2025-11,0.40587,0.24687,bb4f80cc378c
511423048,447,447,2025-12,0.24633,0.24771,bb4f80cc378c
511423048,447,447,2026-01,0.85265,0.38639,3e209591b94d
511423048,447,447,2026-02,-0.128,0.07257,3e209591b94d
511423048,447,447,2026-03,-1.66171,-0.17659,3e209591b94d
511423048,447,447,2026-04,2.06751,0.44057,3e209591b94d
511423048,447,447,2026-05,2.01038,0.17412,3e209591b94d
511423048,447,447,2026-06,0.02246,-0.30816,3e209591b94d
511423048,n:עתידית ותיקה,,2018-01,1.9832,0.17205,ab7e3f67d78d
511423048,n:עתידית ותיקה,,2018-02,-1.36905,-0.15116,ab7e3f67d78d
511423048,n:עתידית ותיקה,,2018-03,0.21979,-0.19077,ab7e3f67d78d
511423048,n:עתידית ותיקה,,2018-04,0.37391,0.09519,ab7e3f67d78d
511423048,n:עתידית ותיקה,,2018-05,0.17788,0.1009,ab7e3f67d78d
511423048,n:עתידית ותיקה,,2018-06,-0.54992,0.01232,ab7e3f67d78d
511423048,n:עתידית ותיקה,,2018-07,0.89187,0.16944,ab7e3f67d78d
511423048,n:עתידית ותיקה,,2018-08,1.06255,0.22499,ab7e3f67d78d
511423048,n:עתידית ותיקה,,2018-09,0.12435,0.03537,ab7e3f67d78d
511423048,n:עתידית ותיקה,,2018-10,-1.82055,-0.12502,ab7e3f67d78d
511423048,n:עתידית ותיקה,,2018-11,-0.62669,0.10204,ab7e3f67d78d
511423048,n:עתידית ותיקה,,2018-12,-1.08324,-0.31683,ab7e3f67d78d
511423048,n:עתידית ותיקה,,2019-01,2.6707,0.21824,b0da677c4e9a
511423048,n:עתידית ותיקה,,2019-02,1.17542,0.02683,b0da677c4e9a
511423048,n:עתידית ותיקה,,2019-03,2.03868,-0.00689,b0da677c4e9a
511423048,n:עתידית ותיקה,,2019-04,1.79632,0.16348,b0da677c4e9a
511423048,n:עתידית ותיקה,,2019-05,0.01131,-0.01807,b0da677c4e9a
511423048,n:עתידית ותיקה,,2019-06,1.81595,0.12441,b0da677c4e9a
511423048,n:עתידית ותיקה,,2019-07,2.65268,0.15241,b0da677c4e9a
511423048,n:עתידית ותיקה,,2019-08,1.28685,-0.01498,b0da677c4e9a
511423048,n:עתידית ותיקה,,2019-09,1.23602,0.09815,b0da677c4e9a
511423048,n:עתידית ותיקה,,2019-10,1.39386,0.16894,b0da677c4e9a
511423048,n:עתידית ותיקה,,2019-11,0.70179,0.07274,b0da677c4e9a
511423048,n:עתידית ותיקה,,2019-12,0.67901,0.07566,b0da677c4e9a
511423048,n:עתידית ותיקה,,2020-01,0.92,0.04816,94ff3e06350d
511423048,n:עתידית ותיקה,,2020-02,1.49,-0.26956,94ff3e06350d
511423048,n:עתידית ותיקה,,2020-03,-8.52,-0.84455,94ff3e06350d
511423048,n:עתידית ותיקה,,2020-04,4.65,0.46985,94ff3e06350d
511423048,n:עתידית ותיקה,,2020-05,1.99,-0.00952,94ff3e06350d
511423048,n:עתידית ותיקה,,2020-06,-0.44,-0.17428,94ff3e06350d
511423048,n:עתידית ותיקה,,2020-07,0.3,0.19833,94ff3e06350d
511423048,n:עתידית ותיקה,,2020-08,2.55,0.25797,94ff3e06350d
511423048,n:עתידית ותיקה,,2020-09,-1.96,-0.18183,94ff3e06350d
511423048,n:עתידית ותיקה,,2020-10,-0.23123,0.07519,94ff3e06350d
511423048,n:עתידית ותיקה,,2020-11,2.63613,0.56254,94ff3e06350d
511423048,n:עתידית ותיקה,,2020-12,1.73132,0.22398,94ff3e06350d
511423048,n:עתידית ותיקה,,2021-01,1.14429,0.14358,896d3590858c
511423048,n:עתידית ותיקה,,2021-02,-0.78843,0.11685,896d3590858c
511423048,n:עתידית ותיקה,,2021-03,1.71126,0.36406,896d3590858c
511423048,n:עתידית ותיקה,,2021-04,0.69265,0.24363,896d3590858c
511423048,n:עתידית ותיקה,,2021-05,1.55425,0.28364,896d3590858c
511423048,n:עתידית ותיקה,,2021-06,0.66419,-0.00263,896d3590858c
511423048,n:עתידית ותיקה,,2021-07,0.93493,-0.02568,896d3590858c
511423048,n:עתידית ותיקה,,2021-08,2.14714,0.30333,896d3590858c
511423048,n:עתידית ותיקה,,2021-09,0.30361,0.0481,896d3590858c
511423048,n:עתידית ותיקה,,2021-10,3.84173,0.42689,896d3590858c
511423048,n:עתידית ותיקה,,2021-11,1.93909,0.05047,896d3590858c
511423048,n:עתידית ותיקה,,2021-12,0.65299,0.33951,896d3590858c
511789190,300,300,2021-01,1.47924,0.53231,cd972193a236
511789190,300,300,2021-02,-0.19191,0.29175,cd972193a236
511789190,300,300,2021-03,1.3976,0.54959,cd972193a236
511789190,300,300,2021-04,0.88901,0.52043,cd972193a236
511789190,300,300,2021-05,1.78712,0.12663,cd972193a236
511789190,300,300,2021-06,0.39019,-0.01087,cd972193a236
511789190,300,300,2021-07,0.6876,-0.13989,cd972193a236
511789190,300,300,2021-08,1.99185,0.33851,cd972193a236
511789190,300,300,2021-09,-0.01655,-0.06971,cd972193a236
511789190,300,300,2021-10,2.54505,0.54481,cd972193a236
511789190,300,300,2021-11,1.58926,0.04225,cd972193a236
511789190,300,300,2021-12,0.48419,0.38352,cd972193a236
511789190,300,300,2022-01,-1.89413,-0.07588,35c6735b5144
511789190,300,300,2022-02,-2.15146,0.07481,35c6735b5144
511789190,300,300,2022-03,0.74195,0.19504,35c6735b5144
511789190,300,300,2022-04,-0.89121,-0.14036,35c6735b5144
511789190,300,300,2022-05,-2.9483,-0.60933,35c6735b5144
511789190,300,300,2022-06,-0.31873,-0.58836,35c6735b5144
511789190,300,300,2022-07,1.99257,0.69055,35c6735b5144
511789190,300,300,2022-08,-1.65994,-0.0722,35c6735b5144
511789190,300,300,2022-09,-2.60188,-0.8844,35c6735b5144
511789190,300,300,2022-10,1.0877,0.33573,35c6735b5144
511789190,300,300,2022-11,0.36567,-0.02797,35c6735b5144
511789190,300,300,2022-12,-1.50545,-0.32919,35c6735b5144
511789190,300,300,2023-01,2.03853,0.19445,203f92caa118
511789190,300,300,2023-02,-2.39869,-0.31485,203f92caa118
511789190,300,300,2023-03,0.92224,-0.00177,203f92caa118
511789190,300,300,2023-04,-0.23119,0.15707,203f92caa118
511789190,300,300,2023-05,1.49919,0.0858,203f92caa118
511789190,300,300,2023-06,1.03264,0.20641,203f92caa118
511789190,300,300,2023-07,0.77806,0.39198,203f92caa118
511789190,300,300,2023-08,-0.40367,-0.18674,203f92caa118
511789190,300,300,2023-09,-1.3486,-0.08277,203f92caa118
511789190,300,300,2023-10,-3.67339,-0.43602,203f92caa118
511789190,300,300,2023-11,3.30351,0.32673,203f92caa118
511789190,300,300,2023-12,1.82099,0.3169,203f92caa118
511789190,300,300,2024-01,-0.3948,0.00074,6bd50ca0de9a
511789190,300,300,2024-02,1.15146,0.3632,6bd50ca0de9a
511789190,300,300,2024-03,0.62779,0.24123,6bd50ca0de9a
511789190,300,300,2024-04,-1.0535,-0.1757,6bd50ca0de9a
511789190,300,300,2024-05,-0.32002,0.14502,6bd50ca0de9a
511789190,300,300,2024-06,-0.29539,-0.05886,6bd50ca0de9a
511789190,300,300,2024-07,1.49003,0.16015,6bd50ca0de9a
511789190,300,300,2024-08,1.65688,0.1218,6bd50ca0de9a
511789190,300,300,2024-09,0.21706,0.10286,6bd50ca0de9a
511789190,300,300,2024-10,0.21735,0.14308,6bd50ca0de9a
511789190,300,300,2024-11,1.99684,-0.10772,6bd50ca0de9a
511789190,300,300,2024-12,0.66665,0.1996,6bd50ca0de9a
511789190,300,300,2025-01,0.10316,0.10845,2d7b4735b91e
511789190,300,300,2025-02,0.75812,0.02015,2d7b4735b91e
511789190,300,300,2025-03,-1.07415,-0.13273,2d7b4735b91e
511789190,300,300,2025-04,0.92176,0.20368,2d7b4735b91e
511789190,300,300,2025-05,-0.35037,0.20989,2d7b4735b91e
511789190,300,300,2025-06,2.67861,0.46387,2d7b4735b91e
511789190,300,300,2025-07,0.23297,0.04976,2d7b4735b91e
511789190,300,300,2025-08,0.59977,0.09393,2d7b4735b91e
511789190,300,300,2025-09,1.2008,0.17174,2d7b4735b91e
511789190,300,300,2025-10,1.04901,0.14688,2d7b4735b91e
511789190,300,300,2025-11,0.36421,0.22307,2d7b4735b91e
511789190,300,300,2025-12,0.24063,0.23197,2d7b4735b91e
511789190,300,300,2026-01,0.50584,0.39446,36bc9297258f
511789190,300,300,2026-02,-0.23602,0.17391,36bc9297258f
511789190,300,300,2026-03,-1.2373,-0.07556,36bc9297258f
511789190,300,300,2026-04,1.56673,0.41096,36bc9297258f
511789190,300,300,2026-05,1.50374,0.13481,36bc9297258f
511789190,300,300,2026-06,0.12099,-0.30804,36bc9297258f
512362914,13711,13711,2025-01,1.38,0.39,98868d0405f3
512362914,13711,13711,2025-02,-0.28,0.26,98868d0405f3
512362914,13711,13711,2025-03,-1.35,-0.59,98868d0405f3
512362914,13711,13711,2025-04,0.51,0.58,98868d0405f3
512362914,13711,13711,2025-05,2.24,0.94,98868d0405f3
512362914,13711,13711,2025-06,2.74,1.52,98868d0405f3
512362914,13711,13711,2025-07,1.35,0.51,98868d0405f3
512362914,13711,13711,2025-08,0.91,0.23,98868d0405f3
512362914,13711,13711,2025-09,1.92,0.48,98868d0405f3
512362914,13711,13711,2025-10,1.66,0.7,98868d0405f3
512362914,13711,13711,2025-11,0.77,0.66,98868d0405f3
512362914,13711,13711,2025-12,0.69,0.88,98868d0405f3
512362914,13711,13711,2026-01,1.7,1.26,18140fb53142
512362914,13711,13711,2026-02,0.62,0.34,18140fb53142
512362914,13711,13711,2026-03,-2.54,-0.59,18140fb53142
512362914,13711,13711,2026-04,3.96,1.62,18140fb53142
512362914,13711,13711,2026-05,1.75,0.23,18140fb53142
512362914,13711,13711,2026-06,-1.22,-2.19,18140fb53142
512362914,15444,15444,2025-01,0.0,0.0,56e350ca0206
512362914,15444,15444,2025-02,-0.3,-0.05531,56e350ca0206
512362914,15444,15444,2025-03,-4.17,-1.09329,56e350ca0206
512362914,15444,15444,2025-04,0.57,0.14832,56e350ca0206
512362914,15444,15444,2025-05,5.55,1.52287,56e350ca0206
512362914,15444,15444,2025-06,4.82,1.475,56e350ca0206
512362914,15444,15444,2025-07,2.92,0.89587,56e350ca0206
512362914,15444,15444,2025-08,1.01,0.31232,56e350ca0206
512362914,15444,15444,2025-09,2.77,0.83711,56e350ca0206
512362914,15444,15444,2025-10,2.91,0.91094,56e350ca0206
512362914,15444,15444,2025-11,0.84,0.25889,56e350ca0206
512362914,15444,15444,2025-12,1.5,0.51944,56e350ca0206
512362914,15444,15444,2026-01,3.04,2.5,cd5d3d6d41a3
512362914,15444,15444,2026-02,0.81,0.65,cd5d3d6d41a3
512362914,15444,15444,2026-03,-4.78,-1.32,cd5d3d6d41a3
512362914,15444,15444,2026-04,7.64,3.33,cd5d3d6d41a3
512362914,15444,15444,2026-05,2.84,0.54,cd5d3d6d41a3
512362914,15444,15444,2026-06,-2.94,-4.02,cd5d3d6d41a3
512362914,556,556,2025-01,1.48,0.44,49595f242da2
512362914,556,556,2025-02,-0.37,0.29,49595f242da2
512362914,556,556,2025-03,-1.19,-0.57,49595f242da2
512362914,556,556,2025-04,0.34,0.56,49595f242da2
512362914,556,556,2025-05,2.15,1.01,49595f242da2
512362914,556,556,2025-06,2.69,1.51,49595f242da2
512362914,556,556,2025-07,1.32,0.51,49595f242da2
512362914,556,556,2025-08,1.07,0.28,49595f242da2
512362914,556,556,2025-09,1.86,0.46,49595f242da2
512362914,556,556,2025-10,1.48,0.68,49595f242da2
512362914,556,556,2025-11,0.76,0.65,49595f242da2
512362914,556,556,2025-12,0.63,0.92,49595f242da2
512362914,556,556,2026-01,1.81,1.28,f1054b26cc78
512362914,556,556,2026-02,0.55,0.4,f1054b26cc78
512362914,556,556,2026-03,-2.54,-0.65,f1054b26cc78
512362914,556,556,2026-04,3.84,1.66,f1054b26cc78
512362914,556,556,2026-05,1.74,0.21,f1054b26cc78
512362914,556,556,2026-06,-1.3,-2.18,f1054b26cc78
512362914,7205,7205,2025-01,1.79,0.57,ffe5c4c57747
512362914,7205,7205,2025-02,-0.58,0.36,ffe5c4c57747
512362914,7205,7205,2025-03,-1.57,-0.67,ffe5c4c57747
512362914,7205,7205,2025-04,0.44,0.68,ffe5c4c57747
512362914,7205,7205,2025-05,2.67,1.21,ffe5c4c57747
512362914,7205,7205,2025-06,3.1,1.81,ffe5c4c57747
512362914,7205,7205,2025-07,1.49,0.59,ffe5c4c57747
512362914,7205,7205,2025-08,1.14,0.33,ffe5c4c57747
512362914,7205,7205,2025-09,2.14,0.57,ffe5c4c57747
512362914,7205,7205,2025-10,1.66,0.82,ffe5c4c57747
512362914,7205,7205,2025-11,0.86,0.77,ffe5c4c57747
512362914,7205,7205,2025-12,0.78,1.1,ffe5c4c57747
512362914,7205,7205,2026-01,2.13,1.54,52011a73081e
512362914,7205,7205,2026-02,0.59,0.47,52011a73081e
512362914,7205,7205,2026-03,-3.0,-0.79,52011a73081e
512362914,7205,7205,2026-04,4.61,2.0,52011a73081e
512362914,7205,7205,2026-05,1.93,0.29,52011a73081e
512362914,7205,7205,2026-06,-1.7,-2.65,52011a73081e
512362914,7206,7206,2025-01,1.44,0.41,e3e5ee8f06ef
512362914,7206,7206,2025-02,-0.34,0.28,e3e5ee8f06ef
512362914,7206,7206,2025-03,-1.19,-0.58,e3e5ee8f06ef
512362914,7206,7206,2025-04,0.29,0.57,e3e5ee8f06ef
512362914,7206,7206,2025-05,2.17,0.98,e3e5ee8f06ef
512362914,7206,7206,2025-06,2.81,1.55,e3e5ee8f06ef
512362914,7206,7206,2025-07,1.34,0.53,e3e5ee8f06ef
512362914,7206,7206,2025-08,0.95,0.25,e3e5ee8f06ef
512362914,7206,7206,2025-09,1.91,0.47,e3e5ee8f06ef
512362914,7206,7206,2025-10,1.64,0.71,e3e5ee8f06ef
512362914,7206,7206,2025-11,0.82,0.65,e3e5ee8f06ef
512362914,7206,7206,2025-12,0.68,0.94,e3e5ee8f06ef
512362914,7206,7206,2026-01,1.82,1.3,189b597f820f
512362914,7206,7206,2026-02,0.66,0.4,189b597f820f
512362914,7206,7206,2026-03,-2.51,-0.66,189b597f820f
512362914,7206,7206,2026-04,3.99,1.71,189b597f820f
512362914,7206,7206,2026-05,1.79,0.24,189b597f820f
512362914,7206,7206,2026-06,-1.29,-2.19,189b597f820f
512362914,7207,7207,2025-01,0.83,0.23,5563cb678585
512362914,7207,7207,2025-02,0.05,0.16,5563cb678585
512362914,7207,7207,2025-03,-0.38,-0.32,5563cb678585
512362914,7207,7207,2025-04,0.54,0.3,5563cb678585
512362914,7207,7207,2025-05,1.03,0.54,5563cb678585
512362914,7207,7207,2025-06,1.84,0.85,5563cb678585
512362914,7207,7207,2025-07,0.81,0.3,5563cb678585
512362914,7207,7207,2025-08,0.83,0.16,5563cb678585
512362914,7207,7207,2025-09,1.38,0.28,5563cb678585
512362914,7207,7207,2025-10,1.19,0.42,5563cb678585
512362914,7207,7207,2025-11,0.62,0.42,5563cb678585
512362914,7207,7207,2025-12,0.38,0.62,5563cb678585
512362914,7207,7207,2026-01,1.15,0.79,7c943e5d9a57
512362914,7207,7207,2026-02,0.57,0.26,7c943e5d9a57
512362914,7207,7207,2026-03,-1.72,-0.37,7c943e5d9a57
512362914,7207,7207,2026-04,2.36,0.99,7c943e5d9a57
512362914,7207,7207,2026-05,1.34,0.14,7c943e5d9a57
512362914,7207,7207,2026-06,-0.46,-1.36,7c943e5d9a57
513452003,9957,9957,2021-01,1.06,0.38,2faf0f08a521
513452003,9957,9957,2021-02,0.56,0.28,2faf0f08a521
513452003,9957,9957,2021-03,2.19,0.65,2faf0f08a521
513452003,9957,9957,2021-04,2.09,0.74,2faf0f08a521
513452003,9957,9957,2021-05,1.54,0.69,2faf0f08a521
513452003,9957,9957,2021-06,1.14,-0.04,2faf0f08a521
513452003,9957,9957,2021-07,0.42,-0.08,2faf0f08a521
513452003,9957,9957,2021-08,1.61,0.46,2faf0f08a521
513452003,9957,9957,2021-09,-0.63,0.11,2faf0f08a521
513452003,9957,9957,2021-10,2.9,1.25,2faf0f08a521
513452003,9957,9957,2021-11,0.6,0.64,2faf0f08a521
513452003,9957,9957,2021-12,1.81,0.77,2faf0f08a521
513452003,9957,9957,2022-01,-1.48,-0.07,cf07f269059a
513452003,9957,9957,2022-02,-1.18,-0.33,cf07f269059a
513452003,9957,9957,2022-03,0.82,0.07,cf07f269059a
513452003,9957,9957,2022-04,-0.88,-0.08,cf07f269059a
513452003,9957,9957,2022-05,-2.9,-1.68,cf07f269059a
513452003,9957,9957,2022-06,-2.04,-0.87,cf07f269059a
513452003,9957,9957,2022-07,2.96,1.21,cf07f269059a
513452003,9957,9957,2022-08,-0.91,0.35,cf07f269059a
513452003,9957,9957,2022-09,-3.31,-1.78,cf07f269059a
513452003,9957,9957,2022-10,1.6,0.45,cf07f269059a
513452003,9957,9957,2022-11,0.25,-0.53,cf07f269059a
513452003,9957,9957,2022-12,-1.94,-0.9,cf07f269059a
513452003,9957,9957,2023-01,1.34,0.07,80afe832ca66
513452003,9957,9957,2023-02,-1.96,-0.92,80afe832ca66
513452003,9957,9957,2023-03,0.11,0.11,80afe832ca66
513452003,9957,9957,2023-04,1.7,0.38,80afe832ca66
513452003,9957,9957,2023-05,1.4,0.22,80afe832ca66
513452003,9957,9957,2023-06,1.83,0.4,80afe832ca66
513452003,9957,9957,2023-07,2.21,0.53,80afe832ca66
513452003,9957,9957,2023-08,0.26,-0.03,80afe832ca66
513452003,9957,9957,2023-09,-1.22,0.17,80afe832ca66
513452003,9957,9957,2023-10,-1.85,-1.33,80afe832ca66
513452003,9957,9957,2023-11,2.08,0.02,80afe832ca66
513452003,9957,9957,2023-12,2.21,0.78,80afe832ca66
513452003,9957,9957,2024-01,0.61,0.02,35211dd35ec5
513452003,9957,9957,2024-02,1.86,0.59,35211dd35ec5
513452003,9957,9957,2024-03,2.09,0.54,35211dd35ec5
513452003,9957,9957,2024-04,-1.37,-0.35,35211dd35ec5
513452003,9957,9957,2024-05,1.48,0.28,35211dd35ec5
513452003,9957,9957,2024-06,1.52,-0.02,35211dd35ec5
513452003,9957,9957,2024-07,0.69,0.09,35211dd35ec5
513452003,9957,9957,2024-08,0.81,0.44,35211dd35ec5
513452003,9957,9957,2024-09,1.49,0.04,35211dd35ec5
513452003,9957,9957,2024-10,0.29,0.55,35211dd35ec5
513452003,9957,9957,2024-11,2.03,0.53,35211dd35ec5
513452003,9957,9957,2024-12,0.39,0.73,35211dd35ec5
513452003,9957,9957,2025-01,1.39,0.59,b1c057066a52
513452003,9957,9957,2025-02,-0.04,0.22,b1c057066a52
513452003,9957,9957,2025-03,-0.8,-0.39,b1c057066a52
513452003,9957,9957,2025-04,0.39,0.58,b1c057066a52
513452003,9957,9957,2025-05,1.82,1.0,b1c057066a52
513452003,9957,9957,2025-06,3.05,1.78,b1c057066a52
513452003,9957,9957,2025-07,1.12,0.5,b1c057066a52
513452003,9957,9957,2025-08,0.79,0.02,b1c057066a52
513452003,9957,9957,2025-09,1.99,0.95,b1c057066a52
513452003,9957,9957,2025-10,1.7,0.68,b1c057066a52
513452003,9957,9957,2025-11,1.01,0.75,b1c057066a52
513452003,9957,9957,2025-12,1.32,1.26,b1c057066a52
513452003,9957,9957,2026-01,2.65,2.08,1fb17bacd090
513452003,9957,9957,2026-02,0.66,0.34,1fb17bacd090
513452003,9957,9957,2026-03,-1.96,-0.35,1fb17bacd090
513452003,9957,9957,2026-04,4.24,2.28,1fb17bacd090
513452003,9957,9957,2026-05,2.95,1.27,1fb17bacd090
513452003,9957,9957,2026-06,-0.39,-1.5,1fb17bacd090
