legal_id,key,track_no,ym,ours,datagov,gap
510930670,1471,1471,2015-09,0.2222,-0.4,0.6222
510930670,1471,1471,2016-03,0.6969,0.19,0.5069
510930670,1471,1471,2016-06,0.707,0.47,0.237
510930670,1471,1471,2026-04,0.904,0.42,0.484
510930670,1471,1471,2026-05,0.431,0.96,0.529
510930670,420,420,2015-09,-2.222,-1.77,0.452
510930670,420,420,2015-12,1.313,-1.08,2.393
510930670,420,420,2016-03,-0.9393,1.34,2.2793
510930670,420,420,2016-06,0.6868,-0.53,1.2168
510930670,420,420,2026-04,3.162,2.85,0.312
510930670,420,420,2026-05,1.767,2.32,0.553
511880460,1412,1412,2020-01,0.45,0.16,0.29
511880460,1412,1412,2020-02,0.1,0.3,0.2
511880460,1412,1412,2020-03,-7.12,-4.02,3.1
511880460,1412,1412,2020-04,3.6,1.93,1.67
511880460,1412,1412,2020-05,0.42,0.65,0.23
511880460,1412,1412,2020-06,-1.7,-0.49,1.21
511880460,1412,1412,2020-07,2.04,0.32,1.72
511880460,1412,1412,2020-08,2.1,0.92,1.18
511880460,1412,1412,2020-09,-0.49,-0.68,0.19
511880460,1412,1412,2020-10,0.34,-0.07,0.41
511880460,1412,1412,2020-11,1.18,0.86,0.32
511880460,1412,1412,2021-01,0.63,0.33,0.3
511880460,1412,1412,2021-02,0.1,-0.55,0.65
511880460,1412,1412,2021-03,0.75,0.5,0.25
511880460,1412,1412,2021-04,0.45,0.24,0.21
511880460,1412,1412,2021-05,0.75,0.53,0.22
511880460,1412,1412,2021-06,0.38,0.18,0.2
511880460,1412,1412,2021-11,0.28,0.55,0.27
511880460,9731,9731,2022-01,-0.0185,-1.85,1.8315
511880460,9731,9731,2022-02,-0.0099,-0.99,0.9801
511880460,9731,9731,2022-03,0.0043,0.43,0.4257
511880460,9731,9731,2022-04,-0.0115,-1.15,1.1385
511880460,9731,9731,2022-05,-0.0307,-3.07,3.0393
511880460,9731,9731,2022-06,-0.0196,-1.97,1.9504
511880460,9731,9731,2022-07,0.0339,3.39,3.3561
511880460,9731,9731,2022-08,-0.0099,-0.99,0.9801
511880460,9731,9731,2022-09,-0.0411,-4.11,4.0689
511880460,9731,9731,2022-10,0.0151,1.51,1.4949
511880460,9731,9731,2022-11,0.0109,1.09,1.0791
511880460,9731,9731,2022-12,-0.0244,-2.44,2.4156
512008335,7209,7209,2017-01,3.27,-0.1,3.37
512008335,7209,7209,2017-02,1.52,0.6,0.92
512008335,7209,7209,2017-03,0.73,0.14,0.59
512008335,7210,7210,2017-01,2.49,0.13,2.36
512008335,7210,7210,2017-02,1.43,0.5,0.93
512008335,7210,7210,2017-03,0.55,0.15,0.4
512008335,7211,7211,2017-01,1.15,0.16,0.99
512008335,7211,7211,2017-02,0.68,0.17,0.51
512008335,7211,7211,2017-03,0.6,0.22,0.38
512245812,14678,14678,2024-01,-0.116,0.26,0.376
512245812,14678,14678,2024-02,0.246,1.63,1.384
512245812,14678,14678,2024-03,0.865,2.8,1.935
512245812,14678,14678,2024-04,-0.337,-1.15,0.813
512245812,14678,14678,2024-06,0.548,0.75,0.202
512245812,14678,14678,2024-07,0.796,1.2,0.404
512245812,14678,14678,2024-08,1.13,0.93,0.2
512245812,14678,14678,2024-09,0.682,1.74,1.058
512245812,14678,14678,2024-10,0.03,0.79,0.76
512245812,14678,14678,2024-11,0.888,1.65,0.762
512245812,14678,14678,2024-12,0.621,0.28,0.341
512245812,14678,14678,2025-01,0.073,1.63,1.557
512245812,14678,14678,2025-03,-0.05,-1.48,1.43
512245812,14678,14678,2025-04,0.473,0.15,0.323
512245812,14678,14678,2025-05,-0.097,2.24,2.337
512245812,14678,14678,2025-06,1.173,2.7,1.527
512245812,14678,14678,2025-07,0.257,1.04,0.783
512245812,14678,14678,2025-09,0.61,1.23,0.62
512245812,14678,14678,2025-10,0.709,1.33,0.621
512245812,14678,14678,2025-11,0.18,0.69,0.51
512245812,14678,14678,2025-12,0.266,1.01,0.744
512245812,15465,15465,2025-04,-1.119,-1.52,0.401
512711409,1444,1444,2015-09,-0.1414,-0.42,0.2786
512711409,408,408,2015-11,-0.35,-0.18,0.17
512711409,408,408,2015-12,1.4443,-0.89,2.3343
512711409,408,408,2016-01,-1.64,-1.4,0.24
512711409,408,408,2016-02,-1.09,-0.82,0.27
512711409,408,408,2016-03,-1.6362,1.24,2.8762
512711409,408,408,2016-05,0.64,0.45,0.19
512711409,408,408,2016-06,0.9595,-0.49,1.4495
512711409,408,408,2016-09,1.4342,-0.49,1.9242
512711409,408,408,2016-11,0.67,0.35,0.32
512711409,408,408,2017-02,0.69,0.53,0.16
512711409,408,408,2017-03,0.8484,0.46,0.3884
512711409,408,408,2017-05,0.84,1.04,0.2
512711409,418,418,2015-10,0.16,2.65,2.49
512711409,418,418,2015-12,-0.3535,-0.91,0.5565
512711409,418,418,2016-01,-0.48,-1.51,1.03
512711409,418,418,2016-02,-0.11,-0.79,0.68
512711409,418,418,2016-03,-0.2121,0.88,1.0921
512711409,418,418,2016-04,0.35,0.58,0.23
512711409,418,418,2016-05,0.33,0.63,0.3
512711409,418,418,2016-06,0.4949,-0.42,0.9149
512711409,418,418,2016-07,1.24,1.86,0.62
512711409,418,418,2016-09,0.7373,-0.45,1.1873
512711409,418,418,2016-11,0.01,0.29,0.28
512711409,418,418,2016-12,0.6969,0.91,0.2131
512711409,418,418,2017-03,0.5151,0.26,0.2551
512711409,418,418,2017-05,0.88,1.04,0.16
512711409,7243,7243,2016-12,1.8079,1.01,0.7979
513026484,1008,1008,2021-03,0.0,1.57,1.57
513026484,12088,12088,2023-04,2.20774,2.05,0.1577
513026484,12088,12088,2023-05,0.52391,0.28,0.2439
513026484,12088,12088,2023-08,-0.04088,-0.35,0.3091
513026484,14281,14281,2023-04,1.63369,1.4,0.2337
513026484,14281,14281,2023-05,0.36562,0.52,0.1544
513026484,14281,14281,2023-08,-0.95107,-0.65,0.3011
513026484,14282,14282,2023-02,-1.56028,-1.4,0.1603
513026484,14282,14282,2023-03,0.43577,0.66,0.2242
513026484,14282,14282,2023-05,1.70423,0.94,0.7642
513026484,14282,14282,2023-06,1.37346,1.83,0.4565
513026484,14282,14282,2023-07,0.27951,2.61,2.3305
513026484,14282,14282,2023-08,0.16685,-0.23,0.3969
513026484,7907,7907,2023-08,-1.36915,-1.21,0.1592
513026484,7909,7909,2023-05,0.69781,2.4,1.7022
513026484,8004,8004,2023-02,1.73852,2.07,0.3315
513026484,8624,8624,2023-07,1.72023,2.16,0.4398
513026484,9905,9905,2023-07,-0.47941,3.56,4.0394
513026484,9917,9917,2023-07,8.20307,3.03,5.1731
513611509,1036,1036,2024-02,0.33,4.07,3.74
513611509,1036,1036,2024-03,4.1,3.45,0.65
513611509,1036,1036,2024-04,-1.36,-2.52,1.16
513611509,1036,1036,2024-05,2.13,3.14,1.01
513611509,8563,8563,2026-01,8.29,2.84,5.45
513611509,8563,8563,2026-02,1.11,0.76,0.35
513611509,8563,8563,2026-03,0.57,-4.48,5.05
513611509,8563,8563,2026-04,7.12,8.1,0.98
513611509,8563,8563,2026-05,2.28,3.35,1.07
513611509,8563,8563,2026-06,-8.29,-2.65,5.64
513621110,1209,1209,2018-01,0.19,-0.09,0.28
513621110,1209,1209,2018-02,-0.68,-0.31,0.37
513621110,1209,1209,2018-03,-0.2,0.26,0.46
513621110,1209,1209,2018-05,-0.18,0.15,0.33
513621110,1209,1209,2018-07,-0.34,0.18,0.52
513621110,1209,1209,2018-08,0.92,0.08,0.84
513621110,1209,1209,2018-09,0.11,-0.16,0.27
513621110,1209,1209,2018-10,-0.39,-0.11,0.28
513621110,1209,1209,2018-12,-1.98,0.18,2.16
513621110,1210,1210,2018-01,0.25,-0.05,0.3
513621110,1210,1210,2018-02,-0.73,-0.32,0.41
513621110,1210,1210,2018-03,-0.17,0.27,0.44
513621110,1210,1210,2018-05,-0.15,0.15,0.3
513621110,1210,1210,2018-07,-0.32,0.15,0.47
513621110,1210,1210,2018-08,0.9,0.14,0.76
513621110,1210,1210,2018-09,0.09,-0.16,0.25
513621110,1210,1210,2018-10,-0.27,-0.1,0.17
513621110,1210,1210,2018-12,-1.75,0.1,1.85
513621110,1210,1210,2020-02,0.2602,0.08,0.1802
513621110,1210,1210,2020-03,-6.7603,-1.67,5.0903
513621110,1210,1210,2020-04,2.4985,0.63,1.8685
513621110,1210,1210,2020-05,0.4296,0.66,0.2304
513621110,1210,1210,2020-06,-1.4295,-0.44,0.9895
513621110,1210,1210,2020-07,0.9181,-0.03,0.9481
513621110,1210,1210,2020-08,1.3474,0.32,1.0274
513621110,1210,1210,2020-09,-0.5136,-0.36,0.1536
513621110,1210,1210,2020-10,0.1148,-0.08,0.1948
513621110,1210,1210,2020-11,0.9419,0.38,0.5619
513621110,1210,1210,2020-12,0.3809,0.14,0.2409
513621110,1210,1210,2021-01,0.519,0.24,0.279
513621110,1210,1210,2021-02,-0.1194,-0.59,0.4706
513621110,1210,1210,2021-03,0.9138,0.39,0.5238
513621110,1210,1210,2021-04,0.6361,0.11,0.5261
513621110,1210,1210,2021-05,0.5803,0.22,0.3603
513621110,1210,1210,2021-08,0.7424,0.52,0.2224
513621110,1210,1210,2021-09,0.0012,-0.21,0.2112
513621110,1210,1210,2021-10,0.7389,-0.14,0.8789
513621110,1210,1210,2021-12,0.4907,0.03,0.4607
513621110,1210,1210,2022-03,-0.0328,-0.3,0.2672
513621110,1210,1210,2022-04,-0.5884,-0.26,0.3284
513621110,1210,1210,2022-05,-1.8697,-0.99,0.8797
513621110,1210,1210,2022-07,1.1811,0.49,0.6911
513621110,1210,1210,2022-08,-1.0484,-1.36,0.3116
513621110,1210,1210,2022-09,-1.8649,-1.21,0.6549
513621110,1210,1210,2022-12,-0.8963,-0.57,0.3263
513621110,1210,1210,2023-01,1.5099,0.83,0.6799
513621110,1210,1210,2023-02,-1.7589,-1.41,0.3489
513621110,1210,1210,2023-04,0.8582,0.02,0.8382
513621110,1210,1210,2023-05,1.4329,0.76,0.6729
513621110,1210,1210,2023-06,0.591,0.2,0.391
513621110,1210,1210,2023-07,1.0243,0.2,0.8243
513621110,1210,1210,2023-08,0.4668,0.27,0.1968
513621110,1210,1210,2023-10,-1.0785,-0.01,1.0685
513621110,1210,1210,2023-11,2.2788,1.26,1.0188
513621110,1210,1210,2023-12,1.3619,0.67,0.6919
513621110,1210,1210,2024-01,0.4956,0.14,0.3556
513621110,1210,1210,2024-02,0.8357,0.09,0.7457
513621110,1210,1210,2024-03,0.8406,-0.1,0.9406
513621110,1210,1210,2024-05,0.189,-0.1,0.289
513621110,1210,1210,2024-06,0.5297,0.17,0.3597
513621110,1537,1537,2018-01,3.3,3.73,0.43
513621110,1537,1537,2018-02,-3.2,-2.07,1.13
513621110,1537,1537,2018-03,-3.85,-2.66,1.19
513621110,1537,1537,2018-04,1.25,3.89,2.64
513621110,1537,1537,2018-05,2.82,-0.21,3.03
513621110,1537,1537,2018-06,-0.1,0.68,0.78
513621110,1537,1537,2018-07,3.32,4.33,1.01
513621110,1537,1537,2018-08,5.93,-0.11,6.04
513621110,1537,1537,2018-09,-0.53,-0.26,0.27
513621110,1537,1537,2018-10,-3.34,-4.81,1.47
513621110,1537,1537,2018-11,2.26,1.19,1.07
513621110,1537,1537,2018-12,-9.06,-6.08,2.98
513621110,1537,1537,2020-01,1.2789,-0.38,1.6589
513621110,1537,1537,2020-02,-5.3828,-6.52,1.1372
513621110,1537,1537,2020-03,-18.1283,-12.33,5.7983
513621110,1537,1537,2020-04,12.9819,7.91,5.0719
513621110,1537,1537,2020-05,-1.7911,4.03,5.8211
513621110,1537,1537,2020-06,-5.2907,1.61,6.9007
513621110,1537,1537,2020-07,5.6606,4.67,0.9906
513621110,1537,1537,2020-08,4.44,4.67,0.23
513621110,1537,1537,2020-09,-5.2392,-1.11,4.1292
513621110,1537,1537,2020-10,2.5243,-2.4,4.9243
513621110,1537,1537,2020-11,11.7385,8.37,3.3685
513621110,1537,1537,2020-12,4.3712,1.25,3.1212
513621110,1537,1537,2021-02,0.1413,2.62,2.4787
513621110,1537,1537,2021-03,4.2274,3.35,0.8774
513621110,1537,1537,2021-04,3.4821,2.84,0.6421
513621110,1537,1537,2021-05,3.3839,0.88,2.5039
513621110,1537,1537,2021-06,-0.2227,1.61,1.8327
513621110,1537,1537,2021-07,-0.6453,1.08,1.7253
513621110,1537,1537,2021-08,2.9002,0.83,2.0702
513621110,1537,1537,2021-09,2.3282,-2.86,5.1882
513621110,1537,1537,2021-10,4.1143,2.49,1.6243
513621110,1537,1537,2021-11,1.802,-1.87,3.672
513621110,1537,1537,2021-12,4.9488,1.9,3.0488
513621110,1537,1537,2022-01,-0.521,-3.73,3.209
513621110,1537,1537,2022-02,0.5888,-0.41,0.9988
513621110,1537,1537,2022-03,2.2329,1.98,0.2529
513621110,1537,1537,2022-04,0.8008,-4.11,4.9108
513621110,1537,1537,2022-05,-7.4808,-0.86,6.6208
513621110,1537,1537,2022-07,6.174,3.01,3.164
513621110,1537,1537,2022-08,2.467,-3.43,5.897
513621110,1537,1537,2022-09,-8.1455,-3.18,4.9655
513621110,1537,1537,2022-10,1.8298,3.3,1.4702
513621110,1537,1537,2022-11,-2.9456,3.78,6.7256
513621110,1537,1537,2022-12,-4.6028,-0.32,4.2828
513621110,1537,1537,2023-01,0.4745,4.83,4.3555
513621110,1537,1537,2023-02,-5.5372,2.97,8.5072
513621110,1537,1537,2023-04,2.0049,3.1,1.0951
513621110,1537,1537,2023-05,0.6287,1.52,0.8913
513621110,1537,1537,2023-06,2.7444,3.28,0.5356
513621110,1537,1537,2023-07,6.7831,4.57,2.2131
513621110,1537,1537,2023-08,0.9033,0.46,0.4433
513621110,1537,1537,2023-09,0.631,-3.47,4.101
513621110,1537,1537,2023-10,-11.3005,0.81,12.1105
513621110,1537,1537,2023-11,7.2263,1.15,6.0763
513621110,1537,1537,2023-12,5.4432,2.65,2.7932
513621110,295,295,2012-06,-4.1,-0.71,3.39
513621110,295,295,2013-06,1.12,-1.36,2.48
513621110,513,513,2024-03,1.1066,2.49,1.3834
513621110,513,513,2024-05,2.9195,1.18,1.7395
513621110,513,513,2024-06,6.434,1.16,5.274
513621110,513,513,2024-07,-0.6765,1.11,1.7865
513621110,513,513,2024-08,-1.949,1.21,3.159
513621110,513,513,2024-09,4.7046,1.56,3.1446
513621110,513,513,2024-10,-0.2628,0.0,0.2628
513621110,513,513,2024-11,1.0573,2.05,0.9927
513621110,513,513,2024-12,1.4091,0.41,0.9991
513621110,513,513,2025-01,-0.4921,1.33,1.8221
513621110,513,513,2025-02,-4.2923,0.27,4.5623
513621110,513,513,2025-03,-5.3509,-1.89,3.4609
513621110,513,513,2025-04,0.4355,0.91,0.4745
513621110,513,513,2025-05,8.9126,2.64,6.2726
513621110,513,513,2025-06,5.2936,3.39,1.9036
513621110,513,513,2025-07,3.0828,1.19,1.8928
513621110,513,513,2025-08,-0.4687,0.92,1.3887
513621110,513,513,2025-09,6.4042,2.26,4.1442
513621110,513,513,2025-10,4.7515,1.46,3.2915
513621110,513,513,2025-11,-2.6679,1.19,3.8579
513621110,513,513,2025-12,-1.2518,1.08,2.3318
513621110,513,513,2026-01,1.7221,2.79,1.0679
513621110,513,513,2026-02,-2.0092,1.17,3.1792
513621110,513,513,2026-03,-5.4045,-3.22,2.1845
513621110,513,513,2026-04,13.0705,4.54,8.5305
513621110,513,513,2026-05,8.7531,1.86,6.8931
513621110,513,513,2026-06,6.2358,-1.12,7.3558
513621110,556,556,2025-01,0.299,1.48,1.181
513621110,556,556,2025-02,-4.4705,-0.37,4.1005
513621110,556,556,2025-03,-5.1181,-1.19,3.9281
513621110,556,556,2025-04,0.1339,0.49,0.3561
513621110,556,556,2025-05,8.7507,2.15,6.6007
513621110,556,556,2025-06,5.6936,2.69,3.0036
513621110,556,556,2025-07,3.0297,1.32,1.7097
513621110,556,556,2025-08,-0.3192,1.07,1.3892
513621110,556,556,2025-09,6.7973,1.86,4.9373
513621110,556,556,2025-10,4.9468,1.48,3.4668
513621110,556,556,2025-11,-2.7093,0.76,3.4693
513621110,556,556,2025-12,-1.3112,0.63,1.9412
513621110,556,556,2026-01,2.6207,1.81,0.8107
513621110,556,556,2026-02,-1.9147,0.55,2.4647
513621110,556,556,2026-03,-5.3869,-2.54,2.8469
513621110,556,556,2026-04,14.9213,3.84,11.0813
513621110,556,556,2026-05,9.0378,1.74,7.2978
513621110,556,556,2026-06,7.3185,-1.3,8.6185
513621110,715,715,2020-01,0.2205,0.01,0.2105
513621110,715,715,2020-02,0.3658,0.0,0.3658
513621110,715,715,2020-03,-6.6318,-0.17,6.4618
513621110,715,715,2020-04,2.6499,0.18,2.4699
513621110,715,715,2020-05,0.4642,0.03,0.4342
513621110,715,715,2020-06,-1.2989,0.01,1.3089
513621110,715,715,2020-07,0.8361,0.06,0.7761
513621110,715,715,2020-08,1.3198,0.02,1.2998
513621110,715,715,2020-09,-0.4827,0.02,0.5027
513621110,715,715,2020-11,0.9458,0.04,0.9058
513621110,715,715,2020-12,0.3265,0.02,0.3065
513621110,715,715,2021-01,0.5437,0.01,0.5337
513621110,715,715,2021-02,-0.1405,0.04,0.1805
513621110,715,715,2021-03,0.8006,0.03,0.7706
513621110,715,715,2021-04,0.6121,0.02,0.5921
513621110,715,715,2021-05,0.5361,0.04,0.4961
513621110,715,715,2021-06,0.2388,0.02,0.2188
513621110,715,715,2021-08,0.702,0.02,0.682
513621110,715,715,2021-10,0.7756,0.03,0.7456
513621110,715,715,2022-01,-1.2216,-0.11,1.1116
513621110,715,715,2022-02,-0.635,-0.23,0.405
513621110,715,715,2022-03,0.0862,-0.13,0.2162
513621110,715,715,2022-04,-0.6306,0.01,0.6406
513621110,715,715,2022-05,-1.7293,-0.05,1.6793
513621110,715,715,2022-07,1.3062,0.12,1.1862
513621110,715,715,2022-08,-0.9582,0.29,1.2482
513621110,715,715,2022-09,-1.7563,0.23,1.9863
513621110,715,715,2022-11,-0.3102,0.24,0.5502
513621110,715,715,2022-12,-0.8487,-0.07,0.7787
513621110,715,715,2023-01,1.4873,0.1,1.3873
513621110,715,715,2023-02,-1.678,-0.13,1.548
513621110,715,715,2023-03,0.9061,0.43,0.4761
513621110,715,715,2023-04,0.891,0.4,0.491
513621110,715,715,2023-05,1.3266,0.29,1.0366
513621110,715,715,2023-06,0.7747,0.35,0.4247
513621110,715,715,2023-07,1.1048,0.33,0.7748
513621110,715,715,2023-09,-0.7098,0.25,0.9598
513621110,715,715,2023-10,-1.4862,0.24,1.7262
513621110,715,715,2023-11,2.0365,0.44,1.5965
513621110,715,715,2023-12,1.4592,0.42,1.0392
513621110,715,715,2024-02,0.749,0.35,0.399
513621110,715,715,2024-03,0.8368,0.33,0.5068
513621110,715,715,2024-04,-0.3425,0.3,0.6425
513621110,715,715,2024-07,0.9156,0.4,0.5156
513621110,715,715,2024-08,0.6867,0.33,0.3567
513621110,715,715,2024-09,0.8611,0.34,0.5211
513621110,715,715,2024-11,1.1291,0.36,0.7691
513621110,715,715,2024-12,0.6606,0.45,0.2106
513621110,715,715,2025-03,-0.312,0.26,0.572
513621110,715,715,2025-04,0.7403,0.44,0.3003
513621110,715,715,2025-05,0.6848,0.31,0.3748
513621110,715,715,2025-06,1.6302,0.52,1.1102
513621110,715,715,2025-08,0.6368,0.46,0.1768
513621110,715,715,2025-09,0.8556,0.38,0.4756
513621110,715,715,2025-10,0.91,0.42,0.49
513621110,715,715,2026-01,0.7552,0.3,0.4552
513621110,715,715,2026-03,-0.8065,0.14,0.9465
513621110,715,715,2026-04,1.6108,0.45,1.1608
513621110,715,715,2026-05,1.4801,0.43,1.0501
513621110,715,715,2026-06,0.3284,0.51,0.1816
513621110,716,716,2020-01,-0.363,0.37,0.733
513621110,716,716,2020-02,-6.4454,0.3,6.7454
513621110,716,716,2020-03,-12.2506,-5.03,7.2206
513621110,716,716,2020-04,7.9319,3.13,4.8019
513621110,716,716,2020-05,4.0717,0.83,3.2417
513621110,716,716,2020-06,1.5425,-0.95,2.4925
513621110,716,716,2020-07,4.611,1.39,3.221
513621110,716,716,2020-08,4.696,1.42,3.276
513621110,716,716,2020-09,-1.0889,-0.48,0.6089
513621110,716,716,2020-10,-2.4316,0.14,2.5716
513621110,716,716,2020-11,8.0346,1.35,6.6846
513621110,716,716,2020-12,1.2106,0.34,0.8706
513621110,716,716,2021-01,2.03,0.72,1.31
513621110,716,716,2021-02,2.5725,-0.15,2.7225
513621110,716,716,2021-03,3.3002,0.77,2.5302
513621110,716,716,2021-04,2.8485,0.24,2.6085
513621110,716,716,2021-06,1.6054,0.31,1.2954
513621110,716,716,2021-07,1.0624,0.32,0.7424
513621110,716,716,2021-09,-2.8533,-0.02,2.8333
513621110,716,716,2021-10,2.4646,0.21,2.2546
513621110,716,716,2021-11,-1.8989,0.55,2.4489
513621110,716,716,2021-12,1.915,-0.06,1.975
513621110,716,716,2022-01,-3.7995,-1.01,2.7895
513621110,716,716,2022-02,-0.4031,-1.1,0.6969
513621110,716,716,2022-03,2.0141,-0.39,2.4041
513621110,716,716,2022-04,-4.1894,-0.41,3.7794
513621110,716,716,2022-05,-0.7979,-1.73,0.9321
513621110,716,716,2022-06,-4.0499,0.29,4.3399
513621110,716,716,2022-07,3.0842,1.08,2.0042
513621110,716,716,2022-08,-3.4805,-1.19,2.2905
513621110,716,716,2022-09,-3.1925,-1.42,1.7725
513621110,716,716,2022-10,3.3483,0.24,3.1083
513621110,716,716,2022-11,4.0223,0.53,3.4923
513621110,716,716,2023-01,5.0543,1.26,3.7943
513621110,716,716,2023-02,3.2198,-1.48,4.6998
513621110,716,716,2023-03,-0.458,0.53,0.988
513621110,716,716,2023-04,3.1426,0.71,2.4326
513621110,716,716,2023-05,1.744,1.23,0.514
513621110,716,716,2023-06,3.2193,0.48,2.7393
513621110,716,716,2023-07,4.4386,0.5,3.9386
513621110,716,716,2023-09,-3.1841,-1.05,2.1341
513621110,716,716,2023-10,1.3994,-2.05,3.4494
513621110,716,716,2023-11,0.3684,2.78,2.4116
513621110,716,716,2023-12,2.7335,1.38,1.3535
513621110,716,716,2024-01,1.2781,0.27,1.0081
513621110,716,716,2024-02,1.2309,0.35,0.8809
513621110,716,716,2024-03,5.7282,0.72,5.0082
513621110,716,716,2024-04,-1.029,-0.43,0.599
513621110,716,716,2024-05,1.7528,-0.02,1.7728
513621110,716,716,2024-06,4.0901,0.18,3.9101
513621110,716,716,2024-07,2.7543,1.04,1.7143
513621110,716,716,2024-08,1.2255,0.98,0.2455
513621110,716,716,2024-09,2.9889,0.61,2.3789
513621110,716,716,2024-11,3.7393,1.02,2.7193
513621110,716,716,2024-12,1.3208,0.59,0.7308
513621110,716,716,2025-01,2.5241,0.34,2.1841
513621110,716,716,2025-02,-1.21,0.71,1.92
513621110,716,716,2025-03,-4.6814,-0.06,4.6214
513621110,716,716,2025-04,1.4675,0.76,0.7075
513621110,716,716,2025-05,5.822,-0.2,6.022
513621110,716,716,2025-06,7.9284,1.4,6.5284
513621110,716,716,2025-07,2.4622,0.31,2.1522
513621110,716,716,2025-08,0.1695,0.72,0.5505
513621110,716,716,2025-09,3.4107,0.74,2.6707
513621110,716,716,2025-10,2.6001,0.66,1.9401
513621110,716,716,2025-11,0.8487,0.31,0.5387
513621110,716,716,2025-12,1.6056,0.13,1.4756
513621110,716,716,2026-01,4.1992,0.21,3.9892
513621110,716,716,2026-03,-4.0214,-0.69,3.3314
513621110,716,716,2026-04,8.038,0.63,7.408
513621110,716,716,2026-05,3.4287,1.08,2.3487
513621110,716,716,2026-06,-3.5266,0.72,4.2466
513621110,739,739,2020-01,0.5527,-0.51,1.0627
513621110,739,739,2020-02,-2.1042,-6.57,4.4658
513621110,739,739,2020-03,-8.4537,-13.2,4.7463
513621110,739,739,2020-04,4.8352,10.37,5.5348
513621110,739,739,2020-05,0.635,1.85,1.215
513621110,739,739,2020-06,-1.5985,-0.45,1.1485
513621110,739,739,2020-07,2.5713,4.42,1.8487
513621110,739,739,2020-08,3.0703,5.75,2.6797
513621110,739,739,2020-09,-1.5376,-3.49,1.9524
513621110,739,739,2020-11,4.913,11.1,6.187
513621110,739,739,2020-12,1.9353,4.3,2.3647
513621110,739,739,2021-01,0.9495,1.68,0.7305
513621110,739,739,2021-02,0.5861,2.37,1.7839
513621110,739,739,2021-03,1.677,3.53,1.853
513621110,739,739,2021-04,1.8415,4.04,2.1985
513621110,739,739,2021-05,1.1281,3.04,1.9119
513621110,739,739,2021-07,-0.3546,-0.68,0.3254
513621110,739,739,2021-08,1.0189,3.66,2.6411
513621110,739,739,2021-09,-0.0219,-1.33,1.3081
513621110,739,739,2021-10,2.5747,4.65,2.0753
513621110,739,739,2021-11,0.2014,-0.31,0.5114
513621110,739,739,2021-12,2.1127,4.04,1.9273
513621110,739,739,2022-01,-1.2947,-2.38,1.0853
513621110,739,739,2022-02,0.4485,-0.89,1.3385
513621110,739,739,2022-04,-1.7965,-2.78,0.9835
513621110,739,739,2022-06,-2.2767,-6.02,3.7433
513621110,739,739,2022-07,3.6342,6.06,2.4258
513621110,739,739,2022-08,-0.1126,-1.69,1.5774
513621110,739,739,2022-09,-4.9319,-8.07,3.1381
513621110,739,739,2022-10,0.7886,4.57,3.7814
513621110,739,739,2022-11,-0.128,2.99,3.118
513621110,739,739,2022-12,-2.9583,-4.06,1.1017
513621110,739,739,2023-01,2.8158,4.02,1.2042
513621110,739,739,2023-02,-1.2147,-2.19,0.9753
513621110,739,739,2023-03,1.0279,0.28,0.7479
513621110,739,739,2023-04,1.3201,2.39,1.0699
513621110,739,739,2023-05,2.2655,0.12,2.1455
513621110,739,739,2023-06,1.7995,3.51,1.7105
513621110,739,739,2023-07,3.2746,4.98,1.7054
513621110,739,739,2023-08,0.355,-1.93,2.285
513621110,739,739,2023-09,-1.4937,-2.52,1.0263
513621110,739,739,2023-10,-2.7694,-5.16,2.3906
513621110,739,739,2023-11,3.2275,6.18,2.9525
513621110,739,739,2023-12,2.5434,4.15,1.6066
513621110,739,739,2024-01,0.6705,-0.35,1.0205
513621110,739,739,2024-02,2.5035,4.44,1.9365
513621110,739,739,2024-03,2.1216,3.83,1.7084
513621110,739,739,2024-04,-1.4099,-3.27,1.8601
513621110,739,739,2024-05,1.3342,2.0,0.6658
513621110,739,739,2024-06,1.9011,0.79,1.1111
513621110,739,739,2024-07,0.5998,2.13,1.5302
513621110,739,739,2024-08,0.6815,1.47,0.7885
513621110,739,739,2024-09,1.2987,2.88,1.5813
513621110,739,739,2024-10,0.8237,0.09,0.7337
513621110,739,739,2024-11,2.4079,3.28,0.8721
513621110,739,739,2024-12,0.8671,0.5,0.3671
513621110,739,739,2025-01,1.3991,2.88,1.4809
513621110,739,739,2025-02,-0.244,-1.33,1.086
513621110,739,739,2025-04,0.8542,1.02,0.1658
513621110,739,739,2025-05,2.9236,5.28,2.3564
513621110,739,739,2025-06,4.1231,5.37,1.2469
513621110,739,739,2025-07,1.1621,1.51,0.3479
513621110,739,739,2025-08,0.5368,1.45,0.9132
513621110,739,739,2025-09,1.9975,3.8,1.8025
513621110,739,739,2025-10,1.6493,2.59,0.9407
513621110,739,739,2025-11,0.644,1.78,1.136
513621110,739,739,2025-12,0.926,1.93,1.004
513621110,739,739,2026-01,1.9431,5.28,3.3369
513621110,739,739,2026-02,0.3956,0.97,0.5744
513621110,739,739,2026-03,-2.5248,-4.85,2.3252
513621110,739,739,2026-04,4.4523,9.4,4.9477
513621110,739,739,2026-05,2.2715,4.03,1.7585
513621110,739,739,2026-06,-1.3928,-2.36,0.9672
513621110,741,741,2020-01,1.0383,0.18,0.8583
513621110,741,741,2020-02,-6.1738,0.13,6.3038
513621110,741,741,2020-03,-15.2394,-5.5,9.7394
513621110,741,741,2020-04,9.7086,2.53,7.1786
513621110,741,741,2020-05,0.878,1.46,0.582
513621110,741,741,2020-06,-2.212,-1.36,0.852
513621110,741,741,2020-07,4.4051,0.28,4.1251
513621110,741,741,2020-08,5.8199,1.49,4.3299
513621110,741,741,2020-09,-3.0968,-1.33,1.7668
513621110,741,741,2020-10,0.1415,-0.01,0.1515
513621110,741,741,2020-11,9.9891,1.49,8.4991
513621110,741,741,2020-12,4.2212,0.54,3.6812
513621110,741,741,2021-01,1.3168,0.86,0.4568
513621110,741,741,2021-02,1.6726,0.14,1.5326
513621110,741,741,2021-03,3.1956,0.97,2.2256
513621110,741,741,2021-04,4.3395,0.69,3.6495
513621110,741,741,2021-05,2.1678,1.2,0.9678
513621110,741,741,2021-06,0.8053,0.1,0.7053
513621110,741,741,2021-07,-0.4097,0.25,0.6597
513621110,741,741,2021-09,-0.3496,0.49,0.8396
513621110,741,741,2021-10,4.3539,1.12,3.2339
513621110,741,741,2021-11,0.6578,0.12,0.5378
513621110,741,741,2021-12,3.31,-0.09,3.4
513621110,741,741,2022-01,-1.5709,-1.26,0.3109
513621110,741,741,2022-02,0.983,-1.05,2.033
513621110,741,741,2022-03,2.6737,0.47,2.2037
513621110,741,741,2022-04,-3.6093,-0.15,3.4593
513621110,741,741,2022-05,-5.3209,-2.06,3.2609
513621110,741,741,2022-06,-4.5751,0.64,5.2151
513621110,741,741,2022-07,6.1881,0.6,5.5881
513621110,741,741,2022-08,0.1295,-0.83,0.9595
513621110,741,741,2022-09,-6.6626,-1.35,5.3126
513621110,741,741,2022-10,2.0792,0.12,1.9592
513621110,741,741,2022-11,-0.367,0.08,0.447
513621110,741,741,2022-12,-4.2501,-0.75,3.5001
513621110,741,741,2023-01,2.9906,1.27,1.7206
513621110,741,741,2023-02,-0.6695,-1.36,0.6905
513621110,741,741,2023-03,1.1247,0.64,0.4847
513621110,741,741,2023-04,2.3678,0.27,2.0978
513621110,741,741,2023-05,4.6486,1.35,3.2986
513621110,741,741,2023-06,3.6301,0.35,3.2801
513621110,741,741,2023-07,5.2537,0.28,4.9737
513621110,741,741,2023-08,1.085,-0.01,1.095
513621110,741,741,2023-09,-2.1912,-0.82,1.3712
513621110,741,741,2023-10,-3.2284,-2.52,0.7084
513621110,741,741,2023-11,3.9708,2.95,1.0208
513621110,741,741,2023-12,3.8745,1.24,2.6345
513621110,741,741,2024-01,1.5071,0.08,1.4271
513621110,741,741,2024-02,3.8205,0.48,3.3405
513621110,741,741,2024-03,3.7061,0.24,3.4661
513621110,741,741,2024-04,-2.2917,-0.24,2.0517
513621110,741,741,2024-05,2.3104,-0.12,2.4304
513621110,741,741,2024-06,2.5499,-0.22,2.7699
513621110,741,741,2024-08,0.7645,1.4,0.6355
513621110,741,741,2024-09,2.379,0.52,1.859
513621110,741,741,2024-10,1.5757,0.0,1.5757
513621110,741,741,2024-11,3.5067,0.98,2.5267
513621110,741,741,2024-12,1.1176,0.54,0.5776
513621110,741,741,2025-01,2.1938,0.1,2.0938
513621110,741,741,2025-02,-0.5944,0.64,1.2344
513621110,741,741,2025-03,-4.8687,-0.8,4.0687
513621110,741,741,2025-05,5.9619,-0.36,6.3219
513621110,741,741,2025-06,6.0588,1.99,4.0688
513621110,741,741,2025-07,2.5198,0.23,2.2898
513621110,741,741,2025-08,0.1755,0.67,0.4945
513621110,741,741,2025-09,3.2021,0.94,2.2621
513621110,741,741,2025-10,2.5933,0.84,1.7533
513621110,741,741,2025-11,1.1706,0.07,1.1006
513621110,741,741,2025-12,1.4373,0.14,1.2973
513621110,741,741,2026-01,3.868,0.31,3.558
513621110,741,741,2026-02,0.8981,-0.24,1.1381
513621110,741,741,2026-03,-4.4841,-0.9,3.5841
513621110,741,741,2026-04,8.2474,1.26,6.9874
513621110,741,741,2026-05,3.0921,1.42,1.6721
513621110,741,741,2026-06,-3.2475,0.31,3.5575
513621110,742,742,2020-01,-0.5073,0.26,0.7673
513621110,742,742,2020-02,-6.3832,0.54,6.9232
513621110,742,742,2020-03,-11.8246,-2.6,9.2246
513621110,742,742,2020-04,7.8436,1.78,6.0636
513621110,742,742,2020-05,4.0088,0.12,3.8888
513621110,742,742,2020-06,1.5775,-0.07,1.6475
513621110,742,742,2020-07,4.6356,0.66,3.9756
513621110,742,742,2020-08,4.5526,0.45,4.1026
513621110,742,742,2020-09,-1.0563,-0.18,0.8763
513621110,742,742,2020-10,-2.3628,-0.06,2.3028
513621110,742,742,2020-11,8.0601,0.35,7.7101
513621110,742,742,2020-12,1.0716,0.25,0.8216
513621110,742,742,2021-01,2.0874,0.12,1.9674
513621110,742,742,2021-02,2.5528,-0.58,3.1328
513621110,742,742,2021-03,3.0667,0.28,2.7867
513621110,742,742,2021-04,2.6154,0.01,2.6054
513621110,742,742,2021-05,0.8349,0.01,0.8249
513621110,742,742,2021-06,1.2308,0.41,0.8208
513621110,742,742,2021-07,0.1674,0.42,0.2526
513621110,742,742,2021-08,0.5567,0.23,0.3267
513621110,742,742,2021-09,-2.7,-0.6,2.1
513621110,742,742,2021-10,2.0154,-0.1,2.1154
513621110,742,742,2021-11,-2.234,1.32,3.554
513621110,742,742,2021-12,1.5915,-0.35,1.9415
513621110,742,742,2022-01,-3.1122,-1.17,1.9422
513621110,742,742,2022-02,-0.4493,-1.15,0.7007
513621110,742,742,2022-03,1.0835,-0.65,1.7335
513621110,742,742,2022-04,-3.8823,-0.39,3.4923
513621110,742,742,2022-05,-0.3818,-1.06,0.6782
513621110,742,742,2022-06,-3.6109,0.06,3.6709
513621110,742,742,2022-07,2.4153,0.82,1.5953
513621110,742,742,2022-08,-3.3146,-1.13,2.1846
513621110,742,742,2022-09,-3.6111,-1.11,2.5011
513621110,742,742,2022-10,2.7292,0.48,2.2492
513621110,742,742,2022-11,4.5088,0.25,4.2588
513621110,742,742,2022-12,0.0586,-0.46,0.5186
513621110,742,742,2023-01,5.3102,0.76,4.5502
513621110,742,742,2023-02,2.6782,-2.52,5.1982
513621110,742,742,2023-03,-0.417,1.09,1.507
513621110,742,742,2023-04,2.8072,0.06,2.7472
513621110,742,742,2023-05,1.5057,0.8,0.7057
513621110,742,742,2023-06,3.0382,0.59,2.4482
513621110,742,742,2023-07,4.8354,0.35,4.4854
513621110,742,742,2023-08,-0.0801,0.38,0.4601
513621110,742,742,2023-09,-3.4373,-0.92,2.5173
513621110,742,742,2023-10,1.1092,-1.86,2.9692
513621110,742,742,2023-11,0.7606,2.62,1.8594
513621110,742,742,2023-12,2.7689,1.31,1.4589
513621110,742,742,2024-01,1.5268,-0.07,1.5968
513621110,742,742,2024-02,1.3216,0.43,0.8916
513621110,742,742,2024-03,5.7815,-0.16,5.9415
513621110,742,742,2024-05,1.6398,-0.7,2.3398
513621110,742,742,2024-06,4.0831,0.32,3.7631
513621110,742,742,2024-07,1.7474,1.09,0.6574
513621110,742,742,2024-08,-0.4994,0.86,1.3594
513621110,742,742,2024-09,3.4236,0.07,3.3536
513621110,742,742,2024-10,-1.7801,0.88,2.6601
513621110,742,742,2024-11,1.0288,2.04,1.0112
513621110,742,742,2024-12,-2.0616,0.92,2.9816
513621110,742,742,2025-01,1.8393,0.64,1.1993
513621110,742,742,2025-02,-0.7306,0.91,1.6406
513621110,742,742,2025-03,-2.6746,-0.71,1.9646
513621110,742,742,2025-04,-0.5762,1.49,2.0662
513621110,742,742,2025-05,4.8919,-0.39,5.2819
513621110,742,742,2025-06,2.2055,2.45,0.2445
513621110,742,742,2025-07,2.1163,-0.49,2.6063
513621110,742,742,2025-08,0.9149,1.13,0.2151
513621110,742,742,2025-09,2.0695,0.57,1.4995
513621110,742,742,2025-10,1.4625,1.62,0.1575
513621110,742,742,2025-11,-0.2444,0.34,0.5844
513621110,742,742,2025-12,-0.3822,0.22,0.6022
513621110,742,742,2026-01,-0.5776,0.78,1.3576
513621110,742,742,2026-02,1.9677,0.22,1.7477
513621110,742,742,2026-03,-6.1467,-1.09,5.0567
513621110,742,742,2026-04,3.4099,1.01,2.3999
513621110,742,742,2026-05,0.7379,1.77,1.0321
513621110,742,742,2026-06,4.4742,0.6,3.8742
513621110,744,744,2020-02,-0.5449,-2.4,1.8551
513621110,744,744,2020-03,-6.9523,-8.89,1.9377
513621110,744,744,2020-04,3.9618,4.87,0.9082
513621110,744,744,2020-05,0.4946,1.51,1.0154
513621110,744,744,2020-06,-1.2398,-0.32,0.9198
513621110,744,744,2020-07,1.4951,2.52,1.0249
513621110,744,744,2020-08,2.0761,2.48,0.4039
513621110,745,745,2020-01,0.8505,0.32,0.5305
513621110,745,745,2020-02,-6.1643,-2.45,3.7143
513621110,745,745,2020-03,-11.9341,-8.82,3.1141
513621110,745,745,2020-04,10.2714,5.07,5.2014
513621110,745,745,2020-05,3.7183,1.85,1.8683
513621110,745,745,2020-06,0.271,-0.33,0.601
513621110,745,745,2020-07,4.5688,2.75,1.8188
513621110,745,745,2020-08,6.5488,2.31,4.2388
513621110,745,745,2020-09,-2.443,-1.55,0.893
513621110,745,745,2020-10,-1.045,0.25,1.295
513621110,745,745,2020-11,8.3039,4.35,3.9539
513621110,745,745,2020-12,2.2668,1.64,0.6268
513621110,745,745,2021-01,2.3853,1.05,1.3353
513621110,745,745,2021-02,2.3521,0.45,1.9021
513621110,745,745,2021-03,3.1471,1.69,1.4571
513621110,745,745,2021-04,3.5389,1.57,1.9689
513621110,745,745,2021-05,0.632,1.16,0.528
513621110,745,745,2021-06,1.5658,0.57,0.9958
513621110,745,745,2021-07,-0.0122,0.59,0.6022
513621110,745,745,2021-08,1.1711,1.44,0.2689
513621110,745,745,2021-09,-1.6335,-0.61,1.0235
513621110,745,745,2021-10,3.6654,2.14,1.5254
513621110,745,745,2021-12,2.6981,1.68,1.0181
513621110,745,745,2022-01,-2.7149,-2.11,0.6049
513621110,745,745,2022-02,0.4503,-0.84,1.2903
513621110,745,745,2022-03,3.1838,0.3,2.8838
513621110,745,745,2022-04,-4.1479,-1.54,2.6079
513621110,745,745,2022-05,-3.573,-2.77,0.803
513621110,745,745,2022-06,-5.4033,-2.1,3.3033
513621110,745,745,2022-07,6.5075,3.12,3.3875
513621110,745,745,2022-08,-1.8964,-1.49,0.4064
513621110,745,745,2022-09,-5.9877,-4.28,1.7077
513621110,745,745,2022-10,3.0933,2.2,0.8933
513621110,745,745,2022-11,1.522,0.91,0.612
513621110,745,745,2022-12,-3.7707,-1.79,1.9807
513621110,745,745,2023-01,4.807,2.49,2.317
513621110,745,745,2023-02,1.6809,-2.17,3.8509
513621110,745,745,2023-03,1.0292,0.41,0.6192
513621110,745,745,2023-04,2.2443,1.67,0.5743
513621110,745,745,2023-05,3.8446,0.75,3.0946
513621110,745,745,2023-06,3.4684,1.69,1.7784
513621110,745,745,2023-07,4.4839,2.61,1.8739
513621110,745,745,2023-08,0.3684,-0.14,0.5084
513621110,745,745,2023-09,-3.5509,-1.43,2.1209
513621110,745,745,2023-10,-0.9848,-2.97,1.9852
513621110,745,745,2023-12,3.627,2.73,0.897
513621110,745,745,2024-01,1.1294,0.07,1.0594
513621110,745,745,2024-02,3.0994,2.03,1.0694
513621110,745,745,2024-03,4.2636,2.15,2.1136
513621110,745,745,2024-04,-2.0188,-1.61,0.4088
513621110,745,745,2024-05,2.8089,0.8,2.0089
513621110,745,745,2024-06,3.772,0.71,3.062
513621110,745,745,2024-07,0.2242,1.46,1.2358
513621110,745,745,2024-08,0.3534,1.23,0.8766
513621110,745,745,2024-09,2.7972,1.67,1.1272
513621110,745,745,2024-10,0.6236,0.24,0.3836
513621110,745,745,2024-11,3.205,1.91,1.295
513621110,745,745,2024-12,0.5983,0.83,0.2317
513621110,745,745,2025-01,1.5107,1.3,0.2107
513621110,745,745,2025-02,-0.4274,-0.06,0.3674
513621110,745,745,2025-03,-4.6631,-1.28,3.3831
513621110,745,745,2025-05,5.9032,2.01,3.8932
513621110,745,745,2025-06,6.3808,3.75,2.6308
513621110,745,745,2025-07,2.6386,0.86,1.7786
513621110,745,745,2025-09,2.9874,2.27,0.7174
513621110,745,745,2025-10,2.1825,1.55,0.6325
513621110,745,745,2025-11,1.2842,0.98,0.3042
513621110,745,745,2025-12,1.7082,1.0,0.7082
513621110,745,745,2026-01,4.3033,2.38,1.9233
513621110,745,745,2026-03,-4.2878,-2.55,1.7378
513621110,745,745,2026-04,8.0451,4.1,3.9451
513621110,745,745,2026-05,3.4441,2.21,1.2341
513621110,745,745,2026-06,-3.4149,-0.83,2.5849
514767490,11928,11928,2023-12,1.57,-0.04,1.61
514767490,11942,11942,2023-12,1.55,-0.04,1.59
514767490,11944,11944,2023-12,1.67,1.35,0.32
514767490,7897,7897,2023-12,1.48,-0.03,1.51
513026484,13335,13335,2024-01,1.98904,1.53,0.459
513026484,13335,13335,2024-02,3.43904,2.59,0.849
513026484,13335,13335,2024-03,5.8611,4.38,1.4811
513026484,13335,13335,2024-04,-2.16721,-1.23,0.9372
513026484,13335,13335,2024-05,3.77529,3.09,0.6853
513026484,13335,13335,2024-06,4.86825,3.73,1.1382
513026484,13335,13335,2024-07,1.24171,1.07,0.1717
513026484,13335,13335,2024-08,-0.625,-0.19,0.435
513026484,13335,13335,2024-09,3.80393,2.97,0.8339
513026484,13335,13335,2024-10,-0.5692,-0.38,0.1892
513026484,13335,13335,2024-11,3.67546,2.88,0.7955
513026484,13335,13335,2024-12,-2.20382,-1.61,0.5938
513026484,804,804,2023-02,-1.9267,-1.55,0.3767
513026484,804,804,2023-09,-2.27195,-2.6,0.3281
513026484,806,806,2023-10,-4.38,-2.96,1.42
520023185,858,858,2022-01,-0.8009,-0.02,0.7809
520023185,858,858,2022-03,0.3995,-0.11,0.5095
513026484,8765,8765,2023-07,2.24535,2.64,0.3946
513026484,9475,9475,2023-05,0.0722,0.27,0.1978
520023185,9556,9556,2024-02,-1.43665,-2.17,0.7333
520023185,9556,9556,2024-03,2.70678,3.4,0.6932
520023185,9556,9556,2024-04,-0.66121,-1.3,0.6388
520023185,9556,9556,2024-06,1.20885,1.44,0.2311
520028556,1318,1318,2015-09,-5.8984,-4.67,1.2284
520028556,1318,1318,2015-12,1.7877,-1.77,3.5577
520028556,1318,1318,2016-03,-3.8481,1.69,5.5381
520028556,1318,1318,2016-06,-0.2727,-2.08,1.8073
520028556,1384,1384,2015-09,0.2323,-0.65,0.8823
520028556,1384,1384,2016-03,0.4747,-0.18,0.6547
520028556,1384,1384,2016-06,0.9797,0.6,0.3797
520028556,290,290,2015-12,1.4443,-0.83,2.2743
520028556,290,290,2016-03,-1.0504,1.0,2.0504
520028556,290,290,2016-06,0.8686,-0.39,1.2586
520032269,328,328,2018-01,1.44,1.65,0.21
520032269,328,328,2018-03,-0.94,-0.45,0.49
520032269,328,328,2018-04,0.58,0.74,0.16
520032269,328,328,2018-05,0.38,0.13,0.25
520032269,328,328,2018-07,1.24,1.06,0.18
520032269,328,328,2018-08,0.87,1.22,0.35
520032269,328,328,2018-11,0.19,0.36,0.17
520032269,328,328,2018-12,-2.74,-3.07,0.33
520042177,12936,12936,2020-08,-0.07,0.63,0.7
520042177,12937,12937,2020-08,-1.42,2.93,4.35
520042177,12938,12938,2020-08,-3.04,6.15,9.19
520042177,141,141,2020-08,0.93,0.7,0.23
520042177,142,142,2020-08,-4.87,5.3,10.17
520042177,143,143,2020-08,-0.34,2.39,2.73
520042177,150,150,2020-02,0.36,0.0,0.36
520042177,151,151,2020-02,2.16,0.0,2.16
520042177,152,152,2020-02,1.36,0.0,1.36
520042177,57,57,2020-08,0.28,0.63,0.35
520042177,58,58,2020-08,0.37,6.7,6.33
520042177,62,62,2018-01,1.075,1.24,0.165
520042177,62,62,2020-08,1.99,3.62,1.63
520042177,8834,8834,2020-08,-0.22,2.77,2.99
520042177,9300,9300,2020-08,-0.91,0.63,1.54
520042177,9301,9301,2020-08,-7.75,5.67,13.42
520042177,9302,9302,2020-08,-3.46,3.19,6.65
520042177,9629,9629,2020-08,2.26,4.51,2.25
520042177,9630,9630,2020-08,2.63,4.22,1.59
520042177,9631,9631,2020-08,1.85,3.1,1.25
520042177,9719,9719,2020-08,0.35,3.6,3.25
520042177,9720,9720,2020-08,2.63,6.29,3.66
520042177,9721,9721,2020-08,0.4,0.83,0.43
520042177,9721,9721,2022-03,-0.38772,-0.17,0.2177
520042177,9888,9888,2020-08,-0.86,2.01,2.87
520042573,1437,1437,2015-09,0.2525,-0.36,0.6125
520042573,159,159,2015-12,1.5251,-1.05,2.5751
520042573,7221,7221,2016-06,0.6464,-0.6,1.2464
520042573,7222,7222,2016-03,-0.9393,1.35,2.2893
520042573,7222,7222,2016-06,0.8888,-0.3,1.1888
520042573,7223,7223,2016-06,0.6565,0.18,0.4765
570002618,1477,1477,2022-07,4.94,5.94,1.0
570005959,8571,8571,2017-01,0.569,-0.08,0.649
570005959,8571,8571,2017-02,1.503,0.51,0.993
570005959,8571,8571,2017-04,100.0,0.99,99.01
570005959,8571,8571,2017-05,0.638,1.05,0.412
570005959,8571,8571,2017-06,0.899,-0.63,1.529
570005959,8571,8571,2017-07,100.0,1.1,98.9
570005959,8571,8571,2017-08,1.423,0.35,1.073
570005959,8571,8571,2017-09,1.053,0.42,0.633
570005959,8571,8571,2017-10,100.0,1.1,98.9
570005959,8571,8571,2017-11,1.541,0.62,0.921
