legal_id,key,track_no,track_no_src,track_name,domain,status,n,median_gap,max_gap,months,datagov_match,datagov_match_gap
510773922,9920,9920,title,ארם לבני 60-50(9920),גמל,ok,54,0.0025,0.005,54,,
510773922,9921,9921,title,ארם 60 ומעלה(9921),גמל,ok,54,0.002,0.005,54,,
510773922,9922,9922,title,ארם עד 50(9922),גמל,ok,54,0.002,0.0064,54,,
510806870,1316,1316,title,סוף צידי קובץ,גמל,ok,6,0.0035,0.004,6,,
510806870,1317,1317,title,סוף צידי קובץ,גמל,ok,6,0.002,0.0037,6,,
510806870,1430,1430,title,סוף צידי קובץ,גמל,ok,6,0.001,0.004,6,,
510806870,14848,14848,title,סוף צידי קובץ,גמל,ok,6,0.0025,0.004,6,,
510806870,392,392,title,סוף צידי קובץ,גמל,ok,6,0.0035,0.005,6,,
510806870,8891,8891,title,סוף צידי קובץ,גמל,ok,6,0.002,0.004,6,,
510930670,1471,1471,title,דוח חודשי לתאריך 31/01/16 קבוצה: השתלמות פרח - אג''ח ללא מניות (1612) שם קופה: השתלמות פרח - אג''ח ללא מניות מספר אישור: 1471 קוד קופת הגמל: 510930670-00000000000420-1471-000,גמל,ok,86,0.001,0.6222,103,,
510930670,1611,1611,title_unverified,דוח חודשי לתאריך 31/01/17 קבוצה: השתלמות פרח - כללי (1611) שם קופה מספר אישור קוד קופת הגמל:,,no_data,,,,1,,
510930670,1612,1612,title_unverified,דוח חודשי לתאריך 31/01/17 קבוצה: השתלמות פרח - אגח ללא מנ (1612) שם קופה מספר אישור קוד קופת הגמל:,,no_data,,,,1,,
510930670,420,420,title,דוח חודשי לתאריך 31/01/16 קבוצה: השתלמות פרח - כללי (1611) שם קופה: השתלמות פרח - כללי מספר אישור: 420 קוד קופת הגמל: 510930670-00000000000420-0420-000,גמל,ok,101,0.0,2.393,118,,
510930670,n:השתלמות וחסכון פ ר ח אגח ללא מניות 1471,,,"קרן השתלמות וחסכון פ.ר.ח - מסלול אג""ח ללא מניות -- 1471",,no_data,,,,33,,
510960586,1182,1182,file_name,השתלמות עובדי האוניברסיטה העברית,גמל,ok,18,0.0,0.01,18,,
510960586,12905,12905,file_name,קופת גמל להשקעה לעובדי האוניברסיטה העברית כללי,גמל,ok,18,0.0,0.01,18,,
510960586,13680,13680,file_name,קופת גמל להשקעה לעובדי האוניברסיטה העברית מני,גמל,ok,18,0.0,0.01,18,,
510960586,14769,14769,file_name,אוניברסיטה השתלמות מניות,גמל,ok,18,0.0,0.0,18,,
510960586,15416,15416,file_name,קופת התגמולים לעובדי האוניברסיטה העברית בירוש,גמל,ok,18,0.0,0.0,18,,
510960586,7228,7228,file_name,תגמולים האוניברסיטה העברית עד גיל 50,גמל,ok,18,0.0,0.01,18,,
510960586,7229,7229,file_name,תגמולים האוניברסיטה העברית 60 ומעלה,גמל,ok,18,0.0,0.01,18,,
510960586,969,969,file_name,אישית לפיצוים אוניברסיטה עברית,גמל,ok,18,0.0,0.0,18,,
510960586,9817,9817,file_name,תגמולים האוניברסיטה העברית 50 עד 60,גמל,ok,18,0.0,0.01,18,,
511033060,13649,13649,label,קרן החיסכון לצבא הקבע - מחקה מדד s&p500,גמל,ok,42,0.0024,0.0052,42,,
511033060,1410,1410,label,"קרן החיסכון לצבא הקבע מסלול אשראי ואג""ח",גמל,ok,102,0.0025,0.0054,102,,
511033060,1411,1411,label,קרן החיסכון לצבא הקבע מניות,גמל,ok,42,0.0025,0.0053,42,,
511033060,14274,14274,label,קרן החיסכון לצבא הקבע קיימות,גמל,ok,41,0.0024,0.0049,42,,
511033060,15304,15304,label,קרן החיסכון לצבא הקבע מסלול כספי,גמל,ok,23,0.0027,0.0044,24,,
511033060,15305,15305,label,קרן החיסכון לצבא הקבע מסלול מניות סחיר,גמל,ok,23,0.0028,0.005,24,,
511033060,15306,15306,label,קרן החיסכון לצבא הקבע מסלול משולב סחיר,גמל,ok,23,0.0026,0.0053,24,,
511033060,15307,15307,label,קרן החיסכון לצבא הקבע מסלול עוקב מדדים גמיש,גמל,ok,23,0.0032,0.0054,24,,
511033060,15308,15308,label,קרן החיסכון לצבא הקבע מסלול עוקב מדדי מניות,גמל,ok,23,0.0018,0.0049,24,,
511033060,438,438,label,קרן החיסכון לצבא הקבע כללי,גמל,ok,42,0.0024,0.0054,42,,
511423048,447,447,label_unverified,עתידית,,no_data,,,,54,,
511423048,n:עתידית ותיקה,,,עתידית ותיקה,,no_data,,,,48,,
511789190,300,300,file_name_unverified,קרן עתודות ותיקה,,no_data,,,,66,,
511880460,13855,13855,file_name,אנליסט מסלולית קופת גמל מחקה מדד S&P500 נכסים,גמל,ok,45,0.0,0.01,49,,
511880460,1412,1412,registry_name,אנליסט גמל אגח ממשלת ישראל,גמל,ok,78,0.0,3.1,78,,
511880460,813,813,file_name,אנליסט גמל אגח,גמל,ok,54,0.0,0.01,54,,
511880460,814,814,file_name,"אנליסט גמל מניות בחו""ל",גמל,ok,90,0.0,0.01,90,,
511880460,815,815,file_name,אנליסט גמל שקלי טווח קצר,גמל,ok,54,0.0,0.01,54,,
511880460,817,817,file_name,"אנליסט גמל מניות בחו""ל -- 817",גמל,ok,66,0.0,0.01,66,,
511880460,818,818,file_name,"אנליסט גמל חו""ל",גמל,ok,54,0.0,0.01,54,,
511880460,9730,9730,file_name,אנליסט מסלולית קופת גמל - מסלול לבני 50 ומטה -- 9730,גמל,ok,90,0.0,0.01,90,,
511880460,9731,9731,file_name,אנליסט מסלולית קופת גמל - מסלול לבני 50-60 -- 9731,גמל,ok,90,0.0,4.0689,90,,
511880460,9732,9732,file_name,אנליסט מסלולית קופת גמל - מסלול לבני 60 ומעלה -- 9732,גמל,ok,90,0.0,0.01,90,,
511880460,n:אנליסט אגח 813,,,"אנליסט גמל אג""ח -- 813",,no_data,,,,12,,
511880460,n:אנליסט אגח ממשלת ישראל,,,אנליסט גמל אגח ממשלת ישראל,,no_data,,,,24,,
511880460,n:אנליסט אגח ממשלת ישראל 1412,,,"אנליסט גמל אג""ח ממשלת ישראל -- 1412",,no_data,,,,12,,
511880460,n:אנליסט חול,,,"אנליסט גמל חו""ל",,no_data,,,,24,,
511880460,n:אנליסט חול 818,,,"אנליסט גמל חו""ל -- 818",,no_data,,,,12,,
511880460,n:אנליסט שקלי טווח קצר,,,אנליסט גמל שקלי טווח קצר,,no_data,,,,24,,
511880460,n:אנליסט שקלי טווח קצר 815,,,אנליסט גמל שקלי טווח קצר -- 815,,no_data,,,,12,,
512008335,5601,5601,title_cell_unverified,רבעון שני 2013,,no_data,,,,56,,
512008335,5605,5605,title_cell_unverified,רבעון רביעי 2015,,no_data,,,,1,,
512008335,6161,6161,title_cell_unverified,רבעון שני 2013,,no_data,,,,57,,
512008335,6165,6165,title_cell_unverified,רבעון רביעי 2015,,no_data,,,,1,,
512008335,7209,7209,file_name,קו הבריאות עד 50(7209),גמל,ok,102,0.0,3.37,102,,
512008335,7210,7210,file_name,קו הבריאות 60-50(7210),גמל,ok,102,0.0,2.36,102,,
512008335,7211,7211,file_name,קו הבריאות 60 ומעלה(7211),גמל,ok,99,0.0,0.99,99,,
512008335,8881,8881,title_cell_unverified,פברואר 2016,,no_data,,,,26,,
512237744,0,0,label_unverified,שם מסלול,,no_data,,,,6,,
512237744,1161,1161,label,מקפת דמי מחלה,גמל,ok,54,0.001,0.01,54,,
512237744,12145,12145,label,מקפת אישית למקבלי קצבה,פנסיה,ok,18,0.0027,0.0046,18,,
512237744,12146,12146,label,מקפת אישית הלכה למקבלי קצבה,פנסיה,ok,18,0.0033,0.0052,18,,
512237744,12147,12147,label,מקפת אישית מניות למקבלי קצבה,פנסיה,ok,18,0.0023,0.0043,18,,
512237744,12152,12152,label,מקפת משלימה למקבלי קצבה,פנסיה,ok,18,0.0028,0.0051,18,,
512237744,1304,1304,label,מקפת תקציבית,גמל,ok,54,0.0002,0.01,54,,
512237744,13563,13563,label,מגדל גמל להשקעה מחקה מדד s&p500,גמל,ok,54,0.0018,0.03,54,,
512237744,13565,13565,label,מגדל לתגמולים מחקה מדד s&p500,גמל,ok,51,0.001,0.01,51,,
512237744,13572,13572,label,מגדל מקפת אישית מחקה מדד S&P500,פנסיה,ok,18,0.0021,0.0049,18,,
520004896,13625,13625,label,מגדל ביטוח מחקה מדד s&p 500,ביטוח,ok,12,0.0021,0.0045,12,,
512237744,13627,13627,label,מגדל מקפת משלימה מחקה מדד S&P500,פנסיה,ok,18,0.0024,0.0046,18,,
512237744,14228,14228,label,מגדל לתגמולים ולפיצויים עוקב מדדים - גמיש,גמל,ok,38,0.001,0.005,39,,
512237744,14229,14229,label,מגדל לתגמולים ולפיצויים משולב סחיר,גמל,ok,41,0.002,0.01,42,,
520004896,14239,14239,label,מגדל מסלול משולב סחיר,ביטוח,ok,18,0.0022,0.0048,18,,
520004896,14240,14240,label,מגדל מסלול עוקב מדדים - גמיש,ביטוח,ok,18,0.0033,0.0048,18,,
512237744,14242,14242,label,מגדל מקפת אישית משולב סחיר,פנסיה,ok,18,0.0021,0.0054,18,,
512237744,14243,14243,label,מגדל מקפת אישית עוקב מדדים - גמיש,פנסיה,ok,18,0.0031,0.0053,18,,
512237744,14244,14244,label,מגדל מקפת משלימה משולב סחיר,פנסיה,ok,18,0.0023,0.0042,18,,
512237744,14245,14245,label,מגדל מקפת משלימה עוקב מדדים - גמיש,פנסיה,ok,18,0.0028,0.0044,18,,
512237744,14668,14668,label,מגדל השתלמות מסלול עוקב מדד 500 S&P,גמל,ok,35,0.002,0.01,36,,
520004896,14925,14925,label,מגדל מסלול פאסיבי - מדדי מניות,ביטוח,ok,18,0.0024,0.0047,18,,
512237744,14926,14926,label_other_company,"מגדל מסלול אג""ח עד 20% במניות",ביטוח,ok,18,0.002,0.0048,18,,
512237744,14929,14929,label,מגדל מקפת אישית עוקב מדדי מניות,פנסיה,ok,18,0.0037,0.0043,18,,
512237744,14930,14930,label,מגדל מקפת משלימה עוקב מדדי מניות,פנסיה,ok,18,0.0031,0.0046,18,,
512237744,14943,14943,label,מגדל גמל להשקעה עוקב מדדי מניות,גמל,ok,17,0.003,0.0053,18,,
512237744,14944,14944,label,"מגדל גמל להשקעה אשראי ואג""ח",גמל,ok,29,0.002,0.005,30,,
512237744,14945,14945,label,מגדל השתלמות עוקב מדדי מניות,גמל,ok,29,0.002,0.005,30,,
512237744,15055,15055,label,מגדל תגמולים- מסלול עוקב מדדי מניות,גמל,ok,26,0.002,0.0042,27,,
520004896,15060,15060,label,"מגדל- מנוהל ע""י מגדל שוקי הון- מסלול פאסיבי-מדדי מניות",ביטוח,ok,18,0.0035,0.0042,18,,
520004896,15062,15062,label,"מגדל- מנוהל ע""י מגדל שוקי הון- מסלול מחקה מדד S&P 500",ביטוח,ok,18,0.0024,0.005,18,,
512237744,15340,15340,label,"מגדל השתלמות מסלול אשראי ואג""ח עם מניות (עד 25% מניות)",גמל,ok,23,0.003,0.005,24,,
512237744,15341,15341,label,מגדל גמל להשקעה מסלול עוקב מדדים- גמיש,גמל,ok,23,0.0021,0.021,24,,
512237744,15448,15448,label,מגדל השתלמות מסלול משולב סחיר,גמל,ok,18,0.0015,0.005,19,,
512237744,15449,15449,label,מגדל השתלמות מניות סחיר,גמל,ok,18,0.0028,0.0041,19,,
512237744,15450,15450,label,"מגדל השתלמות עוקב מדדי אג""ח",גמל,ok,18,0.003,0.005,19,,
512237744,15452,15452,label,מגדל תגמולים- מסלול הלכתי,גמל,ok,18,0.003,0.0047,19,,
512237744,15453,15453,label,מגדל תגמולים- מסלול מניות סחיר,גמל,ok,18,0.003,0.0054,19,,
512237744,15454,15454,label,"מגדל תגמולים- מסלול עוקב מדדי אג""ח",גמל,ok,18,0.0022,0.005,19,,
512237744,15455,15455,label,מגדל גמל להשקעה מסלול משולב סחיר,גמל,ok,18,0.002,0.005,19,,
512237744,15456,15456,label,מגדל גמל להשקעה מסלול מניות סחיר,גמל,ok,18,0.0035,0.005,19,,
512237744,15457,15457,label,"מגדל גמל להשקעה עוקב מדדי אג""ח",גמל,ok,18,0.002,0.005,19,,
520004896,15463,15463,label,מגדל מסלול מניות סחיר,ביטוח,ok,16,0.0022,0.0037,16,,
520004896,15464,15464,label,"מגדל מסלול עוקב מדדי אג""ח",ביטוח,ok,16,0.0016,0.0044,16,,
512237744,15524,15524,label,מגדל מקפת אישית - מסלול מניות סחיר,פנסיה,ok,16,0.0031,0.0042,16,,
512237744,15525,15525,label,"מגדל מקפת אישית - מסלול עוקב מדדי אג""ח",פנסיה,ok,16,0.003,0.0053,16,,
512237744,15526,15526,label,מגדל מקפת משלימה - מסלול מניות סחיר,פנסיה,ok,16,0.0033,0.0052,16,,
512237744,15527,15527,label,"מגדל מקפת משלימה - מסלול עוקב מדדי אג""ח",פנסיה,ok,16,0.0032,0.0049,16,,
512237744,15785,15785,label,מגדל מקפת משלימה עוקב מדדים למקבלי קצבה,פנסיה,ok,4,0.0025,0.0038,4,,
512237744,162,162,label_unverified,מגדל מקפת אישית,,no_data,,,,12,,
512237744,17010,17010,label,מגדל-קרן ח',ביטוח,ok,18,0.0027,0.0049,18,,
512237744,17011,17011,label,מגדל-קרן ט',ביטוח,ok,18,0.0017,0.0045,18,,
512237744,17012,17012,label,מגדל-קרן י',ביטוח,ok,18,0.0027,0.0044,18,,
520004896,17013,17013,label,מגדל - כללי,ביטוח,ok,18,0.0025,0.0047,18,,
520004896,185,185,label,מגדל מסלול הלכה,ביטוח,ok,18,0.0019,0.0048,18,,
520004896,1955,1955,label,מגדל מסלול שקלי טווח קצר,ביטוח,ok,18,0.0023,0.0045,18,,
512237744,199,199,label,"מגדל השתלמות אג""ח",גמל,ok,54,0.0005,0.01,54,,
512237744,2048,2048,label,מגדל השתלמות הלכה,גמל,ok,54,0.001,0.01,54,,
512237744,2102,2102,label,מקפת אישית כללי,פנסיה,ok,18,0.0023,0.0051,18,,
512237744,2112,2112,label,מגדל מקפת אישית הלכה,פנסיה,ok,18,0.0027,0.0054,18,,
512237744,2142,2142,label,מגדל מקפת אישית מניות,פנסיה,ok,18,0.0019,0.005,18,,
512237744,2143,2143,label,מגדל מקפת אישית שקלי טווח קצר,פנסיה,ok,18,0.0025,0.0053,18,,
512237744,2144,2144,label,"מגדל מקפת אישית אג""ח",פנסיה,ok,18,0.0012,0.0046,18,,
512237744,2145,2145,label,מקפת משלימה כללי,פנסיה,ok,18,0.0032,0.0054,18,,
512237744,2146,2146,label,מקפת משלימה מניות,פנסיה,ok,18,0.003,0.0049,18,,
512237744,2147,2147,label,מקפת משלימה שקלי טווח קצר,פנסיה,ok,18,0.002,0.0053,18,,
512237744,2148,2148,label,"מקפת משלימה אג""ח",פנסיה,ok,18,0.0035,0.0055,18,,
512237744,2149,2149,label,מקפת משלימה הלכה,פנסיה,ok,18,0.0025,0.0043,18,,
512237744,2207,2207,label,מקפת אישית למקבלי קצבה קיימים,פנסיה,ok,18,0.002,0.0047,18,,
512237744,2208,2208,label,מקפת משלימה למקבלי קצבה קיימים,פנסיה,ok,18,0.0029,0.0053,18,,
512237744,470,470,label,מגדל השתלמות לבני 60 ומעלה,גמל,ok,12,0.0,0.0,12,,
512237744,579,579,label,מגדל השתלמות כללי,גמל,ok,54,0.0003,0.01,54,,
512237744,599,599,label,"מגדל השתלמות אג""ח עד 10% מניות",גמל,ok,12,0.0,0.01,12,,
520004896,68,68,label,"מגדל מסלול אג""ח ממשלת ישראל",ביטוח,ok,18,0.0025,0.0049,18,,
512237744,7253,7253,label,מגדל השתלמות לבני 50 ומטה,גמל,ok,12,0.0,0.01,12,,
512237744,7254,7254,label,מגדל השתלמות לבני 50 עד 60,גמל,ok,12,0.0,0.0,12,,
512237744,7256,7256,label,מגדל השתלמות פאסיבי כללי,גמל,ok,54,0.0006,0.0055,54,,
512237744,745,745,label,מגדל-מרכזית לפיצויים,גמל,ok,54,0.0009,0.005,54,,
520004896,76,76,label,מגדל מסלול מניות,ביטוח,ok,18,0.0025,0.0047,18,,
512237744,7931,7931,label,מגדל גמל להשקעה שיקלי טווח קצר,גמל,ok,54,0.0,0.0052,54,,
512237744,7932,7932,label,"מגדל גמל להשקעה אג""ח ממשלתי ישראלי",גמל,ok,54,0.0,0.01,54,,
512237744,7933,7933,label,"מגדל גמל להשקעה חו""ל",גמל,ok,24,0.0,0.01,24,,
512237744,7934,7934,label,מגדל גמל להשקעה מניות,גמל,ok,54,0.001,0.01,54,,
512237744,7935,7935,label,"מגדל גמל להשקעה אג""ח עד 10% מניות",גמל,ok,54,0.0,0.005,54,,
512237744,7936,7936,label,מגדל גמל להשקעה כללי,גמל,ok,54,0.0,0.01,54,,
512237744,7937,7937,label,מגדל גמל להשקעה הלכתי,גמל,ok,54,0.001,0.01,54,,
512237744,8012,8012,label,"מגדל לתגמולים ולפיצויים אג""ח עד 10% מניות",גמל,ok,54,0.0002,0.01,54,,
512237744,858,858,label,מגדל לתגמולים ולפיצויים שקלי טווח קצר,גמל,ok,54,0.0004,0.01,54,,
512237744,859,859,label,"מגדל לתגמולים ולפיצויים אג""ח ממשלתי ישראלי",גמל,ok,54,0.0009,0.005,54,,
512237744,8602,8602,label,מקפת אישית לזכאים קיימים לקצבה,פנסיה,ok,18,0.0029,0.0055,18,,
512237744,8603,8603,label,מקפת אישית הלכה למקבלי קצבה קיימים,פנסיה,ok,18,0.0022,0.0052,18,,
512237744,8604,8604,label,מקפת משלימה הלכה למקבלי קצבה,פנסיה,ok,18,0.002,0.0042,18,,
512237744,862,862,label,"מגדל לתגמולים ולפיצויים חו""ל",גמל,ok,24,0.0,0.001,24,,
512237744,863,863,label,מגדל לתגמולים ולפיצויים מניות,גמל,ok,54,0.001,0.01,54,,
512237744,864,864,label,מגדל השתלמות שקלי טווח קצר,גמל,ok,54,0.0005,0.01,54,,
512237744,865,865,label,"מגדל השתלמות אג""ח ממשלתי ישראלי",גמל,ok,54,0.0,0.005,54,,
512237744,8659,8659,label_other_company,"מגדל חברה לביטוח בע""מ אג""ח",ביטוח,ok,18,0.0024,0.0041,18,,
512237744,868,868,label,"מגדל השתלמות חו""ל",גמל,ok,24,0.0,0.004,24,,
512237744,869,869,label,מגדל השתלמות מניות,גמל,ok,54,0.0005,0.005,54,,
512237744,8801,8801,label,מגדל מקפת אישית לבני 50 ומטה,פנסיה,ok,18,0.003,0.005,18,,
512237744,8802,8802,label,מגדל מקפת אישית לבני 50 עד 60,פנסיה,ok,18,0.0024,0.0051,18,,
512237744,8803,8803,label,מגדל מקפת אישית לבני 60 ומעלה,פנסיה,ok,18,0.0027,0.0055,18,,
512237744,9453,9453,label,מקפת משלימה לבני 50 ומטה,פנסיה,ok,18,0.0024,0.0053,18,,
512237744,9454,9454,label,מקפת משלימה לבני 50 עד 60,פנסיה,ok,18,0.0024,0.0052,18,,
512237744,9455,9455,label,מקפת משלימה לבני 60 ומעלה,פנסיה,ok,18,0.0015,0.0049,18,,
520004896,9599,9599,label,מגדל מסלול לבני 50 ומטה,ביטוח,ok,18,0.0014,0.0047,18,,
520004896,9604,9604,label,מגדל מסלול לבני 50 עד 60,ביטוח,ok,18,0.0028,0.0046,18,,
520004896,9606,9606,label,מגדל מסלול בסיסי למקבלי קצבה,ביטוח,ok,18,0.0027,0.005,18,,
520004896,9729,9729,label,מגדל מסלול לבני 60 ומעלה,ביטוח,ok,18,0.0026,0.0049,18,,
512237744,9779,9779,label,מגדל לתגמולים ולפיצויים מסלול לבני 50 ומטה,גמל,ok,54,0.0009,0.01,54,,
512237744,9780,9780,label,מגדל לתגמולים ולפיצויים מסלול לבני 50 עד 60,גמל,ok,54,0.001,0.03,54,,
512237744,9781,9781,label,מגדל לתגמולים ולפיצויים מסלול לבני 60 ומעלה,גמל,ok,54,0.0007,0.005,54,,
512237744,9895,9895,label,מגדל חסכון לילד - הלכה,גמל,ok,54,0.0,0.005,54,,
512237744,9896,9896,label,מגדל חסכון לילד - חוסכים המעדיפים סיכון מועט,גמל,ok,54,0.0005,0.005,54,,
512237744,9897,9897,label,מגדל חסכון לילד - חוסכים המעדיפים סיכון בינוני,גמל,ok,54,0.0,0.0052,54,,
512237744,9898,9898,label,מגדל חסכון לילד - חוסכים המעדיפים סיכון מוגבר,גמל,ok,54,0.001,0.01,54,,
520042540,101,101,label,"ביטוח מניות בחו""ל",ביטוח,ok,114,0.002,0.005,114,,
512245812,1114,1114,label,AE,גמל,ok,75,0.003,0.0051,75,,
512245812,11320,11320,label,AE,גמל,ok,78,0.002,0.005,78,,
512245812,11409,11409,label,AE,גמל,ok,78,0.003,0.005,78,,
512245812,13029,13029,label_other_company,ינואר,ביטוח,ok,71,0.0021,0.0049,71,,
512245812,13352,13352,label,"מנורה מבטחים משלימה מדדי מניות חו""ל - פאסיבי",פנסיה,ok,30,0.0022,0.0052,30,,
512245812,13353,13353,label,AE,גמל,ok,65,0.003,0.005,66,,
512245812,13354,13354,label,AE,גמל,ok,65,0.003,0.005,66,,
512245812,1364,1364,label,AE,גמל,ok,78,0.002,0.0052,78,,
512245812,13869,13869,label,AE,גמל,ok,49,0.002,0.0051,50,,
512245812,13873,13873,label,AE,גמל,ok,50,0.0029,0.005,51,,
512245812,13874,13874,label,AE,גמל,ok,50,0.002,0.005,51,,
512245812,13875,13875,label,מנורה מבטחים משלימה מחקה מדד S&P500,פנסיה,ok,30,0.002,0.0053,30,,
512245812,14309,14309,label,מנורה מבטחים משלימה עוקב מדדים גמיש,פנסיה,ok,30,0.0027,0.0054,30,,
520042540,14313,14313,label,"מנורה מבטחים ביטוח בע""מ משולב סחיר",ביטוח,ok,40,0.0028,0.0048,41,,
520042540,14314,14314,label,"מנורה מבטחים ביטוח בע""מ עוקב מדדים גמיש",ביטוח,ok,40,0.0021,0.005,41,,
520042540,14315,14315,label,מנורה ביטוח פאסיבי מדדי מניות,ביטוח,ok,40,0.003,0.0049,40,,
520042540,14316,14316,label,מנורה ביטוח מסלול מחקה מדד S&P500,ביטוח,ok,27,0.0027,0.005,27,,
520042540,14675,14675,label,מנורה ביטוח מסלול קיימות,ביטוח,ok,35,0.002,0.005,37,,
512245812,14677,14677,label,מנורה מבטחים משלימה - מסלול מניות,פנסיה,ok,30,0.0024,0.0054,30,,
512245812,14678,14678,label,AE,גמל,mismatch,36,0.332,2.337,37,,
520042540,14828,14828,label,מנורה ביטוח מסלול פסיבי מדדי אגח,ביטוח,ok,29,0.0022,0.0049,29,,
512245812,15342,15342,label,"מנורה מבטחים פנסיה - מסלול אג""ח ממשלות",פנסיה,ok,24,0.0016,0.0054,24,,
512245812,15465,15465,label,AE,גמל,ok,17,0.006,0.401,18,,
512245812,15724,15724,label,AE,גמל,ok,6,0.0021,0.004,7,,
512245812,15784,15784,label,מנורה מבטחים משלימה מניות סחיר,פנסיה,ok,5,0.0015,0.0046,5,,
512245812,1651,1651,label,מנורה מבטחים משלימה - יעד לפרישה 2045,פנסיה,ok,30,0.0025,0.005,30,,
512245812,180,180,label_other_company,אגח משלת ישראל,ביטוח,ok,114,0.0022,0.005,114,,
512245812,18011,18011,label,מנורה-קרן ט',ביטוח,ok,102,0.0019,0.0049,102,,
512245812,18012,18012,label,מנורה-קרן י',ביטוח,ok,30,0.0,0.0043,30,,
512245812,18013,18013,label,מנורה-קרן י' חדשה,ביטוח,ok,30,0.0,0.0043,30,,
512245812,181,181,sheet,אגח משלת ישראל צמוד מדד,ביטוח,ok,52,0.0022,0.0048,52,,
520042540,184,184,label,ביטוח הלכה,ביטוח,ok,114,0.0021,0.005,114,,
512245812,2016,2016,label,מנורה מבטחים פנסיה- מסלול יעד לפרישה 2045,פנסיה,ok,30,0.0022,0.0048,30,,
520042540,41,41,label,"מנורה מבטחים ביטוח בע""מ שיקלי טווח קצר",ביטוח,ok,30,0.0026,0.0049,30,,
512245812,42,42,label_other_company,מנורה ביטוח אגח צמוד מדד,ביטוח,ok,66,0.0024,0.005,66,,
512245812,43,43,label_other_company,"ביטוח מט""ח",ביטוח,ok,114,0.0024,0.005,114,,
520042540,44,44,label,"מנורה מבטחים ביטוח בע""מ מניות",ביטוח,ok,30,0.0024,0.0049,30,,
512245812,8675,8675,label,AE,גמל,ok,78,0.002,0.005,78,,
512245812,8678,8678,label,AE,גמל,ok,78,0.003,0.005,78,,
512245812,8683,8683,label,AE,גמל,ok,78,0.003,0.005,78,,
512245812,8684,8684,label,AE,גמל,ok,78,0.003,0.005,78,,
512245812,8693,8693,label,AE,גמל,ok,75,0.002,0.005,75,,
512245812,8716,8716,label,AE,גמל,ok,78,0.003,0.005,78,,
520042540,9534,9534,label,בסיסי למקבלי קצבה,ביטוח,ok,114,0.0024,0.005,114,,
512245812,9535,9535,label_other_company,"מתמחה למקבלי קצבה אג""ח עד 25% מניות",ביטוח,ok,114,0.0023,0.005,114,,
520042540,9536,9536,label,לבני 50 ומטה,ביטוח,ok,114,0.0024,0.0049,114,,
520042540,9537,9537,label,לבני 50 עד 60,ביטוח,ok,114,0.0028,0.005,114,,
520042540,9544,9544,label,לבני 60 ומעלה,ביטוח,ok,114,0.0024,0.0049,114,,
512245812,9662,9662,label,AE,גמל,ok,78,0.003,0.005,78,,
512245812,9793,9793,file_name,AE,גמל,ok,12,0.0035,0.005,12,,
512245812,n:אגח צמוד מדד,,,"אג""ח צמוד מדד",,no_data,,,,12,,
512245812,n:ביטוח כללי,,,ביטוח כללי,,no_data,,,,12,,
512245812,n:ביטוח מניות,,,ביטוח מניות,,no_data,,,,12,,
512245812,n:ינואר,,,ינואר,,no_data,,,,18,,
512245812,n:מנורה ביטוח אגח,,,מנורה ביטוח אגח,,no_data,,,,36,,
512245812,n:מנורה ביטוח י החדשה,,,מנורה ביטוח קרן י החדשה,,no_data,,,,15,,
512245812,n:מנורה ביטוח י הישנה,,,מנורה ביטוח קרן י' הישנה,,no_data,,,,15,,
512245812,n:מנורה ביטוח כללי,,,מנורה ביטוח כללי,,no_data,,,,60,,
512245812,n:מנורה ביטוח מניות,,,מנורה ביטוח מניות,,no_data,,,,72,,
512245812,n:מנורה ביטוח שקלי,,,מנורה ביטוח שקלי,,no_data,,,,40,,
512245812,n:מנורה ביטוח שקלי המסלול נסגר בתאריך 4 2021,,,מנורה ביטוח שקלי - המסלול נסגר בתאריך 4/2021,,no_data,,,,4,,
512245812,n:מנורה ביטוח שקלי טווח קצר,,,מנורה ביטוח שקלי טווח קצר,,no_data,,,,66,,
512245812,n:משתתף 91,,,משתתף 91,,no_data,,,,12,,
512245812,n:שקלי,,,שקלי,,no_data,,,,12,,
512245812,n:שקלי טווח קצר,,,שקלי טווח קצר,,no_data,,,,12,,
512245812,n:תחילת טבלה 1,,,תחילת טבלה 1,,no_data,,,,12,,
512362914,13711,13711,file_name,מחוג גמל להשקעה,גמל,ok,18,0.0,0.01,18,,
512362914,15444,15444,file_name,מחוג חיסכון פלוס מניות,גמל,ok,16,0.0,0.01,18,,
512362914,556,556,file_name,מחוג גמל כללי,גמל,ok,18,0.0,0.15,18,,
512362914,7205,7205,file_name,מחוג גמל לבני 50 ומטה,גמל,ok,18,0.0,0.01,18,,
512362914,7206,7206,file_name,מחוג גמל לבני 50 עד 60,גמל,ok,18,0.0,0.0,18,,
512362914,7207,7207,file_name,מחוג גמל לבני 60 ומעלה,גמל,ok,18,0.0,0.01,18,,
512711409,14118,14118,title,התחלת טבלה,גמל,ok,37,0.002,0.005,38,,
512711409,14119,14119,title,התחלת טבלה,גמל,ok,34,0.003,0.005,36,,
512711409,1444,1444,label_unverified,דוח חודשי לתאריך 30/09/15 קבוצה: גל מסלול אג''ח ללא מניות (418) שם קופה מספר אישור 1444 קוד קופת הגמל:,גמל,check,1,0.2786,0.2786,1,,
512711409,1479,1479,label_unverified,דוח חודשי לתאריך 30/09/15 קבוצה: כלנית (414) שם קופה מספר אישור 1479,גמל,check,1,0.1274,0.1274,1,,
512711409,15376,15376,title,סוף צידי קובץ,גמל,ok,14,0.002,0.005,18,,
512711409,15377,15377,title,סוף צידי קובץ,גמל,ok,14,0.0035,0.004,18,,
512711409,408,408,title_other_company,דוח חודשי לתאריך 30/11/15 קבוצה: גל (408) שם קופה מספר אישור,גמל,check,18,0.195,2.8762,18,,
512711409,414,414,title_unverified,דוח חודשי לתאריך 30/11/15 קבוצה: כלנית (414) שם קופה מספר אישור,,no_data,,,,19,,
512711409,418,418,title_other_company,דוח חודשי לתאריך 29/10/15 קבוצה: גל מסלול אג''ח ללא מניות (418) שם קופה מספר אישור קוד קופת הגמל:,גמל,check,18,0.29,2.49,18,,
512711409,425,425,title_unverified,דוח חודשי לתאריך 31/01/16 קבוצה: גל גמל לבני 50 ומטה (425) שם קופה מספר אישור קוד קופת הגמל:,,no_data,,,,15,,
512711409,429,429,title_unverified,דוח חודשי לתאריך 31/01/16 קבוצה: כלנית גמל לבני 50 ומטה (429) שם קופה מספר אישור קוד קופת הגמל:,,no_data,,,,16,,
512711409,430,430,title_unverified,דוח חודשי לתאריך 31/01/16 קבוצה: כלנית גמל לבני 60 ומעלה (430) שם קופה מספר אישור קוד קופת הגמל:,,no_data,,,,16,,
512711409,637,637,label_unverified,דוח חודשי לתאריך 30/09/15 קבוצה: גל (408) שם קופה מספר אישור 637,גמל,check,1,0.127,0.127,1,,
512711409,7240,7240,title,דוח חודשי לתאריך 31/10/16 קבוצה: כלנית גמל לבני 60 ומעלה (430) שם קופה קופת גמל כלנית לבני 60 ומעלה מספר אישור 7240 קוד קופת הגמל:,גמל,ok,112,0.0,0.005,112,,
512711409,7242,7242,title,דוח חודשי לתאריך 31/10/16 קבוצה: גל גמל לבני 50 ומטה (425) שם קופה קופת גמל גל לבני 50 ומטה מספר אישור 7242 קוד קופת הגמל:,גמל,ok,115,0.001,0.006,115,,
512711409,7243,7243,title,דוח חודשי לתאריך 31/10/16 קבוצה: גל גמל לבני 50-60 (408) שם קופה קופת גמל גל לבני 50-60 מספר אישור 7243 קוד קופת הגמל:,גמל,ok,116,0.001,0.7979,116,,
512711409,7244,7244,title,דוח חודשי לתאריך 31/10/16 קבוצה: גל גמל לבני 60 ומעלה (418) שם קופה קופת גמל גל לבני 60 ומעלה מספר אישור 7244 קוד קופת הגמל:,גמל,ok,112,0.001,0.005,112,,
512711409,7245,7245,title,דוח חודשי לתאריך 31/10/16 קבוצה: כלנית לבני 50-60 (414) שם קופה קופת גמל כלנית לבני 50-60 מספר אישור 7245 קוד קופת הגמל:,גמל,ok,115,0.001,0.005,115,,
512711409,7246,7246,title,דוח חודשי לתאריך 31/10/16 קבוצה: כלנית גמל לבני 50 ומטה (429) שם קופה קופת גמל כלנית לבני 50 ומטה מספר אישור 7246 קוד קופת הגמל:,גמל,ok,115,0.001,0.01,115,,
512711409,9924,9924,title_unverified,הגומל גמל לבני 50 ומטה -- 9924,גמל,ok,36,0.0,0.01,36,,
512711409,9925,9925,title_unverified,הגומל גמל לבני 50 עד 60 -- 9925,גמל,ok,36,0.0,0.005,36,,
512711409,9926,9926,title_unverified,הגומל גמל לבני 60 ומעלה -- 9926,גמל,ok,36,0.0,0.01,36,,
512711409,n:הגומל לבני 50 ומטה 9924,,,הגומל גמל לבני 50 ומטה -- 9924,,no_data,,,,12,,
512711409,n:הגומל לבני 50 עד 60 9925,,,הגומל גמל לבני 50 עד 60 -- 9925,,no_data,,,,12,,
512711409,n:הגומל לבני 60 ומעלה 9926,,,הגומל גמל לבני 60 ומעלה -- 9926,,no_data,,,,12,,
513026484,1008,1008,label,תחילת טבלה,גמל,ok,65,0.0032,1.57,65,,
513026484,11310,11310,label,הפניקס חיסכון לילד - חוסכים המעדיפים סיכון מועט (11310),גמל,ok,54,0.0028,0.1105,54,,
513026484,11311,11311,label,הפניקס חיסכון לילד - חוסכים המעדיפים סיכון מוגבר (11311),גמל,ok,54,0.003,0.1297,54,,
513026484,11312,11312,label,הפניקס חיסכון לילד - חוסכים המעדיפים סיכון בינוני (11312),גמל,ok,54,0.0027,0.0521,54,,
513026484,11335,11335,label,הפניקס חיסכון לילד - הלכה (11335),גמל,ok,54,0.0027,0.1192,54,,
513026484,11352,11352,label,הפניקס חיסכון לילד - שריעה (11352),גמל,ok,54,0.0033,0.0718,54,,
513026484,12088,12088,label,"הפניקס גמל חו""ל",גמל,ok,15,0.0589,0.3091,16,,
513026484,13209,13209,label,הפניקס גמל להשקעה שיקלי טווח קצר (13209),גמל,ok,54,0.0029,0.0156,54,,
513026484,13250,13250,label,הפניקס גמל להשקעה מחקה מדד S&P500 (13250),גמל,ok,54,0.0036,0.1336,54,,
513026484,13263,13263,label,הפניקס גמל מחקה מדד s&p500 (13263),גמל,ok,54,0.0033,0.1457,54,,
513026484,14281,14281,label,הפניקס גמל מסלול משולב סחיר,גמל,ok,39,0.0031,0.3011,41,,
513026484,14282,14282,label,הפניקס גמל מסלול עוקב מדדים גמיש,גמל,ok,17,0.0195,2.3305,18,,
513026484,15208,15208,label,"הפניקס גמל אג""ח סחיר",גמל,ok,23,0.0029,0.0047,24,,
513026484,15209,15209,label,הפניקס גמל מניות סחיר,גמל,ok,23,0.0036,0.0051,24,,
513026484,15210,15210,label,הפניקס גמל עוקב מדדי מניות,גמל,ok,23,0.003,0.005,24,,
513026484,15214,15214,label,הפניקס גמל להשקעה משולב סחיר,גמל,ok,23,0.0021,0.0052,24,,
513026484,15215,15215,label,"הפניקס גמל להשקעה אג""ח סחיר",גמל,ok,23,0.003,0.0047,24,,
513026484,15233,15233,label,הפניקס גמל להשקעה מסלול מניות סחיר,גמל,ok,23,0.0033,0.0054,24,,
513026484,15234,15234,label,הפניקס גמל מסלול עוקב מדדים גמיש חדש,גמל,ok,23,0.0021,0.0055,24,,
513026484,2049,2049,label,הפניקס גמל שריעה (2049),גמל,ok,54,0.0038,0.0849,54,,
513026484,211,211,label,"הפניקס גמל אג""ח עד 15% מניות (211)",גמל,ok,30,0.0037,0.0183,30,,
513026484,385,385,label,"הפניקס גמל אג""ח ללא מניות (385)",גמל,ok,54,0.0026,0.07,54,,
513026484,401,401,label,הפניקס גמל לבני 60 ומעלה (401),גמל,ok,54,0.0035,0.0208,54,,
513026484,606,606,title_unverified,IRA סנונית הלמן (606),,no_data,,,,6,,
513026484,7905,7905,label,"הפניקס גמל להשקעה אג""ח ללא מניות (7905)",גמל,ok,54,0.003,0.1328,54,,
513026484,7906,7906,label,"הפניקס גמל להשקעה אג""ח עד 15% מניות (7906)",גמל,ok,54,0.0028,0.1368,54,,
513026484,7907,7907,label,הפניקס גמל להשקעה מניות פאסיבי (7907),גמל,ok,54,0.0032,0.1592,54,,
513026484,7908,7908,label,הפניקס גמל להשקעה כללי (7908),גמל,ok,54,0.0035,0.0422,54,,
513026484,7909,7909,label,הפניקס גמל להשקעה כללי פאסיבי (7909),גמל,ok,54,0.003,1.7022,54,,
513026484,7975,7975,label,הפניקס גמל להשקעה מניות (7975),גמל,ok,54,0.0028,0.0624,54,,
513026484,8004,8004,label,הפניקס גמל להשקעה שריעה (8004),גמל,ok,54,0.003,0.3315,54,,
513026484,849,849,title_unverified,IRA סנונית הלמן (849),,no_data,,,,12,,
513026484,8624,8624,label,הפניקס גמל פאסיבי לבני 60 ומעלה (8624),גמל,ok,30,0.0048,0.4398,30,,
513026484,9418,9418,label,הפניקס גמל מסלולית לפיצויים רבת מסלולים - כללית (9418),,no_data,,,,54,,
513026484,9529,9529,label,הפניקס גמל מסלול לבני 50 עד 60 (9529),גמל,ok,54,0.0026,0.048,54,,
513026484,961,961,label,הפניקס גמל מסלול מניות (961),גמל,ok,54,0.0027,0.0665,54,,
513026484,9905,9905,label,הפניקס גמל פאסיבי לבני 50 ומטה (9905),גמל,ok,30,0.005,4.0394,30,,
513026484,9906,9906,label,הפניקס גמל שיקלי טווח קצר (9906),גמל,ok,54,0.0027,0.014,54,,
513026484,9916,9916,label,הפניקס גמל לבני 50 ומטה (9916),גמל,ok,54,0.003,0.026,54,,
513026484,9917,9917,label,הפניקס גמל פאסיבי לבני 50 עד 60 (9917),גמל,ok,30,0.0035,5.1731,30,,
513452003,9957,9957,file_name,עתא אישית לפיצוים בני 50 עד 60 9957,גמל,ok,66,0.0,0.01,66,,
513611509,1036,1036,label,ילין לפידות קופת גמל מסלול,גמל,ok,30,0.0,3.74,30,,
513611509,1037,1037,label,ילין לפידות גמל מסלול אשראי ואגח,גמל,ok,54,0.0,0.01,54,,
513611509,1038,1038,label,ילין השתלמות אגח עד 25% מניות,גמל,ok,27,0.0,0.01,27,,
513611509,1039,1039,label,ילין לפידות מרכזית לפיצויים,גמל,ok,27,0.0,0.01,27,,
513611509,11390,11390,title_cell,ילין לפידות גמל להשקעה כללי,גמל,ok,27,0.0,0.01,27,,
513611509,11391,11391,title_cell,ילין לפידות גמל להשקעה מסלול אשראי ואגח 11391,גמל,ok,54,0.0,0.01,54,,
513611509,11392,11392,title_cell,ילין לפידות גמל להשקעה אגח עד 20% מניות,גמל,ok,27,0.0,0.01,27,,
513611509,11393,11393,title_cell,ילין לפידות גמל להשקעה אגח ממשלות,גמל,ok,27,0.0,0.01,27,,
513611509,11394,11394,title_cell,ילין לפידות גמל להשקעה מניות,גמל,ok,27,0.0,0.0,27,,
513611509,1162,1162,label,ילין לפידות השתלמות כללי,גמל,ok,27,0.0,0.01,27,,
513611509,1319,1319,label,ילין לפידות השתלמות אגח,גמל,ok,27,0.0,0.0,27,,
513611509,1360,1360,label,ילין גמל מסלול אגח ממשלות AE,גמל,ok,54,0.0,0.01,54,,
513611509,1361,1361,label,ילין השתל אגח ממשלתי,גמל,ok,27,0.0,0.01,27,,
513611509,14292,14292,title_cell,ילין לפידות גמל מסלול משולב סחיר 14292,גמל,ok,41,0.0,0.01,42,,
513611509,14293,14293,title_cell,ילין לפידות קופת גמל מסלול עוקב מדדים גמיש AE,גמל,ok,41,0.0,0.01,42,,
513611509,14657,14657,label,ילין מסלול השתלמות עוקב מדדים,גמל,ok,15,0.0,0.0,18,,
513611509,14658,14658,title_cell,ילין גמל להשקעה מסלול פאסיבי כללי,גמל,ok,12,0.0,0.01,15,,
513611509,14849,14849,label,ילין לפידות השתלמות אס.אנד.פי 500,גמל,ok,6,0.0,0.0,7,,
513611509,15714,15714,registry_name,ילין לפידות קרן השתלמות מסלול מניות סחיר AE,גמל,ok,2,0.0,0.0,3,,
513611509,15715,15715,registry_name,ילין לפידות קופת גמל להשקעה מסלול מניוEתA סחיר,גמל,ok,8,0.0,0.0,9,,
513611509,8056,8056,label,ילין לפידות קמפ כללי ב,גמל,ok,27,0.0,0.01,27,,
513611509,8563,8563,label,ילין לפידות קרן השתלמות מסלול מניות סEחיAר,גמל,ok,33,0.0,5.64,33,,
513611509,9939,9939,label,ילין לפידות גמל בני 50 ומטה,גמל,ok,27,0.0,0.0,27,,
513611509,9940,9940,label,ילין לפידות גמל לבני 50 עד 60,גמל,ok,27,0.0,0.01,27,,
513611509,9941,9941,label,ילין לפידות גמל בני 60 ומעלה,גמל,ok,27,0.0,0.01,27,,
513611509,n:2024 1 2 3 4 5 6 7 8 9 10 11,,,2024 1 2 3 4 5 6 7 8 9 10 11,,no_data,,,,6,,
513611509,n:page1,,,,,no_data,,,,30,,
513611509,n:ילין השתל אגח ממשלות AE,,,ילין השתל מסלול אגח ממשלות AE,,no_data,,,,30,,
513611509,n:ילין השתלמות אשראי ואגח עם מניEוAת,,,ילין השתלמות מסלול אשראי ואגח עם מניEוAת,,no_data,,,,15,,
513611509,n:ילין השתלמות אשראי ואגח עם מניוEתA,,,ילין השתלמות מסלול אשראי ואגח עם מניוEתA,,no_data,,,,3,,
513611509,n:ילין השתלמות אשראי ואגח עם מניות AE,,,ילין השתלמות מסלול אשראי ואגח עם מניות AE,,no_data,,,,18,,
513611509,n:ילין השתלמות אשראי ואגח עם מניותEA,,,ילין השתלמות מסלול אשראי ואגח עם מניותEA,,no_data,,,,12,,
513611509,n:ילין לפידות להשקעה אשראEי Aואגח,,,ילין לפידות גמל להשקעה מסלול אשראEי Aואגח,,no_data,,,,9,,
513611509,n:ילין עוקב אס אנד פי 500 AE,,,ילין גמל מסלול עוקב אס.אנד.פי 500 AE,,no_data,,,,22,,
513621110,1078,1078,label,409 אינפיניטי גמל אגח,גמל,ok,12,0.0,0.01,12,,
513621110,1079,1079,datagov_yield,אינפיניטי גמל מניות בישראל,גמל,ok,66,0.0024,0.0055,66,,
513621110,1084,1084,label,אינפיניטי השתלמות אגח,גמל,ok,12,0.0,0.0,12,,
513621110,1085,1085,label,אינפיניטי השתלמות מניות בישראל,גמל,ok,12,0.0,0.01,12,,
513621110,1095,1095,registry_name,אינפיניטי פיצויים סל אגח,גמל,ok,99,0.0016,0.0053,99,,
513621110,11372,11372,datagov_yield,אינפיניטי חסכון לילד סיכון בינוני,גמל,ok,90,0.002,0.0053,90,,
513621110,11373,11373,label,אינפיניטי חסכון לילד סיכון גבוה,גמל,ok,24,0.0,0.01,24,,
513621110,11374,11374,label,אינפיניטי חסכון לילד סיכון מועט,גמל,ok,12,0.0,0.0,12,,
513621110,11407,11407,label,אינפיניטי גמל להשקעה מניות,גמל,ok,24,0.0,0.0,24,,
513621110,11914,11914,registry_name,אינפיניטי חסכון לילד הלכה,גמל,ok,96,0.002,0.01,96,,
513621110,11957,11957,label,"אינפיניטי השתלמות אג""ח עד 25% מניות",גמל,ok,24,0.0,0.01,24,,
513621110,1209,1209,label,אינפיניטי גמל אגח,גמל,ok,24,0.0,2.16,24,,
513621110,1210,1210,registry_name,אינפיניטי השתלמות אגח,גמל,check,78,0.284,5.0903,78,,
513621110,1211,1211,registry_name,תא ריק,גמל,ok,102,0.0013,0.0055,102,,
513621110,12540,12540,label,אינפיניטי גמל להשקעה הלכה,גמל,ok,12,0.0,0.0,12,,
513621110,13228,13228,registry_name,אינפיניטי גמל להשקעה עוקב מדדים גמיש (810),גמל,ok,30,0.0037,0.0052,30,,
513621110,13229,13229,registry_name,אינפיניטי השתלמות כללי,גמל,ok,69,0.0027,0.0053,85,,
513621110,14037,14037,file_name,אינפיניטי מקיפה לבני 50 ומטה,פנסיה,ok,51,0.0029,0.0054,51,,
513621110,14038,14038,file_name,אינפיניטי מקיפה לבני 50-60,פנסיה,ok,49,0.0026,0.0054,49,,
513621110,14039,14039,file_name,אינפיניטי מקיפה לבני 60 ומעלה,פנסיה,ok,49,0.0024,0.0054,49,,
513621110,14040,14040,file_name,אינפיניטי מקיפה פאסיבי - מדדי מניות,פנסיה,ok,48,0.0029,0.0053,48,,
513621110,14042,14042,file_name,אינפיניטי מקיפה כהלכה,פנסיה,ok,51,0.0022,0.0055,51,,
513621110,14043,14043,file_name,אינפיניטי מקיפה למקבלי קצבה,פנסיה,ok,42,0.0025,0.0049,42,,
513621110,14045,14045,file_name,אינפיניטי משלימה לבני 50 ומטה,פנסיה,ok,48,0.0021,0.0051,49,,
513621110,14046,14046,file_name,אינפיניטי משלימה לבני 50-60,פנסיה,ok,43,0.003,0.0054,43,,
513621110,14047,14047,file_name,אינפיניטי משלימה לבני 60 ומעלה,פנסיה,ok,47,0.0026,0.0055,47,,
513621110,14048,14048,file_name,אינפיניטי משלימה פאסיבי - מדדי מניות,פנסיה,ok,42,0.0022,0.0049,42,,
513621110,14049,14049,file_name,אינפיניטי משלימה כהלכה,פנסיה,ok,35,0.0023,0.0054,37,,
513621110,14050,14050,file_name,אינפיניטי משלימה למקבלי קצבה,פנסיה,ok,14,0.0024,0.0042,18,,
513621110,14054,14054,file_name,אינפיניטי מקיפה עוקב מדד S&P 500,פנסיה,ok,50,0.0025,0.0055,50,,
513621110,14058,14058,file_name,אינפיניטי משלימה עוקב מדד S&P 500,פנסיה,ok,39,0.0029,0.0055,39,,
513621110,14331,14331,registry_name,אינפיניטי גמל משולב סחיר (518),גמל,ok,23,0.0022,0.0053,24,,
513621110,14332,14332,registry_name,אינפיניטי משלימה עוקב מדדים גמיש,גמל,ok,25,0.0026,0.0055,26,,
513621110,14333,14333,file_name,אינפיניטי מקיפה משולב סחיר,פנסיה,ok,31,0.0031,0.0053,31,,
513621110,14334,14334,registry_name,אינפיניטי מקיפה עוקב מדדים גמיש,פנסיה,ok,37,0.0025,0.0055,37,,
513621110,14335,14335,file_name,אינפיניטי משלימה משולב סחיר,פנסיה,ok,18,0.0016,0.0047,18,,
513621110,14336,14336,file_name,אינפיניטי משלימה עוקב מדדים גמיש,פנסיה,ok,17,0.002,0.0053,18,,
513621110,1490,1490,datagov_yield,אינפיניטי גמל אגח קונצרני,גמל,ok,24,0.0,0.01,24,,
513621110,1491,1491,datagov_yield,"אינפיניטי השתלמות אג""ח קונצרני (731)",גמל,ok,12,0.0038,0.0053,12,,
513621110,14920,14920,registry_name,אינפיניטי השתלמות עוקב מדד 500 S (509),גמל,ok,26,0.0024,0.0045,28,,
513621110,14921,14921,registry_name,אינפיניטי השתלמות עוקב מדדי מניות (510),גמל,ok,27,0.0021,0.0053,28,,
513621110,14922,14922,registry_name,אינפיניטי השתלמות הלכה (511),גמל,ok,27,0.0029,0.0053,28,,
513621110,14923,14923,registry_name,אינפיניטי גמל להשקעה עוקב מדד 500 S (512),גמל,ok,27,0.0022,0.0054,28,,
513621110,1536,1536,label,אינפיניטי גמל מניות בישראל,גמל,ok,24,0.0,0.0,24,,
513621110,1537,1537,registry_name,אינפיניטי השתלמות מניות בישראל,גמל,mismatch,102,0.5888,12.1105,102,1085,0.0027
513621110,15396,15396,registry_name,אינפיניטי גמל הלכה (552),גמל,ok,18,0.0026,0.0051,18,,
513621110,15418,15418,registry_name,אינפיניטי גמל להשקעה משולב סחיר (674),גמל,ok,18,0.0031,0.005,18,,
513621110,15685,15685,file_name,אינפיניטי מקיפה מניות,פנסיה,ok,11,0.0016,0.0039,11,,
513621110,15686,15686,file_name,אינפיניטי משלימה מניות,פנסיה,ok,6,0.0028,0.0041,6,,
513621110,2252,2252,label,אינפיניטי השת עד 15 אחוז מניות,גמל,ok,12,0.0,0.0,12,,
513621110,2254,2254,registry_name,אינפיניטי השתלמות חוסכים מוטי סיכון,גמל,ok,87,0.002,0.01,87,,
513621110,295,295,datagov_yield_other_company,דו''ח רבעוני לתאריך 31/12/2012 קבוצה: 449קרן השתלמות הרוקחים (2449) שם קופה קרן השתלמות רוקחים מספר אישור 295,גמל,ok,146,0.0007,3.39,146,,
513621110,508,508,title_unverified,אינפיניטי גמל עוקב מדד 500 S (508),,no_data,,,,28,,
513621110,513,513,title_other_company,אינפיניטי גמל להשקעה עוקב מדדי מניות (513),גמל,mismatch,28,2.2581,8.5305,28,14924,0.0026
513621110,556,556,title_other_company,אינפיניטי גמל עוקב מדדי מניות (556),גמל,mismatch,18,3.2352,11.0813,18,15423,0.0014
513621110,715,715,title_other_company,"אינפיניטי גמל אג""ח (715)",גמל,mismatch,78,0.4936,6.4618,78,1078,0.002
513621110,716,716,title_other_company,"אינפיניטי גמל מניות בחו""ל (716)",גמל,mismatch,78,2.3638,7.408,78,,
513621110,720,720,title_unverified,"אינפיניטי גמל אג""ח ממשלת ישראל (720)",,no_data,,,,78,,
513621110,7231,7231,registry_name,אינפיניטי גמל לבני 50 ומטה,גמל,ok,102,0.0021,0.0054,102,,
513621110,7232,7232,registry_name,אינפיניטי גמל לבני 50 עד 60,גמל,ok,102,0.0018,0.0611,102,,
513621110,7233,7233,datagov_yield,אינפיניטי גמל לבני 60 ומעלה,גמל,ok,102,0.0018,0.0055,102,,
513621110,725,725,title_unverified,"אינפינטי השתלמות אשראי ואג""ח (725)",,no_data,,,,30,,
513621110,730,730,title_unverified,"אינפיניטי השתלמות אג""ח ממשלת ישראל (730)",,no_data,,,,78,,
513621110,732,732,title_unverified,"אינפינטי השתלמות מסלול אג""ח עד 25% מניות (732)",,no_data,,,,78,11957,0.0026
513621110,733,733,title_unverified,"אינפינטי השתלמות מסלול אג""ח עד 15% מניות (733)",,no_data,,,,42,2252,0.0022
513621110,739,739,title_other_company,תא ריק,גמל,mismatch,78,1.5055,6.187,78,9638,0.0027
513621110,740,740,title_unverified,"אינפיניטי גמל להשקעה אג""ח עד 15% מניות (740)",,no_data,,,,78,9639,0.0023
513621110,741,741,title_other_company,אינפיניטי גמל להשקעה מניות (741),גמל,mismatch,78,2.0423,9.7394,78,11407,0.0021
513621110,742,742,title_other_company,אינפיניטי גמל להשקעה הלכה (742),גמל,mismatch,78,2.0168,9.2246,78,,
513621110,744,744,title_unverified,אינפיניטי לילד סיכון מועט (744),גמל,mismatch,9,0.9198,1.9377,78,11374,0.0023
513621110,745,745,title_other_company,אינפיניטי לילד סיכון מוגבר (745),גמל,mismatch,78,1.2631,5.2014,78,11373,0.0026
513621110,751,751,title_unverified,רשות שדות התעופה - קופת פיצויים מרכזית (751),,no_data,,,,18,,
513621110,810,810,title_unverified,אינפיניטי גמל להשקעה מ.פאסיבי כללי (810),,no_data,,,,37,13228,0.0023
513621110,9638,9638,label,אינפיניטי גמל להשקעה כללי,גמל,ok,24,0.0,0.01,24,,
513621110,9639,9639,label,אינפיניטי גמל להשקעה אגח עד 15 אחוז מניות,גמל,ok,12,0.0,0.0,12,,
513621110,n:11957 אינפיניטי השתלמות אגח עד 25% מניות,,,"11957 אינפיניטי השתלמות אג""ח עד 25% מניות",,no_data,,,,3,,
513621110,n:1539 אינפיניטי חסכון לילד הלכה,,,1539 אינפיניטי חסכון לילד הלכה,,no_data,,,,3,,
513621110,n:אינפיניטי אגח ממשלת ישראל,,,אינפיניטי גמל אגח ממשלת ישראל,,no_data,,,,15,,
513621110,n:אינפיניטי אגח קונצרני,,,אינפיניטי גמל אגח קונצרני,,no_data,,,,15,,
513621110,n:אינפיניטי השת עד 15 אחוז מניות,,,אינפיניטי השת עד 15 אחוז מניות,,no_data,,,,12,,
513621110,n:אינפיניטי השתלמות אגח ממשלת ישראל,,,אינפיניטי השתלמות אגח ממשלת ישראל,,no_data,,,,15,,
513621110,n:אינפיניטי השתלמות חוסכים מוטי סיכון,,,אינפיניטי השתלמות חוסכים מוטי סיכון,,no_data,,,,15,,
513621110,n:אינפיניטי חסכון לילד סיכון בינוני,,,אינפיניטי חסכון לילד סיכון בינוני,,no_data,,,,15,,
513621110,n:אינפיניטי חסכון לילד סיכון מועט,,,אינפיניטי חסכון לילד סיכון מועט,,no_data,,,,12,,
513621110,n:אינפיניטי להשקעה אגח עד 15 אחוז מניות,,,אינפיניטי גמל להשקעה אגח עד 15 אחוז מניות,,no_data,,,,12,,
513621110,n:איפיניטי השתלמות מניות בחול,,,איפיניטי השתלמות מניות בחול,,no_data,,,,21,,
514767490,11343,11343,link_text,11343 סלייס גמל חסכון לילד - חוסכים המעדיפים סיכון מועט,גמל,ok,15,0.0,0.01,15,,
514767490,11344,11344,link_text,11344 סלייס גמל חסכון לילד - חוסכים המעדיפים סיכון בינוני,גמל,ok,15,0.0,0.0,15,,
514767490,11345,11345,datagov_yield,11345 סלייס גמל חסכון לילד - חוסכים המעדיפים סיכון מוגבר,גמל,ok,15,0.0,0.01,15,,
514767490,11926,11926,link_text,11926 סלייס השתלמות כללי,גמל,ok,15,0.0,0.01,15,,
514767490,11927,11927,link_text,11927 סלייס השתלמות כללי פאסיבי,,no_data,,,,0,,
514767490,11928,11928,link_text,"11928 סלייס השתלמות אג""ח",גמל,ok,12,0.0,1.61,12,,
514767490,11929,11929,link_text,11929 סלייס השתלמות מניות,,no_data,,,,0,,
514767490,11930,11930,link_text,"11930 סלייס השתלמות אג""ח פאסיבי",,no_data,,,,0,,
514767490,11931,11931,link_text,11931 סלייס השתלמות מניות פאסיבי,גמל,ok,15,0.0,0.01,15,,
514767490,11932,11932,link_text,11932 סלייס השתלמות מדד מניות ישראל,,no_data,,,,0,,
514767490,11933,11933,link_text,"11933 סלייס השתלמות מדד אג""ח ישראל",,no_data,,,,0,,
514767490,11934,11934,link_text,"11934 סלייס השתלמות מדד חו""ל",גמל,ok,15,0.0,0.0,15,,
514767490,11935,11935,link_text,"11935 סלייס השתלמות אג""ח צמוד מדד בינוני",,no_data,,,,0,,
514767490,11936,11936,link_text,"11936 סלייס השתלמות חו""ל",,no_data,,,,0,,
514767490,11937,11937,link_text,"11937 סלייס השתלמות חו""ל פאסיבי",,no_data,,,,0,,
514767490,11942,11942,link_text,"11942 סלייס גמל קופת גמל לחסכון אג""ח אג""ח",גמל,ok,15,0.0,1.59,15,,
514767490,11943,11943,link_text,11943 סלייס גמל קופת גמל לחסכון מניות,גמל,ok,15,0.0,0.01,15,,
514767490,11944,11944,link_text,"11944 סלייס גמל קופת גמל לחסכון חו""ל",גמל,ok,15,0.0,0.32,15,,
514767490,11945,11945,link_text,"11945 סלייס גמל קופת גמל לחסכון מדד אג""ח",,no_data,,,,0,,
514767490,11946,11946,link_text,11946 סלייס גמל קופת גמל לחסכון מדד מניות,,no_data,,,,0,,
514767490,11947,11947,link_text,11947 קל גמל קופת גמל לחסכון מדד מניות ישראל,,no_data,,,,0,,
514767490,11948,11948,link_text,"11948 סלייס גמל קופת גמל לחסכון מדד אג""ח ישראל",,no_data,,,,0,,
514767490,11949,11949,link_text,"11949 סלייס גמל קופת גמל לחסכון מדד חו""ל",גמל,ok,15,0.0,0.01,15,,
514767490,11950,11950,link_text,"11950 סלייס גמל לחסכון אג""ח צמוד מדד בינוני",,no_data,,,,0,,
514767490,11979,11979,link_text,11979 סלייס גמל קופת גמל לחסכון מדרגות עד 50,גמל,ok,15,0.0,0.0,15,,
514767490,11980,11980,link_text,11980 סלייס גמל קופת גמל לחסכון מדרגות 50-60,גמל,ok,15,0.0,0.01,15,,
514767490,11981,11981,link_text,11981 סלייס גמל קופת גמל לחסכון מדרגות 60 ומעלה,גמל,ok,15,0.0,0.01,15,,
514767490,14416,14416,link_text,14416 סלייס גמל קופת גמל לחסכון משולב סחיר,,no_data,,,,0,,
514767490,14417,14417,link_text,14417 סלייס גמל קופת גמל לחסכון עוקב מדדים גמיש,,no_data,,,,0,,
514767490,7892,7892,link_text,7892 סלייס קופת גמל להשקעה מדד מניות,גמל,ok,15,0.0,0.01,15,,
514767490,7893,7893,link_text,"7893 סלייס קופת גמל להשקעה מדד אג""ח",גמל,ok,15,0.0,0.01,15,,
514767490,7894,7894,link_text,"7894 סלייס קופת גמל להשקעה מדד אג""ח ישראל",,no_data,,,,0,,
514767490,7895,7895,link_text,7895 סלייס קופת גמל להשקעה מדד ללא מניות,גמל,ok,15,0.0,0.01,15,,
514767490,7896,7896,link_text,"7896 סלייס קופת גמל להשקעה מדד חו""ל",גמל,ok,15,0.0,0.0,15,,
514767490,7897,7897,link_text,"7897 סלייס קופת גמל להשקעה אג""ח ללא מניות",גמל,ok,15,0.0,1.51,15,,
514767490,7898,7898,link_text,7898 סלייס קופת גמל להשקעה מניות,,no_data,,,,0,,
514767490,7899,7899,link_text,"7899 סלייס קופת גמל להשקעה אג""ח משולב במניות - פאסיבי",,no_data,,,,0,,
514767490,7900,7900,link_text,7900 סלייס קופת גמל להשקעה כללי,גמל,ok,12,0.0,0.0,12,,
514767490,7901,7901,link_text,7901 סלייס קופת גמל להשקעה שיקלי כספית,,no_data,,,,2,,
514767490,7902,7902,link_text,"7902 סלייס קופת גמל להשקעה אג""ח משולב מניות",,no_data,,,,0,,
514767490,n:11928 קל השתלמות אגח,,,"11928 קל השתלמות אג""ח",,no_data,,,,3,,
514767490,n:7900 קל כללי,,,7900 קל גמל כללי,,no_data,,,,3,,
515447035,12595,12595,label_unverified,"חנ""י מרכזית לקצבה",,no_data,,,,30,,
515447035,13206,13206,label_unverified,"קופת גמל מרכזית לקצבה לעובדי חנ""מ",,no_data,,,,30,,
515447035,13318,13318,label_unverified,"חנ""א מרכזית לקצבה",,no_data,,,,30,,
513026484,242,242,label,הפניקס מרכזית לפיצויים,גמל,ok,30,0.0028,0.0055,30,,
513026484,384,384,label,הפניקס מרכזית לפיצויים עד 15% מניות,גמל,ok,30,0.0019,0.0053,30,,
513026484,801,801,label,הפניקס מרכזית לפיצויים שקלי,גמל,ok,30,0.0018,0.0045,30,,
513026484,804,804,label,הפניקס מרכזית לפיצויים מחקה מדדי מניות,גמל,ok,30,0.0023,0.0051,30,,
513026484,806,806,label,הפניקס מרכזית לפיצויים צמוד מדד,גמל,ok,30,0.0027,0.0051,30,,
513026484,8765,8765,label,הפניקס מרכזית לפיצויים מחקה מדדים,גמל,ok,30,0.0027,0.0054,30,,
513026484,8766,8766,label,"הפניקס מרכזית לפיצויים מחקה מדדי אג""ח",גמל,ok,30,0.0023,0.0055,30,,
513026484,9475,9475,label,הפניקס מרכזית לפיצויים שקלי קצר,גמל,ok,30,0.0021,0.0055,30,,
520004896,0,0,label_unverified,שם מסלול,,no_data,,,,6,,
512237744,1161,1161,label,מקפת דמי מחלה,גמל,ok,54,0.001,0.01,54,,
512237744,12145,12145,label,מקפת אישית למקבלי קצבה,פנסיה,ok,18,0.0027,0.0046,18,,
512237744,12146,12146,label,מקפת אישית הלכה למקבלי קצבה,פנסיה,ok,18,0.0033,0.0052,18,,
512237744,12147,12147,label,מקפת אישית מניות למקבלי קצבה,פנסיה,ok,18,0.0023,0.0043,18,,
512237744,12152,12152,label,מקפת משלימה למקבלי קצבה,פנסיה,ok,18,0.0028,0.0051,18,,
512237744,1304,1304,label,מקפת תקציבית,גמל,ok,54,0.0002,0.01,54,,
512237744,13563,13563,label,מגדל גמל להשקעה מחקה מדד s&p500,גמל,ok,54,0.0018,0.03,54,,
512237744,13565,13565,label,מגדל לתגמולים מחקה מדד s&p500,גמל,ok,51,0.001,0.01,51,,
512237744,13572,13572,label,מגדל מקפת אישית מחקה מדד S&P500,פנסיה,ok,18,0.0021,0.0049,18,,
520004896,13625,13625,label,מגדל ביטוח מחקה מדד s&p 500,ביטוח,ok,12,0.0021,0.0045,12,,
512237744,13627,13627,label,מגדל מקפת משלימה מחקה מדד S&P500,פנסיה,ok,18,0.0024,0.0046,18,,
512237744,14228,14228,label,מגדל לתגמולים ולפיצויים עוקב מדדים - גמיש,גמל,ok,38,0.001,0.005,39,,
512237744,14229,14229,label,מגדל לתגמולים ולפיצויים משולב סחיר,גמל,ok,41,0.002,0.01,42,,
520004896,14239,14239,label,מגדל מסלול משולב סחיר,ביטוח,ok,18,0.0022,0.0048,18,,
520004896,14240,14240,label,מגדל מסלול עוקב מדדים - גמיש,ביטוח,ok,18,0.0033,0.0048,18,,
512237744,14242,14242,label,מגדל מקפת אישית משולב סחיר,פנסיה,ok,18,0.0021,0.0054,18,,
512237744,14243,14243,label,מגדל מקפת אישית עוקב מדדים - גמיש,פנסיה,ok,18,0.0031,0.0053,18,,
512237744,14244,14244,label,מגדל מקפת משלימה משולב סחיר,פנסיה,ok,18,0.0023,0.0042,18,,
512237744,14245,14245,label,מגדל מקפת משלימה עוקב מדדים - גמיש,פנסיה,ok,18,0.0028,0.0044,18,,
512237744,14668,14668,label,מגדל השתלמות מסלול עוקב מדד 500 S&P,גמל,ok,35,0.002,0.01,36,,
520004896,14925,14925,label,מגדל מסלול פאסיבי - מדדי מניות,ביטוח,ok,18,0.0024,0.0047,18,,
520004896,14926,14926,label,"מגדל מסלול אג""ח עד 20% במניות",ביטוח,ok,18,0.002,0.0048,18,,
512237744,14929,14929,label,מגדל מקפת אישית עוקב מדדי מניות,פנסיה,ok,18,0.0037,0.0043,18,,
512237744,14930,14930,label,מגדל מקפת משלימה עוקב מדדי מניות,פנסיה,ok,18,0.0031,0.0046,18,,
512237744,14943,14943,label,מגדל גמל להשקעה עוקב מדדי מניות,גמל,ok,17,0.003,0.0053,18,,
512237744,14944,14944,label,"מגדל גמל להשקעה אשראי ואג""ח",גמל,ok,29,0.002,0.005,30,,
512237744,14945,14945,label,מגדל השתלמות עוקב מדדי מניות,גמל,ok,29,0.002,0.005,30,,
512237744,15055,15055,label,מגדל תגמולים- מסלול עוקב מדדי מניות,גמל,ok,26,0.002,0.0042,27,,
520004896,15060,15060,label,"מגדל- מנוהל ע""י מגדל שוקי הון- מסלול פאסיבי-מדדי מניות",ביטוח,ok,18,0.0035,0.0042,18,,
520004896,15062,15062,label,"מגדל- מנוהל ע""י מגדל שוקי הון- מסלול מחקה מדד S&P 500",ביטוח,ok,18,0.0024,0.005,18,,
512237744,15340,15340,label,"מגדל השתלמות מסלול אשראי ואג""ח עם מניות (עד 25% מניות)",גמל,ok,23,0.003,0.005,24,,
512237744,15341,15341,label,מגדל גמל להשקעה מסלול עוקב מדדים- גמיש,גמל,ok,23,0.0021,0.021,24,,
512237744,15448,15448,label,מגדל השתלמות מסלול משולב סחיר,גמל,ok,18,0.0015,0.005,19,,
512237744,15449,15449,label,מגדל השתלמות מניות סחיר,גמל,ok,18,0.0028,0.0041,19,,
512237744,15450,15450,label,"מגדל השתלמות עוקב מדדי אג""ח",גמל,ok,18,0.003,0.005,19,,
520004896,15452,15452,label_other_company,מגדל תגמולים- מסלול הלכתי,גמל,ok,18,0.003,0.0047,19,,
512237744,15453,15453,label,מגדל תגמולים- מסלול מניות סחיר,גמל,ok,18,0.003,0.0054,19,,
512237744,15454,15454,label,"מגדל תגמולים- מסלול עוקב מדדי אג""ח",גמל,ok,18,0.0022,0.005,19,,
512237744,15455,15455,label,מגדל גמל להשקעה מסלול משולב סחיר,גמל,ok,18,0.002,0.005,19,,
512237744,15456,15456,label,מגדל גמל להשקעה מסלול מניות סחיר,גמל,ok,18,0.0035,0.005,19,,
512237744,15457,15457,label,"מגדל גמל להשקעה עוקב מדדי אג""ח",גמל,ok,18,0.002,0.005,19,,
520004896,15463,15463,label,מגדל מסלול מניות סחיר,ביטוח,ok,16,0.0022,0.0037,16,,
520004896,15464,15464,label,"מגדל מסלול עוקב מדדי אג""ח",ביטוח,ok,16,0.0016,0.0044,16,,
512237744,15524,15524,label,מגדל מקפת אישית - מסלול מניות סחיר,פנסיה,ok,16,0.0031,0.0042,16,,
512237744,15525,15525,label,"מגדל מקפת אישית - מסלול עוקב מדדי אג""ח",פנסיה,ok,16,0.003,0.0053,16,,
512237744,15526,15526,label,מגדל מקפת משלימה - מסלול מניות סחיר,פנסיה,ok,16,0.0033,0.0052,16,,
512237744,15527,15527,label,"מגדל מקפת משלימה - מסלול עוקב מדדי אג""ח",פנסיה,ok,16,0.0032,0.0049,16,,
512237744,15785,15785,label,מגדל מקפת משלימה עוקב מדדים למקבלי קצבה,פנסיה,ok,4,0.0025,0.0038,4,,
520004896,162,162,label_unverified,מגדל מקפת אישית,,no_data,,,,12,,
520004896,17010,17010,label,מגדל-קרן ח',ביטוח,ok,18,0.0027,0.0049,18,,
520004896,17011,17011,label,מגדל-קרן ט',ביטוח,ok,18,0.0017,0.0045,18,,
520004896,17012,17012,label,מגדל-קרן י',ביטוח,ok,18,0.0027,0.0044,18,,
520004896,17013,17013,label,מגדל - כללי,ביטוח,ok,18,0.0025,0.0047,18,,
520004896,185,185,label,מגדל מסלול הלכה,ביטוח,ok,18,0.0019,0.0048,18,,
520004896,1955,1955,label,מגדל מסלול שקלי טווח קצר,ביטוח,ok,18,0.0023,0.0045,18,,
512237744,199,199,label,"מגדל השתלמות אג""ח",גמל,ok,54,0.0005,0.01,54,,
512237744,2048,2048,label,מגדל השתלמות הלכה,גמל,ok,54,0.001,0.01,54,,
512237744,2102,2102,label,מקפת אישית כללי,פנסיה,ok,18,0.0023,0.0051,18,,
512237744,2112,2112,label,מגדל מקפת אישית הלכה,פנסיה,ok,18,0.0027,0.0054,18,,
512237744,2142,2142,label,מגדל מקפת אישית מניות,פנסיה,ok,18,0.0019,0.005,18,,
512237744,2143,2143,label,מגדל מקפת אישית שקלי טווח קצר,פנסיה,ok,18,0.0025,0.0053,18,,
512237744,2144,2144,label,"מגדל מקפת אישית אג""ח",פנסיה,ok,18,0.0012,0.0046,18,,
512237744,2145,2145,label,מקפת משלימה כללי,פנסיה,ok,18,0.0032,0.0054,18,,
512237744,2146,2146,label,מקפת משלימה מניות,פנסיה,ok,18,0.003,0.0049,18,,
512237744,2147,2147,label,מקפת משלימה שקלי טווח קצר,פנסיה,ok,18,0.002,0.0053,18,,
512237744,2148,2148,label,"מקפת משלימה אג""ח",פנסיה,ok,18,0.0035,0.0055,18,,
512237744,2149,2149,label,מקפת משלימה הלכה,פנסיה,ok,18,0.0025,0.0043,18,,
512237744,2207,2207,label,מקפת אישית למקבלי קצבה קיימים,פנסיה,ok,18,0.002,0.0047,18,,
512237744,2208,2208,label,מקפת משלימה למקבלי קצבה קיימים,פנסיה,ok,18,0.0029,0.0053,18,,
520004896,470,470,label,מגדל השתלמות לבני 60 ומעלה,גמל,ok,12,0.0,0.0,12,,
512237744,579,579,label,מגדל השתלמות כללי,גמל,ok,54,0.0003,0.01,54,,
520004896,599,599,label,"מגדל השתלמות אג""ח עד 10% מניות",גמל,ok,12,0.0,0.01,12,,
520004896,68,68,label,"מגדל מסלול אג""ח ממשלת ישראל",ביטוח,ok,18,0.0025,0.0049,18,,
520004896,7253,7253,label,מגדל השתלמות לבני 50 ומטה,גמל,ok,12,0.0,0.01,12,,
520004896,7254,7254,label,מגדל השתלמות לבני 50 עד 60,גמל,ok,12,0.0,0.0,12,,
520004896,7256,7256,label_other_company,מגדל השתלמות פאסיבי כללי,גמל,ok,54,0.0006,0.0055,54,,
512237744,745,745,label,מגדל-מרכזית לפיצויים,גמל,ok,54,0.0009,0.005,54,,
520004896,76,76,label,מגדל מסלול מניות,ביטוח,ok,18,0.0025,0.0047,18,,
520004896,7931,7931,label_other_company,מגדל גמל להשקעה שיקלי טווח קצר,גמל,ok,54,0.0,0.0052,54,,
512237744,7932,7932,label,"מגדל גמל להשקעה אג""ח ממשלתי ישראלי",גמל,ok,54,0.0,0.01,54,,
520004896,7933,7933,label,"מגדל גמל להשקעה חו""ל",גמל,ok,24,0.0,0.01,24,,
512237744,7934,7934,label,מגדל גמל להשקעה מניות,גמל,ok,54,0.001,0.01,54,,
512237744,7935,7935,label,"מגדל גמל להשקעה אג""ח עד 10% מניות",גמל,ok,54,0.0,0.005,54,,
512237744,7936,7936,label,מגדל גמל להשקעה כללי,גמל,ok,54,0.0,0.01,54,,
512237744,7937,7937,label,מגדל גמל להשקעה הלכתי,גמל,ok,54,0.001,0.01,54,,
512237744,8012,8012,label,"מגדל לתגמולים ולפיצויים אג""ח עד 10% מניות",גמל,ok,54,0.0002,0.01,54,,
512237744,858,858,label,מגדל לתגמולים ולפיצויים שקלי טווח קצר,גמל,ok,54,0.0004,0.01,54,,
512237744,859,859,label,"מגדל לתגמולים ולפיצויים אג""ח ממשלתי ישראלי",גמל,ok,54,0.0009,0.005,54,,
512237744,8602,8602,label,מקפת אישית לזכאים קיימים לקצבה,פנסיה,ok,18,0.0029,0.0055,18,,
512237744,8603,8603,label,מקפת אישית הלכה למקבלי קצבה קיימים,פנסיה,ok,18,0.0022,0.0052,18,,
512237744,8604,8604,label,מקפת משלימה הלכה למקבלי קצבה,פנסיה,ok,18,0.002,0.0042,18,,
520004896,862,862,label,"מגדל לתגמולים ולפיצויים חו""ל",גמל,ok,24,0.0,0.001,24,,
512237744,863,863,label,מגדל לתגמולים ולפיצויים מניות,גמל,ok,54,0.001,0.01,54,,
512237744,864,864,label,מגדל השתלמות שקלי טווח קצר,גמל,ok,54,0.0005,0.01,54,,
512237744,865,865,label,"מגדל השתלמות אג""ח ממשלתי ישראלי",גמל,ok,54,0.0,0.005,54,,
520004896,8659,8659,label,"מגדל חברה לביטוח בע""מ אג""ח",ביטוח,ok,18,0.0024,0.0041,18,,
520004896,868,868,label,"מגדל השתלמות חו""ל",גמל,ok,24,0.0,0.004,24,,
512237744,869,869,label,מגדל השתלמות מניות,גמל,ok,54,0.0005,0.005,54,,
512237744,8801,8801,label,מגדל מקפת אישית לבני 50 ומטה,פנסיה,ok,18,0.003,0.005,18,,
512237744,8802,8802,label,מגדל מקפת אישית לבני 50 עד 60,פנסיה,ok,18,0.0024,0.0051,18,,
512237744,8803,8803,label,מגדל מקפת אישית לבני 60 ומעלה,פנסיה,ok,18,0.0027,0.0055,18,,
512237744,9453,9453,label,מקפת משלימה לבני 50 ומטה,פנסיה,ok,18,0.0024,0.0053,18,,
512237744,9454,9454,label,מקפת משלימה לבני 50 עד 60,פנסיה,ok,18,0.0024,0.0052,18,,
512237744,9455,9455,label,מקפת משלימה לבני 60 ומעלה,פנסיה,ok,18,0.0015,0.0049,18,,
520004896,9599,9599,label,מגדל מסלול לבני 50 ומטה,ביטוח,ok,18,0.0014,0.0047,18,,
520004896,9604,9604,label,מגדל מסלול לבני 50 עד 60,ביטוח,ok,18,0.0028,0.0046,18,,
520004896,9606,9606,label,מגדל מסלול בסיסי למקבלי קצבה,ביטוח,ok,18,0.0027,0.005,18,,
520004896,9729,9729,label,מגדל מסלול לבני 60 ומעלה,ביטוח,ok,18,0.0026,0.0049,18,,
512237744,9779,9779,label,מגדל לתגמולים ולפיצויים מסלול לבני 50 ומטה,גמל,ok,54,0.0009,0.01,54,,
512237744,9780,9780,label,מגדל לתגמולים ולפיצויים מסלול לבני 50 עד 60,גמל,ok,54,0.001,0.03,54,,
512237744,9781,9781,label,מגדל לתגמולים ולפיצויים מסלול לבני 60 ומעלה,גמל,ok,54,0.0007,0.005,54,,
512237744,9895,9895,label,מגדל חסכון לילד - הלכה,גמל,ok,54,0.0,0.005,54,,
512237744,9896,9896,label,מגדל חסכון לילד - חוסכים המעדיפים סיכון מועט,גמל,ok,54,0.0005,0.005,54,,
512237744,9897,9897,label,מגדל חסכון לילד - חוסכים המעדיפים סיכון בינוני,גמל,ok,54,0.0,0.0052,54,,
512237744,9898,9898,label,מגדל חסכון לילד - חוסכים המעדיפים סיכון מוגבר,גמל,ok,54,0.001,0.01,54,,
520005497,229,229,file_name,קופת התגמולים של עובדי בנק לאומי,גמל,ok,12,0.0,0.01,12,,
570009852,313,313,label_unverified,"קרן מקפת מרכז לפנסיה ותגמולים א.ש בע""מ (בניהול מיוחד)",,no_data,,,,54,,
570009852,513,513,label,קרנות למטרה אחרת,גמל,ok,54,0.0,0.01,54,,
520019688,526,526,label,קופת גמל למחלה ותאונה,גמל,ok,54,0.0,0.01,54,,
570009852,313,313,label_unverified,"קרן מקפת מרכז לפנסיה ותגמולים א.ש בע""מ (בניהול מיוחד)",,no_data,,,,54,,
570009852,513,513,label,קרנות למטרה אחרת,גמל,ok,54,0.0,0.01,54,,
520019688,526,526,label,קופת גמל למחלה ותאונה,גמל,ok,54,0.0,0.01,54,,
570009852,313,313,label_unverified,"קרן מקפת מרכז לפנסיה ותגמולים א.ש בע""מ (בניהול מיוחד)",,no_data,,,,54,,
570009852,513,513,label,קרנות למטרה אחרת,גמל,ok,54,0.0,0.01,54,,
520019688,526,526,label,קופת גמל למחלה ותאונה,גמל,ok,54,0.0,0.01,54,,
570009852,313,313,label_unverified,"קרן מקפת מרכז לפנסיה ותגמולים א.ש בע""מ (בניהול מיוחד)",,no_data,,,,54,,
570009852,513,513,label,קרנות למטרה אחרת,גמל,ok,54,0.0,0.01,54,,
520019688,526,526,label,קופת גמל למחלה ותאונה,גמל,ok,54,0.0,0.01,54,,
570009852,313,313,label_unverified,"קרן מקפת מרכז לפנסיה ותגמולים א.ש בע""מ (בניהול מיוחד)",,no_data,,,,54,,
570009852,513,513,label,קרנות למטרה אחרת,גמל,ok,54,0.0,0.01,54,,
520019688,526,526,label,קופת גמל למחלה ותאונה,גמל,ok,54,0.0,0.01,54,,
520023094,267,267,file_name_unverified,גילעד גמלאות לעובדים דתיים,,no_data,,,,54,,
520023094,n:גילעד גמלאות לעובדים דתיים,,,גילעד גמלאות לעובדים דתיים,,no_data,,,,33,,
520023094,n:הפנסיה גילעד גמלאות לעובדים דתיים,,,קרן הפנסיה - גילעד גמלאות לעובדים דתיים,,no_data,,,,27,,
520023185,12116,12116,label,הפניקס פנסיה מקיפה - פאסיבי לבני 50 ומטה,פנסיה,ok,6,0.0014,0.0024,6,,
520023185,12117,12117,label,הפניקס פנסיה מקיפה - פאסיבי לבני 50 עד 60,פנסיה,ok,6,0.002,0.0038,6,,
520023185,12118,12118,label,הפניקס פנסיה מקיפה - פאסיבי לבני 60 ומעלה,פנסיה,ok,6,0.0018,0.0042,6,,
513026484,12119,12119,label,הפניקס פנסיה מקיפה - מסלול בסיסי לפנסיונרים,פנסיה,ok,30,0.0032,0.0052,30,,
520023185,12120,12120,label_other_company,מסלול השקעות בסיסי לפנסיונרים,פנסיה,ok,30,0.0023,0.0049,30,,
520023185,12595,12595,label_unverified,"הפניקס חנ""י מרכזית (12595)",,no_data,,,,51,,
520023185,13206,13206,label_unverified,"הפניקס לקצבה חברת ניהול מערכות (חנ""ם) (13206)",,no_data,,,,51,,
513026484,13318,13318,label_unverified,"קופת גמל מרכזית לקצבה לעובדי חברת נמל אשדוד בע""מ (13318)",,no_data,,,,54,,
513026484,13335,13335,label,הפניקס מסלול מחקה מדד S&P500,פנסיה,ok,30,0.0042,1.4811,30,,
513026484,13465,13465,label,הפניקס מסלול מחקה מדד S&P500,פנסיה,ok,18,0.0033,0.005,18,,
513026484,14082,14082,label,הפניקס פנסיה משלימה שריעה,פנסיה,ok,30,0.0026,0.0048,30,,
513026484,14285,14285,label,פנסיה מקיפה מסלול משולב סחיר,פנסיה,ok,30,0.0022,0.0053,30,,
513026484,14286,14286,label,פנסיה מקיפה מסלול עוקב מדדים גמיש,פנסיה,ok,30,0.0022,0.0054,30,,
513026484,14287,14287,label,משלימה מסלול עוקב מדדים גמיש,פנסיה,ok,30,0.0019,0.0049,30,,
513026484,14288,14288,label,משלימה מסלול משולב סחיר,פנסיה,ok,30,0.0024,0.0049,30,,
513026484,15217,15217,label,"הפניקס פנסיה מקיפה מסלול אג""ח סחיר",פנסיה,ok,24,0.0027,0.005,24,,
513026484,15218,15218,label,הפניקס פנסיה מקיפה מסלול מניות סחיר,פנסיה,ok,24,0.0028,0.005,24,,
513026484,15219,15219,label,הפניקס פנסיה מקיפה עוקב מדדי מניות,פנסיה,ok,24,0.0019,0.005,24,,
513026484,15220,15220,label,"הפניקס פנסיה משלימה אג""ח סחיר",פנסיה,ok,24,0.0028,0.0047,24,,
513026484,15221,15221,label,הפניקס פנסיה משלימה מניות סחיר,פנסיה,ok,24,0.0023,0.0048,24,,
513026484,15222,15222,label,הפניקס פנסיה משלימה עוקב מדדי אגח,פנסיה,ok,24,0.0021,0.005,24,,
513026484,15223,15223,label,הפניקס פנסיה משלימה עוקב מדדי מניות,פנסיה,ok,24,0.0015,0.0049,24,,
513026484,15224,15224,label,הפניקס פנסיה משלימה הלכה,פנסיה,ok,24,0.0027,0.0048,24,,
513026484,2187,2187,label,הפניקס פנסיה מקיפה - הפניקס מסלול מניות,פנסיה,ok,30,0.0024,0.0054,30,,
513026484,2188,2188,label,"הפניקס פנסיה מקיפה - הפניקס מסלול אג""ח",פנסיה,ok,29,0.0015,0.0044,29,,
513026484,2189,2189,label,הפניקס פנסיה מקיפה - הפניקס מסלול שקלי טווח קצר,פנסיה,ok,30,0.0034,0.0052,30,,
513026484,2201,2201,label,הפניקס פנסיה מקיפה - מסלול בסיסי למקבלי קצבה,פנסיה,ok,30,0.0024,0.0053,30,,
513026484,2202,2202,label,הפניקס פנסיה כללית - פנסיונרים,פנסיה,ok,30,0.0027,0.0049,30,,
513026484,242,242,label,הפניקס מרכזית לפיצויים (242),גמל,ok,51,0.003,0.0777,51,,
513026484,384,384,label,הפניקס מרכזית לפיצויים עד 15% מניות (384),גמל,ok,51,0.0031,0.0445,51,,
513026484,7234,7234,label,הפניקס פנסיה משלימה - מסלול לבני 50 ומטה,פנסיה,ok,30,0.0025,0.0047,30,,
513026484,7235,7235,label,הפניקס פנסיה משלימה - מסלול לבני 50 עד 60,פנסיה,ok,30,0.0024,0.0049,30,,
513026484,7236,7236,label,הפניקס פנסיה משלימה - מסלול לבני 60 ומעלה,פנסיה,ok,30,0.0024,0.0049,30,,
513026484,801,801,label,הפניקס מרכזית לפיצויים שקלי (801),גמל,ok,51,0.0024,0.0184,51,,
513026484,804,804,label,הפניקס מרכזית לפיצויים מחקה מדדי מניות (804),גמל,ok,51,0.0029,0.3767,51,,
513026484,806,806,label,הפניקס מרכזית לפיצויים צמוד מדד (806),גמל,ok,51,0.0033,1.42,51,,
513026484,8318,8318,label,הפניקס פנסיה משלימה - הפניקס מסלול מניות,פנסיה,ok,30,0.0021,0.005,30,,
513026484,8319,8319,label,"הפניקס פנסיה משלימה - הפניקס מסלול אג""ח",פנסיה,ok,30,0.0024,0.0046,30,,
513026484,8320,8320,label,הפניקס פנסיה משלימה - הפניקס מסלול שיקלי טווח קצר,פנסיה,ok,30,0.0025,0.005,30,,
520023185,858,858,title_other_company,"חנ""א (858)",גמל,mismatch,3,0.5095,0.7809,3,,
513026484,8765,8765,label,הפניקס מרכזית לפיצויים מחקה מדדים (8765),גמל,ok,51,0.0036,0.3946,51,,
513026484,8766,8766,label,"הפניקס מרכזית לפיצויים מחקה מדדי אג""ח (8766)",גמל,ok,51,0.0027,0.1495,51,,
513026484,9475,9475,label,הפניקס מרכזית לפיצויים שקלי קצר (9475),גמל,ok,51,0.003,0.1978,51,,
520023185,9556,9556,label,"הפניקס מסלול פאסיבי - מדדי אג""ח חו""ל",ביטוח,mismatch,6,0.435,0.7333,12,9979,0.0033
513026484,9974,9974,label,הפניקס פנסיה מקיפה - מסלול לבני 50 ומטה,פנסיה,ok,30,0.0025,0.005,30,,
513026484,9975,9975,label,הפניקס פנסיה מקיפה - מסלול לבני 50 עד 60,פנסיה,ok,30,0.0028,0.0063,30,,
513026484,9976,9976,label,הפניקס פנסיה מקיפה - מסלול לבני 60 ומעלה,פנסיה,ok,30,0.0027,0.0054,30,,
513026484,9979,9979,label,"פנסיה מקיפה מסלול פאסיבי מדדי אגח חו""ל",פנסיה,ok,18,0.0023,0.005,18,,
520023185,9980,9980,label,"הפניקס מסלול אג""ח עד 25% מניות",פנסיה,ok,6,0.0028,0.0048,6,,
513026484,9984,9984,label,הפניקס פנסיה מקיפה - מסלול הלכה,פנסיה,ok,30,0.0029,0.0049,30,,
513026484,9987,9987,label,מסלול קצבה לזכאים קיימים,פנסיה,ok,30,0.0026,0.0055,30,,
520042540,101,101,label,"ביטוח מניות בחו""ל",ביטוח,ok,114,0.002,0.005,114,,
520027715,13029,13029,label_other_company,ינואר,ביטוח,ok,71,0.0021,0.0049,71,,
520042540,14313,14313,label,"מנורה מבטחים ביטוח בע""מ משולב סחיר",ביטוח,ok,40,0.0028,0.0048,41,,
520042540,14314,14314,label,"מנורה מבטחים ביטוח בע""מ עוקב מדדים גמיש",ביטוח,ok,40,0.0021,0.005,41,,
520042540,14315,14315,label,מנורה ביטוח פאסיבי מדדי מניות,ביטוח,ok,40,0.003,0.0049,40,,
520042540,14316,14316,label,מנורה ביטוח מסלול מחקה מדד S&P500,ביטוח,ok,27,0.0027,0.005,27,,
520027715,14418,14418,label,AE,גמל,ok,39,0.003,0.01,40,,
520027715,1446,1446,label,AE,גמל,ok,66,0.002,0.005,66,,
520042540,14675,14675,label,מנורה ביטוח מסלול קיימות,ביטוח,ok,35,0.002,0.005,37,,
520042540,14828,14828,label,מנורה ביטוח מסלול פסיבי מדדי אגח,ביטוח,ok,29,0.0022,0.0049,29,,
520027715,180,180,label_other_company,אגח משלת ישראל,ביטוח,ok,114,0.0022,0.005,114,,
520027715,18011,18011,label,מנורה-קרן ט',ביטוח,ok,102,0.0019,0.0049,102,,
520027715,18012,18012,label,מנורה-קרן י',ביטוח,ok,30,0.0,0.0043,30,,
520027715,18013,18013,label,מנורה-קרן י' חדשה,ביטוח,ok,30,0.0,0.0043,30,,
520027715,181,181,sheet,אגח משלת ישראל צמוד מדד,ביטוח,ok,52,0.0022,0.0048,52,,
520042540,184,184,label,ביטוח הלכה,ביטוח,ok,114,0.0021,0.005,114,,
520027715,286,286,label,AE,גמל,ok,66,0.003,0.005,66,,
520042540,41,41,label,"מנורה מבטחים ביטוח בע""מ שיקלי טווח קצר",ביטוח,ok,30,0.0026,0.0049,30,,
520027715,42,42,label_other_company,מנורה ביטוח אגח צמוד מדד,ביטוח,ok,66,0.0024,0.005,66,,
520027715,43,43,label_other_company,"ביטוח מט""ח",ביטוח,ok,114,0.0024,0.005,114,,
520042540,44,44,label,"מנורה מבטחים ביטוח בע""מ מניות",ביטוח,ok,30,0.0024,0.0049,30,,
520042540,9534,9534,label,בסיסי למקבלי קצבה,ביטוח,ok,114,0.0024,0.005,114,,
520027715,9535,9535,label_other_company,"מתמחה למקבלי קצבה אג""ח עד 25% מניות",ביטוח,ok,114,0.0023,0.005,114,,
520042540,9536,9536,label,לבני 50 ומטה,ביטוח,ok,114,0.0024,0.0049,114,,
520042540,9537,9537,label,לבני 50 עד 60,ביטוח,ok,114,0.0028,0.005,114,,
520042540,9544,9544,label,לבני 60 ומעלה,ביטוח,ok,114,0.0024,0.0049,114,,
520027715,9802,9802,file_name,AE,גמל,ok,45,0.003,0.005,45,,
520027715,9803,9803,label,AE,גמל,ok,78,0.003,0.005,78,,
520027715,n:אגח צמוד מדד,,,"אג""ח צמוד מדד",,no_data,,,,12,,
520027715,n:ביטוח כללי,,,ביטוח כללי,,no_data,,,,12,,
520027715,n:ביטוח מניות,,,ביטוח מניות,,no_data,,,,12,,
520027715,n:ינואר,,,ינואר,,no_data,,,,18,,
520027715,n:מנורה ביטוח אגח,,,מנורה ביטוח אגח,,no_data,,,,36,,
520027715,n:מנורה ביטוח י החדשה,,,מנורה ביטוח קרן י החדשה,,no_data,,,,15,,
520027715,n:מנורה ביטוח י הישנה,,,מנורה ביטוח קרן י' הישנה,,no_data,,,,15,,
520027715,n:מנורה ביטוח כללי,,,מנורה ביטוח כללי,,no_data,,,,60,,
520027715,n:מנורה ביטוח מניות,,,מנורה ביטוח מניות,,no_data,,,,72,,
520027715,n:מנורה ביטוח שקלי,,,מנורה ביטוח שקלי,,no_data,,,,40,,
520027715,n:מנורה ביטוח שקלי המסלול נסגר בתאריך 4 2021,,,מנורה ביטוח שקלי - המסלול נסגר בתאריך 4/2021,,no_data,,,,4,,
520027715,n:מנורה ביטוח שקלי טווח קצר,,,מנורה ביטוח שקלי טווח קצר,,no_data,,,,66,,
520027715,n:משתתף 91,,,משתתף 91,,no_data,,,,12,,
520027715,n:שקלי,,,שקלי,,no_data,,,,12,,
520027715,n:שקלי טווח קצר,,,שקלי טווח קצר,,no_data,,,,12,,
520027954,1451,1451,file_name,קרן אקדמאים מסלול אגח,גמל,ok,24,0.0,0.01,24,,
520027954,1452,1452,datagov_yield,תא ריק,גמל,ok,78,0.0,0.01,78,,
520027954,15046,15046,datagov_yield,קרן השת' לאקדמאים במחר מסלול אס אנד פי 500 -,גמל,ok,22,0.0,0.01,24,,
520027954,15694,15694,registry_name,קרן השתלמות לאקדמאים במדעי החברה והרוח עוקב מדדים גמיש,גמל,ok,5,0.0,0.0,6,,
520027954,288,288,datagov_yield,קרן אקדמאים מסלול כללי,גמל,ok,78,0.0,0.01,78,,
520027954,n:אקדמאים אגח,,,קרן אקדמאים מסלול אגח,,no_data,,,,45,,
520027954,n:אקדמאים אשראי ואגח,,,קרן אקדמאים מסלול אשראי ואגח,,no_data,,,,30,,
520027954,n:השת לאקדמאים במחר עוקב אס אנד פי 500,,,קרן השת' לאקדמאים במחר מסלול עוקב אס אנד פי 500 -,,no_data,,,,6,,
520027954,n:השתלמות לאקדמאים במדעי החברה והרוח עוקבי,,,קרן השתלמות לאקדמאים במדעי החברה והרוח עוקבי,,no_data,,,,3,,
520027954,n:לתשומת ליבך טבלת אפיקי השקעה מתחילה בתא B5 טבלת נתונים מצטברים מתחילה בתא B36,,,לתשומת ליבך טבלת אפיקי השקעה מתחילה בתא B5 טבלת נתונים מצטברים מתחילה בתא B36,,no_data,,,,12,,
520028556,1318,1318,title,דוח רבעוני לתאריך 30/09/15 קבוצה: השתל' הנד' וטכ' - מנייתי (1513) שם קופה : הנדסאים וטכנאים - מסלול מנייתי מספר אישור: 1318 קוד קופת הגמל: 520028556-00000000000290-1318-000,גמל,ok,118,0.001,5.5381,118,,
520028556,1384,1384,title,"דוח רבעוני לתאריך 30/09/15 קבוצה: השתלמות הנדס' וטכ' - אג''ח (1512) שם קופה:הנדסאים וטכנאים מסלול אג""ח מספר אישור: 1384 קוד קופת הגמל: 520028556-00000000000290-1384-000",גמל,ok,79,0.002,0.8823,79,,
520028556,1511,1511,title_unverified,דוח רבעוני לתאריך 29/09/16 קבוצה: השתלמות הנדס' וטכ' - כללי (1511) שם קופה מספר אישור קוד קופת הגמל:,,no_data,,,,3,,
520028556,1512,1512,title_unverified,דוח רבעוני לתאריך 29/09/16 קבוצה: השתלמות הנדס' וטכ' - אג''ח (1512) שם קופה מספר אישור קוד קופת הגמל:,,no_data,,,,3,,
520028556,1513,1513,title_unverified,דוח רבעוני לתאריך 29/09/16 קבוצה: השתל' הנד' וטכ' - מנייתי (1513) שם קופה מספר אישור קוד קופת הגמל:,,no_data,,,,3,,
520028556,15370,15370,title,סוף צידי קובץ,גמל,ok,20,0.0025,0.005,21,,
520028556,290,290,title,דוח רבעוני לתאריך 30/09/15 קבוצה: השתלמות הנדס' וטכ' - כללי (1511) שם קופה:הנדסאים וטכנאים - מסלול רגיל מספר אישור: 290 קוד קופת הגמל: 520028556-00000000000290-0290-000,גמל,ok,118,0.001,2.2743,118,,
520028556,n:השתלמות להנדסאים וטכנאים אגח 1384,,,"קרן השתלמות להנדסאים וטכנאים - מסלול אג""ח -- 1384",,no_data,,,,48,,
520028861,1454,1454,title,סוף צידי קובץ,גמל,ok,18,0.003,0.005,18,,
520028861,1455,1455,title,סוף צידי קובץ,גמל,ok,18,0.0025,0.005,18,,
520028861,292,292,title,סוף צידי קובץ,גמל,ok,18,0.003,0.004,18,,
520029620,1820,1820,title,"השתלמות אגח "".ק.ס.ם""(1820)",גמל,ok,39,0.002,0.006,39,,
520029620,1821,1821,title,ק.ס.ם. השתלמות מניות,גמל,ok,4,0.0025,0.005,5,,
520029620,293,293,title,"קרן השתלמות "".ק.ס.ם""(293)",גמל,ok,57,0.002,0.005,57,,
520030743,294,294,title,קרן השתלמות שופטים(294),גמל,ok,75,0.002,0.005,75,,
520030941,1433,1433,file_name,קלע קרן השתלמות מסלול אגח עד 25% מניות,גמל,ok,12,0.0,0.01,12,,
520030941,15482,15482,datagov_yield,ק.ל.ע - עוקב מדד s&p 500,גמל,ok,14,0.0,0.01,18,,
520030941,378,378,file_name,קלע קרן השתלמות כללי,גמל,ok,12,0.0,0.01,12,,
520030941,n:קלע השתלמות אגח עד 25% מניות,,,קלע קרן השתלמות מסלול אגח עד 25% מניות,,no_data,,,,57,,
520030941,n:קלע השתלמות כללי,,,קלע קרן השתלמות כללי,,no_data,,,,57,,
520032269,11414,11414,file_name,השתלמות מסלול הלכה,גמל,ok,48,0.0,0.01,48,,
520032269,1404,1404,link_text,השתלמות עובדי מדינה ללא מניות,גמל,ok,48,0.0,0.01,48,,
520032269,328,328,file_name,השתלמות עובדי מדינה כללי,גמל,check,12,0.175,0.49,12,,
520032269,382,382,file_name,2017-06-01 00:00:00,גמל,ok,102,0.0,0.01,102,,
520032269,7635,7635,file_name,השתלמות עובדי מדינה אגח עד 15 אחוז מניות,גמל,ok,48,0.0,0.01,48,,
520032269,9479,9479,link_text,השתלמות עובדי מדינה מניות,גמל,ok,48,0.0,0.01,48,,
520032269,n:2017 01 01 00 00 00,,,2017-01-01 00:00:00,,no_data,,,,1,,
520032269,n:2017 02 01 00 00 00,,,2017-02-01 00:00:00,,no_data,,,,1,,
520032269,n:2017 03 01 00 00 00,,,2017-03-01 00:00:00,,no_data,,,,1,,
520032269,n:2017 04 01 00 00 00,,,2017-04-01 00:00:00,,no_data,,,,1,,
520032269,n:2017 05 01 00 00 00,,,2017-05-01 00:00:00,,no_data,,,,1,,
520034968,15542,15542,file_name,"קרן השתלמות של עובדי חברת החשמל לישראל בע""מ מניות",גמל,ok,13,0.0,0.01,18,,
520034968,423,423,file_name,קרן השתלמות חברת החשמל,גמל,ok,30,0.0,0.0,30,,
520034968,n:השתלמות חברת החשמל,,,קרן השתלמות חברת החשמל,,no_data,,,,3,,
520042177,12936,12936,label,מור אג''ח,ביטוח,ok,72,0.0,0.7,72,,
520042177,12937,12937,label,מור כללי,ביטוח,ok,72,0.0,4.35,72,,
520042177,12938,12938,label,מור מניות,ביטוח,ok,72,0.0,9.19,72,,
520042177,13498,13498,label,אנליסט כללי,ביטוח,ok,50,0.0,0.0045,50,,
520042177,13499,13499,label,"אנליסט אג""ח",ביטוח,ok,50,0.0,0.0,50,,
520042177,13500,13500,label,אנליסט מניות,ביטוח,ok,50,0.0,0.0046,50,,
520042177,141,141,label,"אלטשולר אג""ח ממשלת ישראל",ביטוח,ok,96,0.0,0.23,96,,
520042177,142,142,label,אלטשולר מניות,ביטוח,ok,95,0.0,10.17,95,,
520042177,143,143,label,אלטשולר כללי,ביטוח,ok,96,0.0,2.73,96,,
520042177,14318,14318,label,הכשרה משולב סחיר,ביטוח,ok,33,0.0,0.0,33,,
520042177,14406,14406,label,הכשרה עוקב מדדים גמיש,ביטוח,ok,35,0.0,0.0,35,,
520042177,14425,14425,label,"הכשרה אג""ח",ביטוח,ok,40,0.0,0.0,40,,
520042177,150,150,label_unverified,"פסגות אג""ח ממשלת ישראל",ביטוח,ok,26,0.0,0.36,26,,
520042177,151,151,label_unverified,פסגות מניות,ביטוח,ok,26,0.0,2.16,26,151,0.0
520042177,15108,15108,label,הכשרה עוקב מדד SP500,ביטוח,ok,24,0.0,0.0,24,,
520042177,152,152,title_other_company,פסגות כללי קופה 152,ביטוח,ok,26,0.0,1.36,26,,
520042177,15373,15373,label,הכשרה אשראי ואגח עד 25%,ביטוח,ok,24,0.0,0.0,24,,
520042177,15825,15825,label,הכשרה- מניות סחיר,ביטוח,ok,2,0.0,0.0,2,,
520042177,15826,15826,label,הכשרה- עוקב מדדי מניות,ביטוח,ok,2,0.0,0.0,2,,
520042177,35011,35011,label,קרן ט',ביטוח,ok,96,0.0,0.005,96,,
520042177,35012,35012,label,קרן י',ביטוח,ok,96,0.0,0.036,96,,
520042177,57,57,label,"הכשרה אג""ח ממשלת ישראל",ביטוח,ok,96,0.0,0.35,96,,
520042177,58,58,label,הכשרה מניות,ביטוח,ok,96,0.0,6.33,96,,
520042177,62,62,label,הכשרה כללי,ביטוח,ok,96,0.0,1.63,96,,
520042177,8530,8530,label,הכשרה שיקלי טווח קצר,ביטוח,ok,96,0.0,0.1,96,,
520042177,8834,8834,label,אקסלנס פסיבי כללי,ביטוח,ok,72,0.0,2.99,72,,
520042177,9300,9300,label,"הכשרה חברה לביטוח -ילין לפידות אג""ח ממשלת ישראל",ביטוח,ok,96,0.0,1.54,96,,
520042177,9301,9301,label,ילין לפידות מניות,ביטוח,ok,96,0.0,13.42,96,,
520042177,9302,9302,label,ילין לפידות כללי,ביטוח,ok,96,0.0,6.65,96,,
520042177,9629,9629,label,הכשרה לבני 50 ומטה,ביטוח,ok,96,0.0,2.25,96,,
520042177,9630,9630,label,הכשרה לבני 50-60 קופה מספר 9630,ביטוח,ok,96,0.0,1.59,96,,
520042177,9631,9631,label,הכשרה לבני 60 ומעלה,ביטוח,ok,96,0.0,1.25,96,,
520042177,9632,9632,label_unverified,הכשרה הלכה,ביטוח,ok,12,0.0,0.003,12,9632,0.0
520042177,9719,9719,label,מיטב דש כללי,ביטוח,ok,95,0.0,3.25,95,,
520042177,9720,9720,label,מיטב דש מניות קופה מס' 9720,ביטוח,ok,96,0.0,3.66,96,,
520042177,9721,9721,label,"מיטב דש אג""ח ממשלת ישראל",ביטוח,ok,96,0.0,0.43,96,,
520042177,9888,9888,label,מקבלי קצבה,ביטוח,ok,96,0.0,2.87,96,,
520042177,n:מרכז,,,,,no_data,,,,0,,
520042573,1437,1437,label_unverified,"דוח חודשי לתאריך 30/09/15 קבוצה: גמל עוס - ללא מניות (1522) שם קופה: קופת גמל עו""ס מסלול ללא מניות מספר אישור: 1437 קוד קופת הגמל: 520042573-00000000000159-1437-000",גמל,mismatch,2,0.318,0.6125,2,,
520042573,1521,1521,title_unverified,דוח חודשי לתאריך 31/01/17 קבוצה: עוס לבני50-60 (1521) שם קופה מספר אישור קוד קופת הגמל:,,no_data,,,,1,,
520042573,1522,1522,title_other_company,דוח חודשי לתאריך 28/02/17 קבוצה: עוס לבני 60 ומעלה (1522) שם קופה מספר אישור קוד קופת הגמל:,גמל,ok,1,0.0556,0.0556,1,,
520042573,1523,1523,title_other_company,דוח חודשי לתאריך 31/01/17 קבוצה: עוס לבני 50 ומטה (1523) שם קופה מספר אישור קוד קופת הגמל:,גמל,ok,1,0.0518,0.0518,1,,
520042573,159,159,label_unverified,"דוח חודשי לתאריך 30/09/15 קבוצה: גמל עובדים סוצ' - כללי (1521) שם קופה:קופת גמל עו""ס מסלול כללי מספר אישור: 159 קוד קופת הגמל: 520042573-00000000000159-0159-000",ביטוח,mismatch,2,1.3114,2.5751,2,,
520042573,7221,7221,title,דוח חודשי לתאריך 31/01/16 קבוצה: עוס לבני 50 ומטה (1523) שם קופה: עוס לבני 50 ומטה מספר אישור: 7221 קוד קופת הגמל: 520042573-00000000000159-7221-000,גמל,ok,116,0.001,1.2464,116,,
520042573,7222,7222,title,דוח חודשי לתאריך 31/01/16 קבוצה: עוס לבני50-60 (1521) שם קופה: עוס לבני50-60 מספר אישור: 7222 קוד קופת הגמל: 520042573-00000000000159-7222-000,גמל,ok,116,0.001,2.2893,116,,
520042573,7223,7223,title,דוח חודשי לתאריך 31/01/16 קבוצה: עוס לבני 60 ומעלה (1522) שם קופה: עוס לבני 60 ומעלה מספר אישור: 7223 קוד קופת הגמל: 520042573-00000000000159-7223-000,גמל,ok,116,0.001,0.4765,116,,
520042573,n:עוס כללי 159,,,קופת גמל עוס מסלול כללי 159,,no_data,,,,36,,
520042573,n:עוס ללא מניות 1437,,,קופת גמל עוס מסלול ללא מניות 1437,,no_data,,,,48,,
520042615,1441,1441,registry_name,מחר גמל אגח ממשלת ישראל,גמל,ok,72,0.0,0.01,72,,
520042615,15073,15073,file_name,המחר גמל עוקב מדד S&P,גמל,ok,13,0.0,0.0,17,,
520042615,1522,1522,registry_name,מחר גמל מניות,גמל,ok,78,0.0,0.0,78,,
520042615,9935,9935,file_name,מחר גמל בני 50 ומטה,גמל,ok,78,0.0,0.01,78,,
520042615,9936,9936,registry_name,מחר גמל בני 50 עד 60,גמל,ok,78,0.0,0.01,78,,
520042615,9937,9937,registry_name,מחר גמל בני 60 ומעלה,גמל,ok,78,0.0,0.01,78,,
520042615,n:המחר עוקב מדד S&P,,,המחר גמל עוקב מדד S&P,,no_data,,,,15,,
520042615,n:מחר אגח ממשלת ישראל,,,מחר גמל אגח ממשלת ישראל,,no_data,,,,15,,
570002618,1405,1405,file_name,"אגודה ש. עתא תגמולים מסלול אג""ח 1405",גמל,ok,66,0.0,0.01,66,,
570002618,1477,1477,file_name,אגודה ש. עתא תגמולים מניות 1477,גמל,ok,66,0.0,1.0,66,,
570002618,15372,15372,file_name,תגמולים תל אביב מסלול אס.אנד.פי,גמל,ok,22,0.0,0.01,23,,
570002618,9957,9957,file_name_other_company,עתא אישית לפיצוים בני 50 עד 60 9957,גמל,ok,66,0.0,0.01,66,,
570002618,9962,9962,file_name,אגודה שיתופית תל אביב בני 50 ומטה 570002618,גמל,ok,66,0.0,0.01,66,,
570002618,9963,9963,file_name,אגודה ש. עתא תגמולים בני 50 עד60,גמל,ok,66,0.0,0.01,66,,
570002618,9964,9964,file_name,אגודה שיתופית תל אביב בני 60 ומעלה 570002618,גמל,ok,66,0.0,0.01,66,,
570005959,7219,7219,title,מסלול לבני 50 עד 60(7219),גמל,ok,96,0.002,0.005,96,,
570005959,8571,8571,title_cell_unverified,נתונים לחודש:,ביטוח,mismatch,12,0.957,99.01,12,,
570009852,313,313,label_unverified,"קרן מקפת מרכז לפנסיה ותגמולים א.ש בע""מ (בניהול מיוחד)",,no_data,,,,54,,
570009852,513,513,label,קרנות למטרה אחרת,גמל,ok,54,0.0,0.01,54,,
520019688,526,526,label,קופת גמל למחלה ותאונה,גמל,ok,54,0.0,0.01,54,,
570009852,313,313,label_unverified,"קרן מקפת מרכז לפנסיה ותגמולים א.ש בע""מ (בניהול מיוחד)",,no_data,,,,54,,
570009852,513,513,label,קרנות למטרה אחרת,גמל,ok,54,0.0,0.01,54,,
520019688,526,526,label,קופת גמל למחלה ותאונה,גמל,ok,54,0.0,0.01,54,,
570011767,1476,1476,title,"אל על מסלול אג""ח(1476)",גמל,ok,66,0.002,0.005,66,,
570011767,1526,1526,title,אל על מסלול מניית(1526),גמל,ok,66,0.0025,0.0053,66,,
570011767,9755,9755,title,אל על מסל. חכם עד 50(9755),גמל,ok,66,0.002,0.005,66,,
570011767,9756,9756,title,אל על מסל.חכם מעל 60(9756),גמל,ok,66,0.002,0.005,66,,
570011767,9930,9930,title,אל על מסלול 60-50(9930),גמל,ok,66,0.002,0.005,66,,
570014928,15383,15383,label,AE,גמל,ok,17,0.0,0.0014,18,,
570014928,15417,15417,label,AE,גמל,ok,20,0.0,0.01,21,,
570014928,9625,9625,label,AE,גמל,ok,66,0.0,0.0,66,,
570014928,9892,9892,label,AE,גמל,ok,66,0.0,0.01,66,,
570014928,9893,9893,label,AE,גמל,ok,66,0.0,0.01,66,,
