מספר_מזהה,שם_בנק,ח.פ
1,JP Morgan Securities PLC,
2,Citibank NA/London,
3,"אי–ברוקר מסחר וניירות ערך בע""מ",
4,"בנק יהב לעובדי המדינה בע""מ",
5,"אקסלנס נשואה שירותי בורסה בע""מ",
6,Deutsche Bank AG,
7,JP Morgan Chase Bank N.A.,
9,בנק הדואר,
10,"בנק לאומי לישראל בע""מ",
11,"בנק דיסקונט לישראל בע""מ",
12,"בנק הפועלים בע""מ",
13,"בנק איגוד לישראל בע""מ",
14,"בנק אוצר החייל בע""מ",
15,Citigroup Global Markets Ltd,
17,"בנק מרכנתיל דיסקונט בע""מ",
20,"בנק המזרחי-טפחות בע""מ",
22,CITIBANK N.A.,
23,HSBC BANK PLC,
26,"יובנק בע""מ",
27,Barclays Bank Plc.,
28,"פסגות ניירות ערך בע""מ",
31,"הבנק הבינלאומי הראשון לישראל בע""מ",
39,STATE BANK OF INDIA,
43,JP Morgan Securities (Far East) Limited,
46,"בנק מסד בע""מ",
47,Societe Generale SA,
48,"מיטב דש טרייד בע""מ",
49,"שרותי בורסה והשקעות בישראל - אי.בי.אי בע""מ",
