old_fund,new_fund
1093160,1145820
1096718,1145853
1097500,1145861
1097526,1145879
1097575,1145887
1097617,1145895
1097625,1145903
1098102,1145911
1098110,1145929
1099308,1145937
1099464,1145945
1099472,1145952
1101633,1145960
1102912,1145978
1102920,1145986
1103167,1145994
1105550,1146000
1105725,1146018
1105733,1146026
1105741,1146034
1105758,1118264
1105766,1121433
1105774,1146042
1105832,1146059
1106053,1146067
1106269,1146075
1107721,1146083
1107739,1146091
1107747,1146109
1107754,1146117
1107762,1146125
1108059,1146133
1108067,1146158
1108075,1117001
1108083,1146166
1108091,1146174
1108109,1146190
1109230,1146216
1109248,1146232
1111657,1146257
1111665,1146273
1111889,0
1111897,0
1111905,1146380
1115161,0
1116334,1146414
1116342,0
1116367,0
1116375,1146422
1116854,1146455
1116896,1146497
1116904,1146505
1116912,1146513
1116920,1146521
1116938,1146539
1116946,1146547
1116953,1146554
1116961,1146562
1116979,1146570
1116987,1145713
1116995,1145721
1117001,1145739
1117019,1145747
1117027,1107739
1117035,1145754
1117043,1145770
1117050,1145788
1117084,1145804
1117092,1145812
1117100,1145838
1117118,1117316
1117126,1130202
1117142,1107739
1117159,1117019
1117175,1145846
1117183,1116920
1117191,1102920
1117209,1146315
1117241,1146331
1117258,1146349
1117266,1146356
1117274,1146364
1117282,1146406
1117290,1146430
1117308,1146448
1117316,1146463
1117324,1146471
1117589,1146489
1117639,1146604
1117647,1146612
1117654,1146620
1117662,0
1117670,1146638
1118231,1146646
1118249,1150804
1118256,1146653
1118264,1146661
1119296,1146679
1119742,0
1120708,1146687
1121425,1118264
1121433,1146695
1121441,1146703
1121458,1146711
1122464,0
1122480,1129857
1123215,1146729
1123504,1146737
1123512,1146745
1123538,1146836
1124197,1146844
1124205,1124593
1124213,1146851
1124221,1147552
1124239,1146869
1124585,1146877
1124593,1146885
1126671,1146893
1126697,1146901
1126705,1146919
1127810,1123504
1127828,1146927
1127836,1146935
1127844,0
1128537,1146943
1128545,1146950
1128743,0
1129774,1146968
1129782,1146976
1129790,1146984
1129808,1146992
1129816,1147008
1129824,1147016
1129832,1147024
1129840,1147032
1129857,1147040
1130186,1146141
1130194,1146182
1130202,1146208
1130210,1146224
1130228,1146240
1130236,1146265
1130327,1146281
1130715,1146307
1130723,1146372
1130731,1146588
1130749,1146299
1130756,1146596
1130764,1146778
1130772,1146786
1130780,1147529
1130798,1146794
1130806,1146802
1131051,1147099
1131143,1147537
1131465,1147545
1131473,1146810
1131481,1146828
1131499,1147057
1132240,1147065
1132257,0
1132265,1147073
1132273,0
1132554,1147081
1132992,1147107
1133008,1147115
1133016,1147123
1133024,1147131
1133156,1147149
1133677,1147156
1134055,1147164
1134667,1147172
1134675,1147180
1134683,1147198
1134691,1147206
1134717,1147214
1135508,1147222
1137587,1147230
1137595,1147248
1137603,1116334
1137611,1147255
1137629,1147263
1137637,1117290
1137959,1147271
1137967,1147289
1138320,1147297
1138338,1147305
1138957,1147313
1139021,1147321
1139039,1147339
1139401,1147347
1140060,1147354
1141449,1147362
1141456,1147370
1141613,1147388
1142728,1147396
1142736,1150754
1142744,1150762
1142751,1150770
1147586,1150788
1147719,1150796
1128909,5122585
1128917,5103833
1128933,5122585
1129071,0
1134121,5122585
1101351,1147776
1107945,1147776
1135268,1147776
1109438,1147784
1109446,1147792
1125293,1147792
1108190,1147792
1134576,1147792
1109453,1147818
1125301,1147818
1101344,1147818
1135276,1147818
1112879,1147842
1121771,1147842
1125228,1147867
1135284,1147867
1125236,1147883
1125244,1147917
1112861,1147917
1108174,1147917
1135292,1147917
1125251,1147925
1118389,1147925
1101377,1147925
1108182,1147925
1131978,1147933
1131986,1147941
1104603,1147958
1101443,1147958
1134535,1147958
1109461,1147974
1109412,1147974
1134543,1147974
1109479,1148006
1109420,1148006
1134550,1148006
1127752,1148030
1127760,1148048
1128529,1148063
1132117,1154699
1142900,1148188
1142918,1148204
1142926,1148220
1147438,1148477
1147446,1148527
1116326,1148261
1116581,1148261
1134568,1148261
1132588,1148170
1134600,1148303
1138080,1148311
1142447,1148337
1142934,1148345
1142942,1148360
1142959,1148410
1142967,1148444
1147453,1148568
1147461,1148592
1104645,1148774
1096437,1148774
1096486,1148642
1113307,1148642
1096494,1148691
1115740,1148691
1096502,1148758
1097971,1148766
1099506,1148766
1108364,1148782
1114263,1148782
1125319,1148790
1084656,1148790
1125327,1148808
1096593,1148808
1125350,1148816
1125368,1148824
1118769,1148824
1125806,1148832
1141621,1148840
1145655,1148857
1096635,1148865
1126242,1148865
1096650,1148873
1097203,1148881
1099522,1148915
1099555,1148923
1101385,1148972
1126440,1148972
1101419,1149012
1123652,1149012
1101427,1149046
1101435,1149061
1104637,1147800
1107895,1147826
1108372,1147834
1120187,1147859
1121789,1147875
1124114,1147966
1124122,1148097
1118801,1148147
1125335,1148147
1125343,1148162
1117399,1148162
1127950,1148253
1128495,1148329
1128503,1148386
1128511,1148618
1130004,1148725
1130046,1148741
1131283,1149087
1131291,1149111
1131309,1149129
1131317,1149152
1131382,1149210
1132471,1149269
1133255,1149327
1133909,1149350
1134519,1149384
1134527,1149392
1138023,1149418
1138031,1149426
1138049,1149442
1138056,1149459
1138064,1149467
1138072,1149475
1138809,1149483
1139047,1149509
1139062,1149517
1096627,1149533
1097187,1149541
1097195,1149558
1099530,1149574
1104629,1149582
1107903,1149608
1107911,1149616
1107929,1149632
1107937,1149657
1117563,1149673
1121805,1149707
1121813,1149723
1126465,1149723
1122779,1149731
1122787,1149756
1124098,1149764
1124106,1149772
1125749,1149780
1130053,1149798
1135359,1149806
1101393,1149814
1120195,1149822
1143486,1149822
1120203,1149830
1122795,1147891
1129964,1147909
1129972,1147982
1131325,1147990
1131333,1148014
1131341,1148022
1131358,1148055
1131366,1148071
1132109,1148089
1132489,1148113
1132497,1148139
1133263,1148154
1134584,1148196
1134592,1148212
1135326,1148238
1135334,1148246
1135342,1148279
1135961,1148287
1136332,1148295
1137991,1148352
1138007,1148378
1138015,1148394
1139054,1148402
1141241,1148428
1143478,1148436
1116060,1148436
1104199,1148451
1104215,1148469
1108380,1148550
1108398,1148493
1115229,1148501
1115237,1148519
1116052,1148535
1116599,1148543
1117381,1148543
1117878,1148576
1126457,1148584
1132455,1148600
1132463,1148626
1135318,1148634
1138783,1148659
1138791,1148667
1131374,1148675
1133917,1148683
1134618,1148709
1134626,1148717
1135300,1148733
1135953,1149178
1136357,1149178
1136340,1149186
1107978,1149202
1107994,1149236
1114552,1149277
1116573,1149293
1124130,1149319
1125798,1149343
1126473,1149368
1130079,1149400
1130087,1149434
1128891,5128087
1129006,5128087
1129113,5128087
1129139,5128087
1129162,5128160
1113232,1148899
1113703,1148907
1113745,1148931
1113752,1148949
1116284,1148964
1116391,1148980
1116409,1148998
1116383,1148956
1116417,1149004
1113240,1150440
1113257,1150473
1127778,1150606
1128578,1150622
1130343,1150648
1132638,5128095
1137769,1150671
1142413,1150713
1142884,1150739
1113711,5128103
1113760,1150499
1116292,1150523
1116425,5128111
1116433,5128129
1120831,5128137
1121185,1150556
1134733,1150655
1138619,1150705
1138601,1150697
1116466,1149079
1116474,1149095
1116458,1149038
1116441,1149020
1124155,1149053
1128164,1149194
1128172,1149228
1128180,1149244
1128214,1149285
1130368,1149871
1130350,1149855
1130988,1149335
1130996,1149848
1131002,1149863
1131796,1149939
1132596,1149301
1132620,1150036
1134964,1150044
1137850,1150374
1123231,1149103
1123249,1149137
1124171,5128178
1124189,1149160
1124163,1149145
1128206,1149251
1130376,1149889
1130392,1149905
1130384,1149897
1131838,1149921
1131788,1149913
1132604,1150838
1132612,1149970
1134956,1149947
1134972,1150085
1137843,1150218
1137819,1150192
1137777,1150127
1137785,1150143
1137793,5128186
1137827,1150200
1137801,1150176
1118538,5128194
1128560,5128202
1130335,5128210
1131010,5128228
1133818,5128236
1134014,5128244
1134741,5128251
1136217,5128269
1145671,1149376
1147511,1150747
1091818,1143718
1095710,1144385
1097807,1143700
1097815,1143718
1116524,1145184
