month,key,reason
202509,520042177_12937,"Q3 futures reported only as aggregated P&L rows ('FUT VAL ... רוו""ה מחוזים'), no contracts; Q3 gap = Q4 futures"
202509,520042177_12938,same
202509,520042177_13498,same
202509,520042177_13500,same
202509,520042177_142,same
202509,520042177_143,same
202509,520042177_14425,same
202509,520042177_15108,same
202509,520042177_15373,same
202509,520042177_35011,same
202509,520042177_35012,same
202509,520042177_58,same
202509,520042177_62,same
202509,520042177_9301,same
202509,520042177_9302,same
202509,520042177_9629,same
202509,520042177_9630,same
202509,520042177_9631,same
202509,520042177_9720,same
202509,520042177_9888,same
202509,512065202_15345,"equity swaps (NDWUIT, M1WOMOM) missing from the 0325 report; present in 0425"
202509,512065202_15350,same
202509,512065202_15352,same
202509,512065202_15360,same
202509,512065202_15361,same
202509,520030990_14156,"official 50.8 vs holdings of 92% government bonds + one option; matched within 0.2 from 0425 on"
202509,513026484_682,"official 33-34 in 2025 vs 16.8-17.7 from 0126 with the same holdings"
202512,513026484_682,same
202512,514956465_15274,official 0 (new track not yet reported)
202512,512245812_15673,"official 75 vs 64 in 0126 with the same holdings"
202603,520028556_290,"official 38.8 vs 48.1 in 0226 with the same holdings"
202603,520023185_13644,"bond / gold ETFs labeled 'מניות בחו""ל' by the company (6.03%); relabeled in 0226"
202606,514956465_15881,official June figure excludes the TA-125 futures held
202606,514956465_15882,same
202606,514956465_15883,same
202606,512362914_7205,"off only in 0226 (+4.4); 0126 matches (-0.3) with the same structure"
202606,512362914_556,same
*,512267592_12140,"official omits the swaps: holdings match sister track 9745, whose official includes them"
*,520024647_11341,"near-identical holdings to 11348 with a different official figure"
*,513173393_8580,futures units rounded to 0 in the report
*,513621110_14043,"annuitant track: official ~25% vs ~10% equity in the holdings every quarter"
*,513621110_14050,same
*,514767490_11943,"closed track: official from 2025-02, report from 2024-09"
202509,513621110_14336,"official 50.00% (the track target) while the report holds 39% cash; every equity ETF/fund together is 31.5%"
