legal_id,product,link_text,url,first_seen,last_seen,file
512065202,גמל,הצהרת מדיניות השקעה לשנת 2026 - עדכון מספר 1,https://www.meitav.co.il/media/hovitr4z/הצהרת-מדיניות-השקעות-לשנת-2026-עדכון-מספר-1.xlsx,2026-09-30T20:49:30+00:00,2026-09-30T21:25:18+00:00,policy/companies/512065202/raw/512065202/c45f044442b3_הצהרת-מדיניות-השקעות-לשנת-2026-עדכון-מספר-1.xlsx
512065202,גמל,הצהרת מדיניות השקעה לשנת 2026 - מיטב גמל ופנסיה,https://www.meitav.co.il/media/knpp5kul/הצהרת-מדיניות-השקעות-לשנת-2026.xlsx,2026-09-30T20:49:30+00:00,2026-09-30T21:25:18+00:00,policy/companies/512065202/raw/512065202/c05dbe566ce6_הצהרת-מדיניות-השקעות-לשנת-2026.xlsx
512065202,גמל,מגבלת עלות ניהול חיצוני לפי מסלול לשנת 2026,https://www.meitav.co.il/media/rcxl1e43/דיווח-מגבלת-ניהול-חיצוני-לשנת-2026.xlsx,2026-09-30T20:49:30+00:00,2026-09-30T21:25:18+00:00,policy/companies/512065202/raw/512065202/aafcbda93dcd_דיווח-מגבלת-ניהול-חיצוני-לשנת-2026.xlsx
512065202,גמל,הצהרת מדיניות השקעה לשנת 2025 - עדכון מספר 5,https://www.meitav.co.il/media/3rdadtzg/הצהרת-מדיניות-השקעות-לשנת-2025-עדכון-מספר-5-מיטב-גמל-ופנסיה.xlsx,2026-09-30T20:49:30+00:00,2026-09-30T21:25:18+00:00,policy/companies/512065202/raw/512065202/d8a8c6bf7d73_הצהרת-מדיניות-השקעות-לשנת-2025-עדכון-מספר-5-מיטב-גמל-ופנסיה.xlsx
512065202,גמל,הצהרת מדיניות השקעה לשנת 2025 - עדכון מספר 4,https://www.meitav.co.il/media/grihqpdz/הצהרת-מדיניות-השקעות-לשנת-2025-עדכון-מספר-4-מיטב-גמל-ופנסיה.xlsx,2026-09-30T20:49:30+00:00,2026-09-30T21:25:18+00:00,policy/companies/512065202/raw/512065202/817fdd4e036f_הצהרת-מדיניות-השקעות-לשנת-2025-עדכון-מספר-4-מיטב-גמל-ופנסיה.xlsx
512065202,גמל,הצהרת מדיניות השקעה לשנת 2025 - עדכון מספר 3,https://www.meitav.co.il/media/hhcb05lt/הצהרת-מדיניות-השקעות-לשנת-2025-עדכון-מספר3-מיטב-גמל-ופנסיה.xlsx,2026-09-30T20:49:30+00:00,2026-09-30T21:25:18+00:00,policy/companies/512065202/raw/512065202/89bbd3828ecd_הצהרת-מדיניות-השקעות-לשנת-2025-עדכון-מספר3-מיטב-גמל-ופנסיה.xlsx
512065202,גמל,הצהרת מדיניות השקעה לשנת 2025 - עדכון מספר 2,https://www.meitav.co.il/media/xfvftt2m/הצהרת-מדיניות-השקעות-לשנת-2025-עדכון-מספר-2-מיטב-גמל-ופנסיה.xlsx,2026-09-30T20:49:30+00:00,2026-09-30T21:25:18+00:00,policy/companies/512065202/raw/512065202/4ca81b367da0_הצהרת-מדיניות-השקעות-לשנת-2025-עדכון-מספר-2-מיטב-גמל-ופנסיה.xlsx
512065202,גמל,מגבלת עלות ניהול חיצוני לפי מסלול לשנת 2025,https://www.meitav.co.il/media/k1qh1bmz/דיווח-מגבלת-ניהול-חיצוני-לשנת-2025.xlsx,2026-09-30T20:49:30+00:00,2026-09-30T21:25:18+00:00,policy/companies/512065202/raw/512065202/10b4f30a2c55_דיווח-מגבלת-ניהול-חיצוני-לשנת-2025.xlsx
512065202,גמל,הצהרת מדיניות השקעה לשנת 2025 - עדכון מספר 1,https://www.meitav.co.il/media/ybtha1v0/הצהרת-מדיניות-השקעות-לשנת-2025-עדכון-מספר-1-מיטב-גמל-ופנסיה.xlsx,2026-09-30T20:49:30+00:00,2026-09-30T21:25:18+00:00,policy/companies/512065202/raw/512065202/c3e75c2e7968_הצהרת-מדיניות-השקעות-לשנת-2025-עדכון-מספר-1-מיטב-גמל-ופנסיה.xlsx
512065202,גמל,הצהרת מדיניות השקעה לשנת 2025 - מיטב גמל ופנסיה,https://www.meitav.co.il/media/hzofyald/הצהרת-מדיניות-השקעות-לשנת-2025-מונגשת-לאתר-גרסה-1.xlsx,2026-09-30T20:49:30+00:00,2026-09-30T21:25:18+00:00,policy/companies/512065202/raw/512065202/4a259f25e67f_הצהרת-מדיניות-השקעות-לשנת-2025-מונגשת-לאתר-גרסה-1.xlsx
512065202,גמל,"הצהרה מדיניות השקעה לשנת 2024, עדכון מספר 4",https://www.meitav.co.il/media/dzymkako/הצהרת-מדיניות-השקעה-לשנת-2024-עדכון-מספר4-מיטב-גמל-ופנסיה.xlsx,2026-09-30T20:49:30+00:00,2026-09-30T21:25:18+00:00,policy/companies/512065202/raw/512065202/a5f5d63faebd_הצהרת-מדיניות-השקעה-לשנת-2024-עדכון-מספר4-מיטב-גמל-ופנסיה.xlsx
512065202,גמל,"הצהרת מדיניות השקעה לשנת 2024, עדכון מספר 3",https://www.meitav.co.il/media/hmjf5lv5/הצהרת-מדיניות-השקעה-לשנת-2024-עדכון-מספר3-מיטב-גמל-ופנסיה.xlsx,2026-09-30T20:49:30+00:00,2026-09-30T21:25:18+00:00,policy/companies/512065202/raw/512065202/62e6927059ab_הצהרת-מדיניות-השקעה-לשנת-2024-עדכון-מספר3-מיטב-גמל-ופנסיה.xlsx
512065202,גמל,"הצהרת מדיניות השקעה לשנת 2024, עדכון מספר 2",https://www.meitav.co.il/media/xqkd0m5a/הצהרת-מדיניות-השקעה-לשנת-2024-עדכון-מספר2-מיטב-גמל-ופנסיה.xlsx,2026-09-30T20:49:30+00:00,2026-09-30T21:25:18+00:00,policy/companies/512065202/raw/512065202/9183489cad71_הצהרת-מדיניות-השקעה-לשנת-2024-עדכון-מספר2-מיטב-גמל-ופנסיה.xlsx
512065202,גמל,"הצהרת מדיניות השקעה לשנת 2024, עדכון מספר 1",https://www.meitav.co.il/media/smwlaoyz/הצהרת-מדיניות-השקעה-לשנת-2024-עדכון-מספר-1-מיטב-גמל-ופנסיה.xlsx,2026-09-30T20:49:30+00:00,2026-09-30T21:25:18+00:00,policy/companies/512065202/raw/512065202/c53ddde84fb1_הצהרת-מדיניות-השקעה-לשנת-2024-עדכון-מספר-1-מיטב-גמל-ופנסיה.xlsx
512065202,גמל,הצהרת מדיניות השקעה לשנת 2024 - מיטב גמל ופנסיה,https://www.meitav.co.il/media/552jdvbh/הצהרת-מדיניות-השקעות-לשנת-2024-מונגשת-לאתר-גרסה-1-2.xlsx,2026-09-30T20:49:30+00:00,2026-09-30T21:25:18+00:00,policy/companies/512065202/raw/512065202/e58fa049a581_הצהרת-מדיניות-השקעות-לשנת-2024-מונגשת-לאתר-גרסה-1-2.xlsx
512065202,גמל,"הצהרת מדיניות השקעה לשנת 2023, עדכון מספר 3 - מיטב גמל ופנסיה",https://www.meitav.co.il/media/bb5djvjp/הצהרת-מדיניות-2023-עדכון-מספר-3.xlsx,2026-09-30T20:49:30+00:00,2026-09-30T21:25:18+00:00,policy/companies/512065202/raw/512065202/35d11bd46f89_הצהרת-מדיניות-2023-עדכון-מספר-3.xlsx
512065202,גמל,"הצהרת מדיניות השקעה לשנת 2023, עדכון מספר 2 - מיטב גמל ופנסיה",https://www.meitav.co.il/media/skxg2ik2/הצהרת-מדיניות-2023-עדכון-מספר-2.xlsx,2026-09-30T20:49:30+00:00,2026-09-30T21:25:18+00:00,policy/companies/512065202/raw/512065202/2fa89ff750c9_הצהרת-מדיניות-2023-עדכון-מספר-2.xlsx
512065202,גמל,"הצהרת מדיניות השקעה לשנת 2023, עדכון מספר 1 - מיטב גמל ופנסיה",https://www.meitav.co.il/media/nm5d51ij/הצהרת-מדיניות-2023-עדכון-מספר-1.xlsx,2026-09-30T20:49:30+00:00,2026-09-30T21:25:18+00:00,policy/companies/512065202/raw/512065202/3188d824a6db_הצהרת-מדיניות-2023-עדכון-מספר-1.xlsx
512065202,גמל,הצהרת מדיניות,https://www.meitav.co.il/media/4stfbnwd/הצהרת-מדיניות-2023.xlsx,2026-09-30T20:49:30+00:00,2026-09-30T21:25:18+00:00,policy/companies/512065202/raw/512065202/a7594e8e513c_הצהרת-מדיניות-2023.xlsx
512065202,גמל,הצהרת מדיניות השקעה לשנת 2022 - מיטב גמל ופנסיה,https://www.meitav.co.il/media/uo0p4x12/הצהרת-מדיניות-גמל-2022.xlsx,2026-09-30T20:49:30+00:00,2026-09-30T21:25:18+00:00,policy/companies/512065202/raw/512065202/b47c9c91db88_הצהרת-מדיניות-גמל-2022.xlsx
512065202,גמל,"הצהרת מדיניות השקעה לשנת 2021, עדכון מספר 1 - מיטב גמל ופנסיה",https://www.meitav.co.il/media/xogdffpy/הצהרת-מדיניות-השקעה-לאתר-אינטרנט-עדכון-מספר-1.xlsx,2026-09-30T20:49:30+00:00,2026-09-30T21:25:18+00:00,policy/companies/512065202/raw/512065202/a3c8f7ddc11b_הצהרת-מדיניות-השקעה-לאתר-אינטרנט-עדכון-מספר-1.xlsx
512065202,גמל,הצהרת מדיניות השקעה לשנת 2021 - מיטב גמל ופנסיה,https://www.meitav.co.il/media/p3lpynk3/הצהרת-מדיניות-השקעה-לאתר-אינטרנט.xlsx,2026-09-30T20:49:30+00:00,2026-09-30T21:25:18+00:00,policy/companies/512065202/raw/512065202/ff34af347f51_הצהרת-מדיניות-השקעה-לאתר-אינטרנט.xlsx
512065202,גמל,"הצהרת מדיניות השקעה לשנת 2020, עדכון מספר 2 - מיטב גמל ופנסיה",https://www.meitav.co.il/media/sovj2mf2/הצהרה-על-מדיניות-השקעה-2020-אתר-אינטרנט-עדכון2.xlsx,2026-09-30T20:49:30+00:00,2026-09-30T21:25:18+00:00,policy/companies/512065202/raw/512065202/99f77ea3bf4a_הצהרה-על-מדיניות-השקעה-2020-אתר-אינטרנט-עדכון2.xlsx
512065202,גמל,"הצהרת מדיניות השקעה לשנת 2020, עדכון מספר 1 - מיטב גמל ופנסיה",https://www.meitav.co.il/media/ccshc3xx/הצהרה-על-מדיניות-השקעה-2020-אתר-אינטרנט-עדכון1.xlsx,2026-09-30T20:49:30+00:00,2026-09-30T21:25:18+00:00,policy/companies/512065202/raw/512065202/6db742b9a71b_הצהרה-על-מדיניות-השקעה-2020-אתר-אינטרנט-עדכון1.xlsx
512065202,גמל,הצהרת מדיניות השקעה לשנת 2020 - מיטב גמל ופנסיה,https://www.meitav.co.il/media/hpzm1pxn/הצהרה-על-מדיניות-השקעה-2020-אתר-אינטרנט.xlsx,2026-09-30T20:49:30+00:00,2026-09-30T21:25:18+00:00,policy/companies/512065202/raw/512065202/42ca2c6c06bf_הצהרה-על-מדיניות-השקעה-2020-אתר-אינטרנט.xlsx
512065202,גמל,"הצהרת מדיניות השקעה לשנת 2019, עדכון מספר 1 - מיטב גמל ופנסיה",https://www.meitav.co.il/media/nkqfkz0i/עותק-של-הצהרת-מדיניות-השקעה-2019-עדכון-1-מונגש-לאתר-אינטרנט.xlsx,2026-09-30T20:49:30+00:00,2026-09-30T21:25:18+00:00,policy/companies/512065202/raw/512065202/fa695dd7b7a7_עותק-של-הצהרת-מדיניות-השקעה-2019-עדכון-1-מונגש-לאתר-אינטרנט.xlsx
512065202,גמל,הצהרת מדיניות השקעה לשנת 2019 - מיטב גמל ופנסיה,https://www.meitav.co.il/media/lk4n4gh3/עותק-של-הצהרת-מדיניות-השקעה-2019-לאתר-אינטרנט.xlsx,2026-09-30T20:49:30+00:00,2026-09-30T21:25:18+00:00,policy/companies/512065202/raw/512065202/43460ad80094_עותק-של-הצהרת-מדיניות-השקעה-2019-לאתר-אינטרנט.xlsx
512065202,גמל,"הצהרת מדיניות השקעה לשנת 2018, עדכון מספר 1 - מיטב גמל ופנסיה",https://www.meitav.co.il/media/uv3bbhcr/עותק-של-הצהרה-על-מדיניות-השקעות-2018-עדכון-1-לאתר-אינטרנט.xlsx,2026-09-30T20:49:30+00:00,2026-09-30T21:25:18+00:00,policy/companies/512065202/raw/512065202/5c15691cfae4_עותק-של-הצהרה-על-מדיניות-השקעות-2018-עדכון-1-לאתר-אינטרנט.xlsx
512065202,גמל,הצהרת מדיניות השקעה לשנת 2018 - מיטב גמל ופנסיה,https://www.meitav.co.il/media/w5ohnux5/הצהרה-על-מדיניות-השקעות-2018-לאתר-אינטרנט.xlsx,2026-09-30T20:49:30+00:00,2026-09-30T21:25:18+00:00,policy/companies/512065202/raw/512065202/617714ac1d8e_הצהרה-על-מדיניות-השקעות-2018-לאתר-אינטרנט.xlsx
512065202,גמל,הצהרת מדיניות השקעה לשנת 2017 - מיטב גמל ופנסיה,https://www.meitav.co.il/media/zsse1ag4/עותק-של-מדיניות-השקעה-2017-אתר-אינטרנט.xlsx,2026-09-30T20:49:30+00:00,2026-09-30T21:25:18+00:00,policy/companies/512065202/raw/512065202/642332eda0e2_עותק-של-מדיניות-השקעה-2017-אתר-אינטרנט.xlsx
512065202,גמל,"הצהרת מדיניות השקעה לשנת 2023, עדכון מספר 2 - מיטב גמל ופנסיה",https://www.meitav.co.il/media/118031/הצהרת-מדיניות-2023-עדכון-מספר-2.xlsx,2026-09-30T20:49:30+00:00,2026-09-30T21:25:18+00:00,policy/companies/512065202/raw/512065202/2fa89ff750c9_הצהרת-מדיניות-2023-עדכון-מספר-2.xlsx
512267592,גמל,מדיניות השקעות מוצהרת 2026 – הראל קופת גמל,https://media.harel-group.co.il/media/u0qklqmg/מדיניות-השקעות-מוצהרת-2026-הראל-קופת-גמל.xlsx,2026-09-30T20:49:54+00:00,2026-09-30T21:22:56+00:00,policy/companies/512267592/raw/512267592/b7f827bcc8ec_מדיניות-השקעות-מוצהרת-2026-הראל-קופת-גמל.xlsx
512267592,גמל,מדיניות השקעות מוצהרת 2026 – הראל קופת גמל עדכון אפריל,https://media.harel-group.co.il/media/4qwhf3tm/מדיניות-השקעות-מוצהרת-2026-הראל-קופת-גמל-עדכון-אפריל.xlsx,2026-09-30T20:49:54+00:00,2026-09-30T21:22:56+00:00,policy/companies/512267592/raw/512267592/98e09be24cd6_מדיניות-השקעות-מוצהרת-2026-הראל-קופת-גמל-עדכון-אפריל.xlsx
512267592,גמל,מדיניות השקעות מוצהרת 2025 – הראל קופת גמל,https://media.harel-group.co.il/media/xszbcycz/מדיניות-השקעות-מוצהרת-2025-הראל-קופת-גמל.xlsx,2026-09-30T20:49:54+00:00,2026-09-30T21:22:56+00:00,policy/companies/512267592/raw/512267592/e59351f1c08a_מדיניות-השקעות-מוצהרת-2025-הראל-קופת-גמל.xlsx
512267592,גמל,מדיניות השקעות מוצהרת 2024 – הראל קופת גמל,https://media.harel-group.co.il/media/ivunnz3a/מדיניות-השקעות-מוצהרת-2024-הראל-קופת-גמל.xlsx,2026-09-30T20:49:54+00:00,2026-09-30T21:22:56+00:00,policy/companies/512267592/raw/512267592/c8f7dba4edd8_מדיניות-השקעות-מוצהרת-2024-הראל-קופת-גמל.xlsx
512267592,גמל,מדיניות השקעות מוצהרת 2024 – הראל קופת גמל עדכון יולי,https://media.harel-group.co.il/media/cmuhh1mk/מדיניות-השקעות-מוצהרת-2024-הראל-קופת-גמל-עדכון-יולי.xlsx,2026-09-30T20:49:54+00:00,2026-09-30T21:22:56+00:00,policy/companies/512267592/raw/512267592/1694f7ce3c9c_מדיניות-השקעות-מוצהרת-2024-הראל-קופת-גמל-עדכון-יולי.xlsx
512267592,גמל,מדיניות השקעות מוצהרת 2023 – הראל קופת גמל,https://media.harel-group.co.il/media/scrgrgig/מדיניות-השקעות-מוצהרת-2023-הראל-קופת-גמל.xlsx,2026-09-30T20:49:54+00:00,2026-09-30T21:22:56+00:00,policy/companies/512267592/raw/512267592/2412d290e7c5_מדיניות-השקעות-מוצהרת-2023-הראל-קופת-גמל.xlsx
512267592,גמל,מדיניות השקעות מוצהרת 2022 – הראל קופת גמל,https://media.harel-group.co.il/media/ftyng4l2/מדיניות-השקעות-מוצהרת-2022-הראל-קופת-גמל.xlsx,2026-09-30T20:49:54+00:00,2026-09-30T21:22:56+00:00,policy/companies/512267592/raw/512267592/bb7c60827e3d_מדיניות-השקעות-מוצהרת-2022-הראל-קופת-גמל.xlsx
512267592,גמל,מדיניות השקעות מוצהרת גמל 2021 עדכון מאי,https://media.harel-group.co.il/media/nnpbqgjk/מדיניות-השקעות-מוצהרת-גמל-2021-עדכון-מאי.xlsx,2026-09-30T20:49:54+00:00,2026-09-30T21:22:56+00:00,policy/companies/512267592/raw/512267592/5269676bdf11_מדיניות-השקעות-מוצהרת-גמל-2021-עדכון-מאי.xlsx
512267592,גמל,מדיניות השקעות מוצהרת 2021 – הראל קופת גמל,https://media.harel-group.co.il/media/prbljtbb/מדיניות-השקעות-מוצהרת-2021-הראל-קופת-גמל.xlsx,2026-09-30T20:49:54+00:00,2026-09-30T21:22:56+00:00,policy/companies/512267592/raw/512267592/e8bbd4c5d67b_מדיניות-השקעות-מוצהרת-2021-הראל-קופת-גמל.xlsx
512267592,גמל,מדיניות השקעות מוצהרת 2021 עדכון פברואר הראל קופת גמל,https://media.harel-group.co.il/media/wrlfseyc/מדיניות-השקעות-מוצהרת-2021-עדכון-פברואר-הראל-קופת-גמל.xlsx,2026-09-30T20:49:54+00:00,2026-09-30T21:22:56+00:00,policy/companies/512267592/raw/512267592/b92d353a55a5_מדיניות-השקעות-מוצהרת-2021-עדכון-פברואר-הראל-קופת-גמל.xlsx
512267592,גמל,מדיניות השקעות מוצהרת 2021 – קופת גמל למשרתי הקבע בצהל קופת גמל לא משלמת קצבה,https://media.harel-group.co.il/media/0bmlmlrn/מדיניות-השקעות-מוצהרת-2021-קופת-גמל-למשרתי-הקבע-בצהל-קופת-גמל-לא-משלמת-קצבה.xlsx,2026-09-30T20:49:54+00:00,2026-09-30T21:22:56+00:00,policy/companies/512267592/raw/512267592/5fc69c6dda81_מדיניות-השקעות-מוצהרת-2021-קופת-גמל-למשרתי-הקבע-בצהל-קופת-גמל-לא-משלמת-קצבה.xlsx
512267592,גמל,מדיניות השקעות מוצהרת 2021 – עדכון פברואר קופת גמל למשרתי הקבע בצהל קופת גמל לא משלמת קצבה,https://media.harel-group.co.il/media/rlqfberc/מדיניות-השקעות-מוצהרת-2021-עדכון-פברואר-קופת-גמל-למשרתי-הקבע-בצהל-קופת-גמל-לא-משלמת-קצבה.xlsx,2026-09-30T20:49:54+00:00,2026-09-30T21:22:56+00:00,policy/companies/512267592/raw/512267592/6f4451068b6f_מדיניות-השקעות-מוצהרת-2021-עדכון-פברואר-קופת-גמל-למשרתי-הקבע-בצהל-קופת-גמל-לא-מש.xlsx
512267592,גמל,מדיניות השקעות מוצהרת 2020 – קופת גמל למשרתי הקבע בצהל קופת גמל לא משלמת קצבה,https://media.harel-group.co.il/media/kqzlyilw/מדיניות-השקעות-מוצהרת-2020-קופת-גמל-למשרתי-הקבע-בצהל-קופת-גמל-לא-משלמת-קצבה.xlsx,2026-09-30T20:49:54+00:00,2026-09-30T21:22:56+00:00,policy/companies/512267592/raw/512267592/6dd50d334d6b_מדיניות-השקעות-מוצהרת-2020-קופת-גמל-למשרתי-הקבע-בצהל-קופת-גמל-לא-משלמת-קצבה.xlsx
512267592,גמל,מדיניות השקעות מוצהרת 2020 – הראל קופת גמל,https://media.harel-group.co.il/media/1vxgpl1e/מדיניות-השקעות-מוצהרת-2020-הראל-קופת-גמל.xlsx,2026-09-30T20:49:54+00:00,2026-09-30T21:22:56+00:00,policy/companies/512267592/raw/512267592/1959d31f4b11_מדיניות-השקעות-מוצהרת-2020-הראל-קופת-גמל.xlsx
512267592,גמל,מדיניות השקעות אפריל 2019,https://media.harel-group.co.il/media/cvpib4lk/מדיניות-השקעות-אפריל-2019.xlsx,2026-09-30T20:49:54+00:00,2026-09-30T21:22:56+00:00,policy/companies/512267592/raw/512267592/f2ba0d9b8b62_מדיניות-השקעות-אפריל-2019.xlsx
512267592,גמל,מדיניות השקעה 2019,https://media.harel-group.co.il/media/ruvbdezd/מדיניות-השקעה-2019.xlsx,2026-09-30T20:49:54+00:00,2026-09-30T21:22:56+00:00,policy/companies/512267592/raw/512267592/4efa27272273_מדיניות-השקעה-2019.xlsx
512267592,גמל,מדיניות השקעה 2018,https://media.harel-group.co.il/media/pwrclwyp/מדיניות-השקעה-2018.xlsx,2026-09-30T20:49:54+00:00,2026-09-30T21:22:56+00:00,policy/companies/512267592/raw/512267592/b29b7ec2af68_מדיניות-השקעה-2018.xlsx
512267592,גמל,הראל קופת גמל מדיניות השקעה 2018,https://media.harel-group.co.il/media/1eebg504/הראל-קופת-גמל-מדיניות-השקעה-2018.xlsx,2026-09-30T20:49:54+00:00,2026-09-30T21:22:56+00:00,policy/companies/512267592/raw/512267592/3f1232fd289e_הראל-קופת-גמל-מדיניות-השקעה-2018.xlsx
512267592,גמל,מדיניות השקעות הראל קופת גמל נכון ליולי 2018,https://media.harel-group.co.il/media/ka3hlu1n/מדיניות-השקעות-הראל-קופת-גמל-נכון-ליולי-2018.xlsx,2026-09-30T20:49:54+00:00,2026-09-30T21:22:56+00:00,policy/companies/512267592/raw/512267592/b90fca943da9_מדיניות-השקעות-הראל-קופת-גמל-נכון-ליולי-2018.xlsx
520004078,פנסיה+גמל+ביטוח,מדיניות השקעות מוצהרת 2026 – הראל קופת גמל עדכון אפריל,https://media.harel-group.co.il/media/4qwhf3tm/מדיניות-השקעות-מוצהרת-2026-הראל-קופת-גמל-עדכון-אפריל.xlsx,2026-09-30T21:21:19+00:00,2026-09-30T21:21:19+00:00,policy/companies/520004078/raw/520004078/98e09be24cd6_מדיניות-השקעות-מוצהרת-2026-הראל-קופת-גמל-עדכון-אפריל.xlsx
520004078,פנסיה+גמל+ביטוח,מדיניות השקעות מוצהרת 2026 – הראל קופת גמל,https://media.harel-group.co.il/media/u0qklqmg/מדיניות-השקעות-מוצהרת-2026-הראל-קופת-גמל.xlsx,2026-09-30T21:21:19+00:00,2026-09-30T21:21:19+00:00,policy/companies/520004078/raw/520004078/b7f827bcc8ec_מדיניות-השקעות-מוצהרת-2026-הראל-קופת-גמל.xlsx
520004078,פנסיה+גמל+ביטוח,מדיניות השקעות מוצהרת 2025 – הראל קופת גמל,https://media.harel-group.co.il/media/xszbcycz/מדיניות-השקעות-מוצהרת-2025-הראל-קופת-גמל.xlsx,2026-09-30T21:21:19+00:00,2026-09-30T21:21:19+00:00,policy/companies/520004078/raw/520004078/e59351f1c08a_מדיניות-השקעות-מוצהרת-2025-הראל-קופת-גמל.xlsx
520004078,פנסיה+גמל+ביטוח,מדיניות השקעות מוצהרת 2024 – הראל קופת גמל עדכון יולי,https://media.harel-group.co.il/media/cmuhh1mk/מדיניות-השקעות-מוצהרת-2024-הראל-קופת-גמל-עדכון-יולי.xlsx,2026-09-30T21:21:19+00:00,2026-09-30T21:21:19+00:00,policy/companies/520004078/raw/520004078/1694f7ce3c9c_מדיניות-השקעות-מוצהרת-2024-הראל-קופת-גמל-עדכון-יולי.xlsx
520004078,פנסיה+גמל+ביטוח,מדיניות השקעות מוצהרת 2024 – הראל קופת גמל,https://media.harel-group.co.il/media/ivunnz3a/מדיניות-השקעות-מוצהרת-2024-הראל-קופת-גמל.xlsx,2026-09-30T21:21:19+00:00,2026-09-30T21:21:19+00:00,policy/companies/520004078/raw/520004078/c8f7dba4edd8_מדיניות-השקעות-מוצהרת-2024-הראל-קופת-גמל.xlsx
520004078,פנסיה+גמל+ביטוח,מדיניות השקעות מוצהרת 2023 – הראל קופת גמל,https://media.harel-group.co.il/media/scrgrgig/מדיניות-השקעות-מוצהרת-2023-הראל-קופת-גמל.xlsx,2026-09-30T21:21:19+00:00,2026-09-30T21:21:19+00:00,policy/companies/520004078/raw/520004078/2412d290e7c5_מדיניות-השקעות-מוצהרת-2023-הראל-קופת-גמל.xlsx
520004078,פנסיה+גמל+ביטוח,מדיניות השקעות מוצהרת 2022 – הראל קופת גמל,https://media.harel-group.co.il/media/ftyng4l2/מדיניות-השקעות-מוצהרת-2022-הראל-קופת-גמל.xlsx,2026-09-30T21:21:19+00:00,2026-09-30T21:21:19+00:00,policy/companies/520004078/raw/520004078/bb7c60827e3d_מדיניות-השקעות-מוצהרת-2022-הראל-קופת-גמל.xlsx
520004078,פנסיה+גמל+ביטוח,מדיניות השקעות מוצהרת גמל 2021 עדכון מאי,https://media.harel-group.co.il/media/nnpbqgjk/מדיניות-השקעות-מוצהרת-גמל-2021-עדכון-מאי.xlsx,2026-09-30T21:21:19+00:00,2026-09-30T21:21:19+00:00,policy/companies/520004078/raw/520004078/5269676bdf11_מדיניות-השקעות-מוצהרת-גמל-2021-עדכון-מאי.xlsx
520004078,פנסיה+גמל+ביטוח,מדיניות השקעות מוצהרת 2021 – קופת גמל למשרתי הקבע בצהל קופת גמל לא משלמת קצבה,https://media.harel-group.co.il/media/0bmlmlrn/מדיניות-השקעות-מוצהרת-2021-קופת-גמל-למשרתי-הקבע-בצהל-קופת-גמל-לא-משלמת-קצבה.xlsx,2026-09-30T21:21:19+00:00,2026-09-30T21:21:19+00:00,policy/companies/520004078/raw/520004078/5fc69c6dda81_מדיניות-השקעות-מוצהרת-2021-קופת-גמל-למשרתי-הקבע-בצהל-קופת-גמל-לא-משלמת-קצבה.xlsx
520004078,פנסיה+גמל+ביטוח,מדיניות השקעות מוצהרת 2021 – עדכון פברואר קופת גמל למשרתי הקבע בצהל קופת גמל לא משלמת קצבה,https://media.harel-group.co.il/media/rlqfberc/מדיניות-השקעות-מוצהרת-2021-עדכון-פברואר-קופת-גמל-למשרתי-הקבע-בצהל-קופת-גמל-לא-משלמת-קצבה.xlsx,2026-09-30T21:21:19+00:00,2026-09-30T21:21:19+00:00,policy/companies/520004078/raw/520004078/6f4451068b6f_מדיניות-השקעות-מוצהרת-2021-עדכון-פברואר-קופת-גמל-למשרתי-הקבע-בצהל-קופת-גמל-לא-מש.xlsx
520004078,פנסיה+גמל+ביטוח,מדיניות השקעות מוצהרת 2021 – הראל קופת גמל,https://media.harel-group.co.il/media/prbljtbb/מדיניות-השקעות-מוצהרת-2021-הראל-קופת-גמל.xlsx,2026-09-30T21:21:19+00:00,2026-09-30T21:21:19+00:00,policy/companies/520004078/raw/520004078/e8bbd4c5d67b_מדיניות-השקעות-מוצהרת-2021-הראל-קופת-גמל.xlsx
520004078,פנסיה+גמל+ביטוח,מדיניות השקעות מוצהרת 2021 עדכון פברואר הראל קופת גמל,https://media.harel-group.co.il/media/wrlfseyc/מדיניות-השקעות-מוצהרת-2021-עדכון-פברואר-הראל-קופת-גמל.xlsx,2026-09-30T21:21:19+00:00,2026-09-30T21:21:19+00:00,policy/companies/520004078/raw/520004078/b92d353a55a5_מדיניות-השקעות-מוצהרת-2021-עדכון-פברואר-הראל-קופת-גמל.xlsx
520004078,פנסיה+גמל+ביטוח,מדיניות השקעות מוצהרת 2020 – קופת גמל למשרתי הקבע בצהל קופת גמל לא משלמת קצבה,https://media.harel-group.co.il/media/kqzlyilw/מדיניות-השקעות-מוצהרת-2020-קופת-גמל-למשרתי-הקבע-בצהל-קופת-גמל-לא-משלמת-קצבה.xlsx,2026-09-30T21:21:19+00:00,2026-09-30T21:21:19+00:00,policy/companies/520004078/raw/520004078/6dd50d334d6b_מדיניות-השקעות-מוצהרת-2020-קופת-גמל-למשרתי-הקבע-בצהל-קופת-גמל-לא-משלמת-קצבה.xlsx
520004078,פנסיה+גמל+ביטוח,מדיניות השקעות מוצהרת 2020 – הראל קופת גמל,https://media.harel-group.co.il/media/1vxgpl1e/מדיניות-השקעות-מוצהרת-2020-הראל-קופת-גמל.xlsx,2026-09-30T21:21:19+00:00,2026-09-30T21:21:19+00:00,policy/companies/520004078/raw/520004078/1959d31f4b11_מדיניות-השקעות-מוצהרת-2020-הראל-קופת-גמל.xlsx
520004078,פנסיה+גמל+ביטוח,מדיניות השקעות אפריל 2019,https://media.harel-group.co.il/media/cvpib4lk/מדיניות-השקעות-אפריל-2019.xlsx,2026-09-30T21:21:19+00:00,2026-09-30T21:21:19+00:00,policy/companies/520004078/raw/520004078/f2ba0d9b8b62_מדיניות-השקעות-אפריל-2019.xlsx
520004078,פנסיה+גמל+ביטוח,מדיניות השקעה 2019,https://media.harel-group.co.il/media/ruvbdezd/מדיניות-השקעה-2019.xlsx,2026-09-30T21:21:19+00:00,2026-09-30T21:21:19+00:00,policy/companies/520004078/raw/520004078/4efa27272273_מדיניות-השקעה-2019.xlsx
520004078,פנסיה+גמל+ביטוח,מדיניות השקעות הראל קופת גמל נכון ליולי 2018,https://media.harel-group.co.il/media/ka3hlu1n/מדיניות-השקעות-הראל-קופת-גמל-נכון-ליולי-2018.xlsx,2026-09-30T21:21:19+00:00,2026-09-30T21:21:19+00:00,policy/companies/520004078/raw/520004078/b90fca943da9_מדיניות-השקעות-הראל-קופת-גמל-נכון-ליולי-2018.xlsx
520004078,פנסיה+גמל+ביטוח,מדיניות השקעה 2018,https://media.harel-group.co.il/media/pwrclwyp/מדיניות-השקעה-2018.xlsx,2026-09-30T21:21:19+00:00,2026-09-30T21:21:19+00:00,policy/companies/520004078/raw/520004078/b29b7ec2af68_מדיניות-השקעה-2018.xlsx
520004078,פנסיה+גמל+ביטוח,הראל קופת גמל מדיניות השקעה 2018,https://media.harel-group.co.il/media/1eebg504/הראל-קופת-גמל-מדיניות-השקעה-2018.xlsx,2026-09-30T21:21:19+00:00,2026-09-30T21:21:19+00:00,policy/companies/520004078/raw/520004078/3f1232fd289e_הראל-קופת-גמל-מדיניות-השקעה-2018.xlsx
