domain,FUND_ID,FUND_NAME,REPORT_PERIOD,MANAGING_CORPORATION,PARENT_COMPANY_NAME,FUND_CLASSIFICATION,STOCK_MARKET_EXPOSURE
פנסיה,1560,"מיטב פנסיה מקיפה פאסיבי- מדדי אג""ח עד 25% במדדי מניות",202406,"מיטב גמל ופנסיה בע""מ",מיטב פנסיה מקיפה,קרנות חדשות,3.56
פנסיה,1589,מיטב פנסיה מקיפה עוקב מדדי מניות,202608,"מיטב גמל ופנסיה בע""מ",מיטב פנסיה מקיפה,קרנות חדשות,3975.53
פנסיה,1609,מנורה מבטחים משלימה - יעד לפרישה 2025,202512,"מנורה מבטחים פנסיה וגמל בע""מ",מנורה מבטחים משלימה,קרנות כלליות,120.94
פנסיה,1619,מנורה מבטחים משלימה מסלול לבני 60 ומעלה,202608,"מנורה מבטחים פנסיה וגמל בע""מ",מנורה מבטחים משלימה,קרנות כלליות,407.44
פנסיה,1638,מנורה מבטחים משלימה - יעד לפרישה 2035,202606,"מנורה מבטחים פנסיה וגמל בע""מ",מנורה מבטחים משלימה,קרנות כלליות,452.01
פנסיה,1645,מנורה מבטחים משלימה מסלול לבני 50-60,202608,"מנורה מבטחים פנסיה וגמל בע""מ",מנורה מבטחים משלימה,קרנות כלליות,1431.99
פנסיה,1651,מנורה מבטחים משלימה - יעד לפרישה 2045,202606,"מנורה מבטחים פנסיה וגמל בע""מ",מנורה מבטחים משלימה,קרנות כלליות,764.79
פנסיה,1652,מנורה מבטחים משלימה -יעד לפרישה 2050,202606,"מנורה מבטחים פנסיה וגמל בע""מ",מנורה מבטחים משלימה,קרנות כלליות,481.03
פנסיה,1653,מנורה מבטחים משלימה מסלול לבני 50 ומטה,202608,"מנורה מבטחים פנסיה וגמל בע""מ",מנורה מבטחים משלימה,קרנות כלליות,1886.68
פנסיה,1666,מנורה מבטחים משלימה - יעד לפרישה 2060,202606,"מנורה מבטחים פנסיה וגמל בע""מ",מנורה מבטחים משלימה,קרנות כלליות,142.46
פנסיה,2002,כלל פנסיה כללי,202608,"כלל פנסיה וגמל בע""מ",כלל פנסיה,קרנות חדשות,29944.15
פנסיה,2004,כלל פנסיה הלכה,202608,"כלל פנסיה וגמל בע""מ",כלל פנסיה,קרנות חדשות,514.73
פנסיה,2009,מנורה מבטחים פנסיה - כללי,202608,"מנורה מבטחים פנסיה וגמל בע""מ",מנורה מבטחים פנסיה,קרנות חדשות,57660.14
פנסיה,2012,מנורה מבטחים פנסיה - מסלול יעד לפרישה 2025,202512,"מנורה מבטחים פנסיה וגמל בע""מ",מנורה מבטחים פנסיה,קרנות חדשות,1927.59
פנסיה,2013,מנורה מבטחים פנסיה - מסלול לבני 60 ומעלה,202608,"מנורה מבטחים פנסיה וגמל בע""מ",מנורה מבטחים פנסיה,קרנות חדשות,6116.48
פנסיה,2014,מנורה מבטחים פנסיה - מסלול יעד לפרישה 2035,202606,"מנורה מבטחים פנסיה וגמל בע""מ",מנורה מבטחים פנסיה,קרנות חדשות,6480.89
פנסיה,2015,מנורה מבטחים פנסיה - מסלול לבני 50-60,202608,"מנורה מבטחים פנסיה וגמל בע""מ",מנורה מבטחים פנסיה,קרנות חדשות,18833.5
פנסיה,2016,מנורה מבטחים פנסיה - מסלול יעד לפרישה 2045,202606,"מנורה מבטחים פנסיה וגמל בע""מ",מנורה מבטחים פנסיה,קרנות חדשות,11291.31
פנסיה,2063,מנורה מבטחים פנסיה - מסלול מניות,202608,"מנורה מבטחים פנסיה וגמל בע""מ",מנורה מבטחים פנסיה,קרנות חדשות,16667.24
פנסיה,2064,"מנורה מבטחים פנסיה - מסלול אג""ח",202406,"מנורה מבטחים פנסיה וגמל בע""מ",מנורה מבטחים פנסיה,קרנות חדשות,0.02
פנסיה,2102,מגדל מקפת אישית כללי,202608,"מגדל מקפת קרנות פנסיה וקופות גמל בע""מ",מגדל מקפת אישית,קרנות חדשות,35338.18
פנסיה,2104,"מיטב פנסיה מקיפה אשראי ואג""ח",202608,"מיטב גמל ופנסיה בע""מ",מיטב פנסיה מקיפה,קרנות חדשות,9.74
פנסיה,2105,מיטב פנסיה מקיפה מניות,202608,"מיטב גמל ופנסיה בע""מ",מיטב פנסיה מקיפה,קרנות חדשות,5059.38
פנסיה,2108,"מיטב פנסיה כללית אשראי ואג""ח",202608,"מיטב גמל ופנסיה בע""מ",מיטב פנסיה כללית,קרנות כלליות,0.63
פנסיה,2109,מיטב פנסיה כללית מניות,202608,"מיטב גמל ופנסיה בע""מ",מיטב פנסיה כללית,קרנות כלליות,487.34
פנסיה,2112,מגדל מקפת אישית הלכה,202608,"מגדל מקפת קרנות פנסיה וקופות גמל בע""מ",מגדל מקפת אישית,קרנות חדשות,1550.81
פנסיה,2142,מגדל מקפת אישית מניות,202608,"מגדל מקפת קרנות פנסיה וקופות גמל בע""מ",מגדל מקפת אישית,קרנות חדשות,17303.39
פנסיה,2143,מגדל מקפת אישית כספי (שקלי),202608,"מגדל מקפת קרנות פנסיה וקופות גמל בע""מ",מגדל מקפת אישית,קרנות חדשות,0
פנסיה,2144,"מגדל מקפת אישית אשראי ואג""ח",202608,"מגדל מקפת קרנות פנסיה וקופות גמל בע""מ",מגדל מקפת אישית,קרנות חדשות,18.81
פנסיה,2145,מגדל מקפת משלימה כללי,202608,"מגדל מקפת קרנות פנסיה וקופות גמל בע""מ",מגדל מקפת משלימה,קרנות כלליות,568.12
פנסיה,2146,מגדל מקפת משלימה מניות,202608,"מגדל מקפת קרנות פנסיה וקופות גמל בע""מ",מגדל מקפת משלימה,קרנות כלליות,2365.33
פנסיה,2147,מגדל מקפת משלימה כספי (שקלי),202608,"מגדל מקפת קרנות פנסיה וקופות גמל בע""מ",מגדל מקפת משלימה,קרנות כלליות,0
פנסיה,2148,"מגדל מקפת משלימה אשראי ואג""ח",202608,"מגדל מקפת קרנות פנסיה וקופות גמל בע""מ",מגדל מקפת משלימה,קרנות כלליות,1.26
פנסיה,2149,מגדל מקפת משלימה הלכה,202608,"מגדל מקפת קרנות פנסיה וקופות גמל בע""מ",מגדל מקפת משלימה,קרנות כלליות,26.49
פנסיה,2155,מיטב פנסיה מקיפה לבני 50 ומטה,202608,"מיטב גמל ופנסיה בע""מ",מיטב פנסיה מקיפה,קרנות חדשות,18229.85
פנסיה,2156,מיטב פנסיה מקיפה הלכה,202608,"מיטב גמל ופנסיה בע""מ",מיטב פנסיה מקיפה,קרנות חדשות,711.49
פנסיה,2157,מיטב פנסיה מקיפה מקבלי קצבה קיימים,202608,"מיטב גמל ופנסיה בע""מ",מיטב פנסיה מקיפה,קרנות חדשות,0
פנסיה,2158,מיטב פנסיה כללית לבני 50 ומטה,202608,"מיטב גמל ופנסיה בע""מ",מיטב פנסיה כללית,קרנות כלליות,537.04
פנסיה,2159,מיטב פנסיה כללית הלכה,202608,"מיטב גמל ופנסיה בע""מ",מיטב פנסיה כללית,קרנות כלליות,4.72
פנסיה,2160,מיטב פנסיה כללית מקבלי קצבה קיימים,202608,"מיטב גמל ופנסיה בע""מ",מיטב פנסיה כללית,קרנות כלליות,0
פנסיה,2164,הראל פנסיה כללית - כללי,202608,"הראל פנסיה וגמל בע""מ",הראל פנסיה כללית,קרנות כלליות,505.71
פנסיה,2172,הראל  פנסיה - גילעד כללי,202608,"הראל פנסיה וגמל בע""מ",הראל  פנסיה,קרנות חדשות,25487.26
פנסיה,2173,הראל פנסיה - הלכה,202608,"הראל פנסיה וגמל בע""מ",הראל  פנסיה,קרנות חדשות,2883.9
פנסיה,2174,"הראל פנסיה - אשראי ואג""ח",202608,"הראל פנסיה וגמל בע""מ",הראל  פנסיה,קרנות חדשות,25.47
פנסיה,2175,הראל פנסיה - מניות,202608,"הראל פנסיה וגמל בע""מ",הראל  פנסיה,קרנות חדשות,15525.13
פנסיה,2176,כלל פנסיה משלימה - כללי,202608,"כלל פנסיה וגמל בע""מ",כלל פנסיה משלימה,קרנות כלליות,960.22
פנסיה,2177,הראל פנסיה - מנוף כללי,202608,"הראל פנסיה וגמל בע""מ",הראל  פנסיה,קרנות חדשות,5345.25
פנסיה,2182,מנורה מבטחים פנסיה - מסלול הלכה,202608,"מנורה מבטחים פנסיה וגמל בע""מ",מנורה מבטחים פנסיה,קרנות חדשות,1363.35
פנסיה,2183,מנורה מבטחים פנסיה - מסלול יעד לפרישה 2050,202606,"מנורה מבטחים פנסיה וגמל בע""מ",מנורה מבטחים פנסיה,קרנות חדשות,9675.17
פנסיה,2184,מנורה מבטחים פנסיה - מסלול לבני 50 ומטה,202608,"מנורה מבטחים פנסיה וגמל בע""מ",מנורה מבטחים פנסיה,קרנות חדשות,39480.23
פנסיה,2187,הפניקס פנסיה מקיפה - מניות,202608,"הפניקס פנסיה וגמל בע""מ",הפניקס פנסיה מקיפה,קרנות חדשות,17149.86
פנסיה,2188,"הפניקס פנסיה מקיפה אשראי ואג""ח",202608,"הפניקס פנסיה וגמל בע""מ",הפניקס פנסיה מקיפה,קרנות חדשות,5.16
פנסיה,2189,הפניקס פנסיה מקיפה -כספי (שקלי),202608,"הפניקס פנסיה וגמל בע""מ",הפניקס פנסיה מקיפה,קרנות חדשות,0
פנסיה,2196,אלטשולר שחם פנסיה מקיפה למקבלי קצבה קיימים,202608,"אלטשולר שחם גמל ופנסיה בע""מ",אלטשולר שחם פנסיה מקיפה,קרנות חדשות,1.45
פנסיה,2201,הפניקס פנסיה מקיפה - מסלול מקבלי קצבה קיימים,202608,"הפניקס פנסיה וגמל בע""מ",הפניקס פנסיה מקיפה,קרנות חדשות,0
פנסיה,2202,הפניקס פנסיה כללית - מסלול מקבלי קצבה קיימים,202608,"הפניקס פנסיה וגמל בע""מ",הפניקס פנסיה משלימה,קרנות כלליות,0
פנסיה,2203,הראל  פנסיה - מקבלי קצבה קיימים,202608,"הראל פנסיה וגמל בע""מ",הראל  פנסיה,קרנות חדשות,15.7
פנסיה,2204,הראל פנסיה כללית - מקבלי קצבה קיימים,202608,"הראל פנסיה וגמל בע""מ",הראל פנסיה כללית,קרנות כלליות,0
פנסיה,2205,כלל פנסיה למקבלי קצבה קיימים,202608,"כלל פנסיה וגמל בע""מ",כלל פנסיה,קרנות חדשות,21.62
פנסיה,2206,כלל פנסיה משלימה למקבלי קצבה קיימים,202608,"כלל פנסיה וגמל בע""מ",כלל פנסיה משלימה,קרנות כלליות,0
פנסיה,2207,מגדל מקפת אישית  למקבלי קצבה קיימים,202608,"מגדל מקפת קרנות פנסיה וקופות גמל בע""מ",מגדל מקפת אישית,קרנות חדשות,56.68
פנסיה,2208,מגדל מקפת משלימה למקבלי קצבה קיימים,202608,"מגדל מקפת קרנות פנסיה וקופות גמל בע""מ",מגדל מקפת משלימה,קרנות כלליות,1.59
פנסיה,2212,מנורה מבטחים פנסיה מקבלי קצבה קיימים,202608,"מנורה מבטחים פנסיה וגמל בע""מ",מנורה מבטחים פנסיה,קרנות חדשות,0
פנסיה,2213,מנורה מבטחים משלימה - מקבלי קצבה קיימים,202608,"מנורה מבטחים פנסיה וגמל בע""מ",מנורה מבטחים משלימה,קרנות כלליות,0
פנסיה,2242,"מיטב מקיפה אג""ח עד 25% במנית",202406,"מיטב גמל ופנסיה בע""מ",מיטב פנסיה מקיפה,קרנות חדשות,2.47
פנסיה,7234,הפניקס פנסיה משלימה - מסלול לבני 50 ומטה,202608,"הפניקס פנסיה וגמל בע""מ",הפניקס פנסיה משלימה,קרנות כלליות,1786.05
פנסיה,7235,הפניקס פנסיה משלימה - מסלול לבני 50 עד 60,202608,"הפניקס פנסיה וגמל בע""מ",הפניקס פנסיה משלימה,קרנות כלליות,411.48
פנסיה,7236,הפניקס פנסיה משלימה - מסלול לבני 60 ומעלה,202608,"הפניקס פנסיה וגמל בע""מ",הפניקס פנסיה משלימה,קרנות כלליות,76.94
פנסיה,8318,הפניקס פנסיה משלימה - מניות,202608,"הפניקס פנסיה וגמל בע""מ",הפניקס פנסיה משלימה,קרנות כלליות,2701.29
פנסיה,8319,"הפניקס פנסיה משלימה - אשראי ואג""ח",202608,"הפניקס פנסיה וגמל בע""מ",הפניקס פנסיה משלימה,קרנות כלליות,0.03
פנסיה,8320,הפניקס פנסיה משלימה - כספי (שקלי),202608,"הפניקס פנסיה וגמל בע""מ",הפניקס פנסיה משלימה,קרנות כלליות,0
פנסיה,8484,"כלל פנסיה מסלול אג""ח עד 15% מניות",202406,"כלל פנסיה וגמל בע""מ",כלל פנסיה,קרנות חדשות,28
פנסיה,8561,מנורה מבטחים פנסיה קצבה לזכאים קיימים,202608,"מנורה מבטחים פנסיה וגמל בע""מ",מנורה מבטחים פנסיה,קרנות חדשות,0
פנסיה,8580,אלטשולר שחם פנסיה כללית למקבלי קצבה קיימים,202608,"אלטשולר שחם גמל ופנסיה בע""מ",אלטשולר שחם פנסיה כללית,קרנות כלליות,0.09
פנסיה,8588,הראל פנסיה  - קצבה לזכאים קיימים,202608,"הראל פנסיה וגמל בע""מ",הראל  פנסיה,קרנות חדשות,0
פנסיה,8602,מגדל מקפת אישית קצבה לזכאים קיימים,202608,"מגדל מקפת קרנות פנסיה וקופות גמל בע""מ",מגדל מקפת אישית,קרנות חדשות,1.41
פנסיה,8603,מגדל מקפת אישית הלכה למקבלי קצבה קיימים,202608,"מגדל מקפת קרנות פנסיה וקופות גמל בע""מ",מגדל מקפת אישית,קרנות חדשות,0.01
פנסיה,8604,מגדל מקפת משלימה הלכה למקבלי קצבה,202608,"מגדל מקפת קרנות פנסיה וקופות גמל בע""מ",מגדל מקפת משלימה,קרנות כלליות,1.51
פנסיה,8645,מיטב פנסיה מקיפה קצבה לזכאים קיימים,202608,"מיטב גמל ופנסיה בע""מ",מיטב פנסיה מקיפה,קרנות חדשות,0
פנסיה,8801,מגדל מקפת אישית לבני 50 ומטה,202608,"מגדל מקפת קרנות פנסיה וקופות גמל בע""מ",מגדל מקפת אישית,קרנות חדשות,23521.35
פנסיה,8802,מגדל מקפת אישית לבני 50 עד 60,202608,"מגדל מקפת קרנות פנסיה וקופות גמל בע""מ",מגדל מקפת אישית,קרנות חדשות,9062.13
פנסיה,8803,מגדל מקפת אישית לבני 60 ומעלה,202608,"מגדל מקפת קרנות פנסיה וקופות גמל בע""מ",מגדל מקפת אישית,קרנות חדשות,2596.79
פנסיה,8806,הראל פנסיה- הלכה למקבלי קצבה קיימים,202608,"הראל פנסיה וגמל בע""מ",הראל  פנסיה,קרנות חדשות,0
פנסיה,8812,מנורה מבטחים פנסיה - מסלול יעד לפרישה 2060,202606,"מנורה מבטחים פנסיה וגמל בע""מ",מנורה מבטחים פנסיה,קרנות חדשות,6438.62
פנסיה,9097,הראל פנסיה - כספי (שקלי),202608,"הראל פנסיה וגמל בע""מ",הראל  פנסיה,קרנות חדשות,0
פנסיה,9453,מגדל מקפת משלימה לבני 50 ומטה,202608,"מגדל מקפת קרנות פנסיה וקופות גמל בע""מ",מגדל מקפת משלימה,קרנות כלליות,1428.74
פנסיה,9454,מגדל מקפת משלימה לבני 50 עד 60,202608,"מגדל מקפת קרנות פנסיה וקופות גמל בע""מ",מגדל מקפת משלימה,קרנות כלליות,609.43
פנסיה,9455,מגדל מקפת משלימה לבני 60 ומעלה,202608,"מגדל מקפת קרנות פנסיה וקופות גמל בע""מ",מגדל מקפת משלימה,קרנות כלליות,141.91
פנסיה,9633,כלל פנסיה משלימה לבני 50 ומטה,202608,"כלל פנסיה וגמל בע""מ",כלל פנסיה משלימה,קרנות כלליות,1241.93
פנסיה,9634,כלל פנסיה משלימה לבני 50 עד 60,202608,"כלל פנסיה וגמל בע""מ",כלל פנסיה משלימה,קרנות כלליות,664.23
פנסיה,9635,כלל פנסיה משלימה לבני 60 ומעלה,202608,"כלל פנסיה וגמל בע""מ",כלל פנסיה משלימה,קרנות כלליות,183.3
פנסיה,9647,כלל פנסיה מניות,202608,"כלל פנסיה וגמל בע""מ",כלל פנסיה,קרנות חדשות,13369.63
פנסיה,9648,"כלל פנסיה אשראי ואג""ח",202608,"כלל פנסיה וגמל בע""מ",כלל פנסיה,קרנות חדשות,19.63
פנסיה,9649,כלל פנסיה קצבה לזכאים קיימים,202608,"כלל פנסיה וגמל בע""מ",כלל פנסיה,קרנות חדשות,0
פנסיה,9650,כלל פנסיה מסלול הלכה למקבלי קצבה קיימים,202608,"כלל פנסיה וגמל בע""מ",כלל פנסיה,קרנות חדשות,0
פנסיה,9654,כלל פנסיה לבני 50 ומטה,202608,"כלל פנסיה וגמל בע""מ",כלל פנסיה,קרנות חדשות,24030.77
פנסיה,9655,כלל פנסיה לבני 50-60,202608,"כלל פנסיה וגמל בע""מ",כלל פנסיה,קרנות חדשות,11087.59
פנסיה,9656,כלל פנסיה לבני 60 ומעלה,202608,"כלל פנסיה וגמל בע""מ",כלל פנסיה,קרנות חדשות,2715.88
פנסיה,9757,אלטשולר שחם פנסיה מקיפה מסלול לבני 50 ומטה,202608,"אלטשולר שחם גמל ופנסיה בע""מ",אלטשולר שחם פנסיה מקיפה,קרנות חדשות,9695.68
פנסיה,9758,אלטשולר שחם פנסיה מקיפה מסלול לבני 50-60,202608,"אלטשולר שחם גמל ופנסיה בע""מ",אלטשולר שחם פנסיה מקיפה,קרנות חדשות,2612.9
פנסיה,9759,אלטשולר שחם פנסיה מקיפה מסלול לבני 60 ומעלה,202608,"אלטשולר שחם גמל ופנסיה בע""מ",אלטשולר שחם פנסיה מקיפה,קרנות חדשות,755.15
פנסיה,9760,אלטשולר שחם פנסיה מקיפה הלכה,202608,"אלטשולר שחם גמל ופנסיה בע""מ",אלטשולר שחם פנסיה מקיפה,קרנות חדשות,138.99
פנסיה,9761,אלטשולר שחם פנסיה כללית מסלול לבני 50 ומטה,202608,"אלטשולר שחם גמל ופנסיה בע""מ",אלטשולר שחם פנסיה כללית,קרנות כלליות,247.32
פנסיה,9762,אלטשולר שחם פנסיה כללית מסלול לבני 50 עד 60,202608,"אלטשולר שחם גמל ופנסיה בע""מ",אלטשולר שחם פנסיה כללית,קרנות כלליות,95.1
פנסיה,9763,אלטשולר שחם פנסיה כללית מסלול לבני 60 ומעלה,202608,"אלטשולר שחם גמל ופנסיה בע""מ",אלטשולר שחם פנסיה כללית,קרנות כלליות,23.54
פנסיה,9823,הראל פנסיה - גילאי 50 ומטה,202608,"הראל פנסיה וגמל בע""מ",הראל  פנסיה,קרנות חדשות,25899.38
פנסיה,9827,הראל פנסיה - גילאי 50 עד 60,202608,"הראל פנסיה וגמל בע""מ",הראל  פנסיה,קרנות חדשות,8001.8
פנסיה,9829,הראל פנסיה - גילאי 60 ומעלה,202608,"הראל פנסיה וגמל בע""מ",הראל  פנסיה,קרנות חדשות,2161.12
פנסיה,9856,הראל פנסיה כללית - גילאי 60 ומעלה,202608,"הראל פנסיה וגמל בע""מ",הראל פנסיה כללית,קרנות כלליות,95.72
פנסיה,9858,הראל פנסיה כללית - גילאי 50 עד 60,202608,"הראל פנסיה וגמל בע""מ",הראל פנסיה כללית,קרנות כלליות,347.07
פנסיה,9862,הראל פנסיה כללית - גילאי 50 ומטה,202608,"הראל פנסיה וגמל בע""מ",הראל פנסיה כללית,קרנות כלליות,1150.62
פנסיה,9967,מיטב פנסיה מקיפה לבני 50 עד 60,202608,"מיטב גמל ופנסיה בע""מ",מיטב פנסיה מקיפה,קרנות חדשות,6766.33
פנסיה,9968,מיטב פנסיה מקיפה לבני 60 ומעלה,202608,"מיטב גמל ופנסיה בע""מ",מיטב פנסיה מקיפה,קרנות חדשות,1912.04
פנסיה,9972,מיטב פנסיה כללית לבני 50 עד 60,202608,"מיטב גמל ופנסיה בע""מ",מיטב פנסיה כללית,קרנות כלליות,237.01
פנסיה,9973,מיטב פנסיה כללית לבני 60 ומעלה,202608,"מיטב גמל ופנסיה בע""מ",מיטב פנסיה כללית,קרנות כלליות,60.62
פנסיה,9974,הפניקס פנסיה מקיפה  - מסלול לבני 50 ומטה,202608,"הפניקס פנסיה וגמל בע""מ",הפניקס פנסיה מקיפה,קרנות חדשות,33970.38
פנסיה,9975,הפניקס פנסיה מקיפה - מסלול לבני 50 עד 60,202608,"הפניקס פנסיה וגמל בע""מ",הפניקס פנסיה מקיפה,קרנות חדשות,8162.6
פנסיה,9976,הפניקס פנסיה מקיפה - מסלול לבני 60 ומעלה,202608,"הפניקס פנסיה וגמל בע""מ",הפניקס פנסיה מקיפה,קרנות חדשות,1999.65
פנסיה,9979,"הפניקס פנסיה מקיפה -מסלול עוקב מדדי אג""ח",202608,"הפניקס פנסיה וגמל בע""מ",הפניקס פנסיה מקיפה,קרנות חדשות,0
פנסיה,9980,"הפניקס מסלול אג""ח עד 25% מניות",202406,"הפניקס פנסיה וגמל בע""מ",הפניקס פנסיה מקיפה,קרנות חדשות,10.8
פנסיה,9984,הפניקס פנסיה מקיפה - מסלול הלכה,202608,"הפניקס פנסיה וגמל בע""מ",הפניקס פנסיה מקיפה,קרנות חדשות,611.8
פנסיה,9987,מסלול קצבה לזכאים קיימים,202608,"הפניקס פנסיה וגמל בע""מ",הפניקס פנסיה מקיפה,קרנות חדשות,0
פנסיה,12027,הראל  פנסיה - בסיסי למקבלי קצבה,202608,"הראל פנסיה וגמל בע""מ",הראל  פנסיה,קרנות חדשות,2653.85
פנסיה,12028,הראל פנסיה -  הלכה למקבלי קצבה,202608,"הראל פנסיה וגמל בע""מ",הראל  פנסיה,קרנות חדשות,159.13
פנסיה,12116,הפניקס פנסיה מקיפה מסלול פאסיבי לבני 50 ומטה,202406,"הפניקס פנסיה וגמל בע""מ",הפניקס פנסיה מקיפה,קרנות חדשות,2241.32
פנסיה,12117,הפניקס פנסיה מקיפה מסלול פאסיבי לבני 50 עד 60,202406,"הפניקס פנסיה וגמל בע""מ",הפניקס פנסיה מקיפה,קרנות חדשות,637.77
פנסיה,12118,הפניקס פנסיה מקיפה מסלול פאסיבי לבני  60 ומעלה,202406,"הפניקס פנסיה וגמל בע""מ",הפניקס פנסיה מקיפה,קרנות חדשות,178.96
פנסיה,12119,הפניקס פנסיה מקיפה - מסלול בסיסי למקבלי קצבה,202608,"הפניקס פנסיה וגמל בע""מ",הפניקס פנסיה מקיפה,קרנות חדשות,2556.63
פנסיה,12120,הפניקס פנסיה משלימה - מסלול בסיסי למקבלי קצבה,202608,"הפניקס פנסיה וגמל בע""מ",הפניקס פנסיה משלימה,קרנות כלליות,74.73
פנסיה,12138,אלטשולר שחם פנסיה מקיפה בסיסי למקבלי קצבה,202608,"אלטשולר שחם גמל ופנסיה בע""מ",אלטשולר שחם פנסיה מקיפה,קרנות חדשות,601.07
פנסיה,12139,אלטשולר שחם פנסיה כללית בסיסי למקבלי קצבה,202608,"אלטשולר שחם גמל ופנסיה בע""מ",אלטשולר שחם פנסיה כללית,קרנות כלליות,38.75
פנסיה,12140,הראל פנסיה כללית - בסיסי למקבלי קצבה,202608,"הראל פנסיה וגמל בע""מ",הראל פנסיה כללית,קרנות כלליות,136.86
פנסיה,12145,מגדל מקפת אישית בסיסי למקבלי קצבה,202608,"מגדל מקפת קרנות פנסיה וקופות גמל בע""מ",מגדל מקפת אישית,קרנות חדשות,3100.45
פנסיה,12146,מגדל מקפת אישית הלכה למקבלי קצבה,202608,"מגדל מקפת קרנות פנסיה וקופות גמל בע""מ",מגדל מקפת אישית,קרנות חדשות,46.21
פנסיה,12147,מגדל מקפת אישית עוקב מדדים למקבלי קצבה,202608,"מגדל מקפת קרנות פנסיה וקופות גמל בע""מ",מגדל מקפת אישית,קרנות חדשות,134.03
פנסיה,12148,"מגדל מקפת אישית אג""ח למקבלי קצבה",202406,"מגדל מקפת קרנות פנסיה וקופות גמל בע""מ",מגדל מקפת אישית,קרנות חדשות,0.01
פנסיה,12152,מגדל מקפת משלימה בסיסי למקבלי קצבה,202608,"מגדל מקפת קרנות פנסיה וקופות גמל בע""מ",מגדל מקפת משלימה,קרנות כלליות,167.23
פנסיה,12154,מנורה מבטחים משלימה - בסיסי למקבלי קצבה,202608,"מנורה מבטחים פנסיה וגמל בע""מ",מנורה מבטחים משלימה,קרנות כלליות,207.15
פנסיה,12155,מנורה מבטחים פנסיה בסיסי למקבלי קצבה,202608,"מנורה מבטחים פנסיה וגמל בע""מ",מנורה מבטחים פנסיה,קרנות חדשות,6346.61
פנסיה,12157,מיטב פנסיה מקיפה בסיסי למקבלי קצבה,202608,"מיטב גמל ופנסיה בע""מ",מיטב פנסיה מקיפה,קרנות חדשות,869.09
פנסיה,12158,מיטב פנסיה כללית בסיסי למקבלי קצבה,202608,"מיטב גמל ופנסיה בע""מ",מיטב פנסיה כללית,קרנות כלליות,71.99
פנסיה,12176,כלל פנסיה מסלול הלכה למקבלי קצבה,202608,"כלל פנסיה וגמל בע""מ",כלל פנסיה,קרנות חדשות,17.89
פנסיה,12177,כלל פנסיה מסלול בסיסי למקבלי קצבה,202608,"כלל פנסיה וגמל בע""מ",כלל פנסיה,קרנות חדשות,2393.9
פנסיה,12251,כלל פנסיה משלימה בסיסי למקבלי קצבה,202608,"כלל פנסיה וגמל בע""מ",כלל פנסיה משלימה,קרנות כלליות,246.27
פנסיה,12419,אלטשולר שחם פנסיה מקיפה מניות,202608,"אלטשולר שחם גמל ופנסיה בע""מ",אלטשולר שחם פנסיה מקיפה,קרנות חדשות,2693.77
פנסיה,12966,מיטב פנסיה מקיפה הלכה למקבלי קצבה,202608,"מיטב גמל ופנסיה בע""מ",מיטב פנסיה מקיפה,קרנות חדשות,26.01
פנסיה,13211,אלטשולר שחם פנסיה כללית מניות,202608,"אלטשולר שחם גמל ופנסיה בע""מ",אלטשולר שחם פנסיה כללית,קרנות כלליות,193.54
פנסיה,13212,אלטשולר שחם פנסיה כללית הלכה,202608,"אלטשולר שחם גמל ופנסיה בע""מ",אלטשולר שחם פנסיה כללית,קרנות כלליות,1.56
פנסיה,13213,כלל פנסיה כספי (שקלי),202608,"כלל פנסיה וגמל בע""מ",כלל פנסיה,קרנות חדשות,0
פנסיה,13214,כלל פנסיה משלימה כספי(שקלי),202608,"כלל פנסיה וגמל בע""מ",כלל פנסיה משלימה,קרנות כלליות,0
פנסיה,13226,"כלל פנסיה משלימה מסלול למקבלי קצבה   אג""ח עד 20% מניות",202406,"כלל פנסיה וגמל בע""מ",כלל פנסיה משלימה,קרנות כלליות,3.31
פנסיה,13260,מיטב פנסיה מקיפה עוקב מדד S1;P500,202608,"מיטב גמל ופנסיה בע""מ",מיטב פנסיה מקיפה,קרנות חדשות,6323.83
פנסיה,13278,הראל פנסיה כללית מניות,202608,"הראל פנסיה וגמל בע""מ",הראל פנסיה כללית,קרנות כלליות,1577.28
פנסיה,13279,הראל פנסיה כללית כספי (שקלי),202608,"הראל פנסיה וגמל בע""מ",הראל פנסיה כללית,קרנות כלליות,0
פנסיה,13285,מיטב פנסיה כללית עוקב מדד S1;P500,202608,"מיטב גמל ופנסיה בע""מ",מיטב פנסיה כללית,קרנות כלליות,774.56
פנסיה,13286,מיטב פנסיה כללית הלכה למקבלי קצבה,202608,"מיטב גמל ופנסיה בע""מ",מיטב פנסיה כללית,קרנות כלליות,0.7
פנסיה,13303,מנורה מבטחים פנסיה יעד לפרישה 2065,202606,"מנורה מבטחים פנסיה וגמל בע""מ",מנורה מבטחים פנסיה,קרנות חדשות,2101.29
פנסיה,13307,מנורה מבטחים משלימה יעד לפרישה 2065,202606,"מנורה מבטחים פנסיה וגמל בע""מ",מנורה מבטחים משלימה,קרנות כלליות,43.35
פנסיה,13335,הפניקס פנסיה מקיפה עוקב מדד S1;P500,202608,"הפניקס פנסיה וגמל בע""מ",הפניקס פנסיה מקיפה,קרנות חדשות,14823.09
פנסיה,13347,כלל פנסיה עוקב מדד s1;p 500,202608,"כלל פנסיה וגמל בע""מ",כלל פנסיה,קרנות חדשות,12378.78
פנסיה,13349,"מנורה מבטחים פנסיה אשראי ואג""ח",202608,"מנורה מבטחים פנסיה וגמל בע""מ",מנורה מבטחים פנסיה,קרנות חדשות,66.2
פנסיה,13350,מנורה מבטחים פנסיה עוקב מדדי מניות,202608,"מנורה מבטחים פנסיה וגמל בע""מ",מנורה מבטחים פנסיה,קרנות חדשות,5104.39
פנסיה,13351,"מנורה מבטחים משלימה אשראי ואג""ח",202608,"מנורה מבטחים פנסיה וגמל בע""מ",מנורה מבטחים משלימה,קרנות כלליות,11.91
פנסיה,13352,מנורה מבטחים משלימה עוקב מדדי מניות,202608,"מנורה מבטחים פנסיה וגמל בע""מ",מנורה מבטחים משלימה,קרנות כלליות,772.58
פנסיה,13415,הראל פנסיה עוקב מדד s1;p 500,202608,"הראל פנסיה וגמל בע""מ",הראל  פנסיה,קרנות חדשות,23613.46
פנסיה,13424,הראל פנסיה כללית עוקב מדד s1;p,202608,"הראל פנסיה וגמל בע""מ",הראל פנסיה כללית,קרנות כלליות,3138.81
פנסיה,13465,הפניקס פנסיה משלימה עוקב מדד S1;P500,202608,"הפניקס פנסיה וגמל בע""מ",הפניקס פנסיה משלימה,קרנות כלליות,2423.26
פנסיה,13572,מגדל מקפת אישית עוקב מדד S1;P500,202608,"מגדל מקפת קרנות פנסיה וקופות גמל בע""מ",מגדל מקפת אישית,קרנות חדשות,16202.53
פנסיה,13627,מגדל מקפת משלימה עוקב מדד S1;P500,202608,"מגדל מקפת קרנות פנסיה וקופות גמל בע""מ",מגדל מקפת משלימה,קרנות כלליות,2267.24
פנסיה,13684,הראל פנסיה כללית הלכה,202608,"הראל פנסיה וגמל בע""מ",הראל פנסיה כללית,קרנות כלליות,19.18
פנסיה,13685,הראל פנסיה כללית- הלכה למקבלי קצבה,202608,"הראל פנסיה וגמל בע""מ",הראל פנסיה כללית,קרנות כלליות,4.04
פנסיה,13698,כלל פנסיה משלימה מניות,202608,"כלל פנסיה וגמל בע""מ",כלל פנסיה משלימה,קרנות כלליות,1370.65
פנסיה,13819,אלטשולר שחם פנסיה מקיפה עוקב מדדי מניות,202608,"אלטשולר שחם גמל ופנסיה בע""מ",אלטשולר שחם פנסיה מקיפה,קרנות חדשות,793.36
פנסיה,13820,אלטשולר שחם פנסיה כללית עוקב מדדי מניות,202608,"אלטשולר שחם גמל ופנסיה בע""מ",אלטשולר שחם פנסיה כללית,קרנות כלליות,87.36
פנסיה,13875,מנורה מבטחים משלימה עוקב מדד S1;P500,202608,"מנורה מבטחים פנסיה וגמל בע""מ",מנורה מבטחים משלימה,קרנות כלליות,1511.79
פנסיה,13887,מנורה מבטחים פנסיה עוקב מדד S1;P500,202608,"מנורה מבטחים פנסיה וגמל בע""מ",מנורה מבטחים פנסיה,קרנות חדשות,12499.72
פנסיה,13909,מור פנסיה מקיפה - מסלול לבני 50 ומטה,202608,"מור גמל ופנסיה בע""מ",מור פנסיה מקיפה,קרנות חדשות,4621.14
פנסיה,13910,מור פנסיה מקיפה - מסלול לבני 50 עד 60,202608,"מור גמל ופנסיה בע""מ",מור פנסיה מקיפה,קרנות חדשות,1865.72
פנסיה,13911,מור פנסיה מקיפה - מסלול לבני 60 ומעלה,202608,"מור גמל ופנסיה בע""מ",מור פנסיה מקיפה,קרנות חדשות,401.04
פנסיה,13912,מור פנסיה מקיפה - מניות,202608,"מור גמל ופנסיה בע""מ",מור פנסיה מקיפה,קרנות חדשות,4481.71
פנסיה,13913,"מור פנסיה מקיפה - אשראי ואג""ח",202608,"מור גמל ופנסיה בע""מ",מור פנסיה מקיפה,קרנות חדשות,1.88
פנסיה,13914,מור פנסיה מקיפה - כספי (שקלי),202608,"מור גמל ופנסיה בע""מ",מור פנסיה מקיפה,קרנות חדשות,0
פנסיה,13915,מור פנסיה מקיפה - עוקב מדדי מניות,202608,"מור גמל ופנסיה בע""מ",מור פנסיה מקיפה,קרנות חדשות,276.43
פנסיה,13916,מור פנסיה מקיפה - מסלול בסיסי למקבלי קצבה,202608,"מור גמל ופנסיה בע""מ",מור פנסיה מקיפה,קרנות חדשות,87.65
פנסיה,13917,"מור פנסיה מקיפה - אג""ח עד 25% מניות",202406,"מור גמל ופנסיה בע""מ",מור פנסיה מקיפה,קרנות חדשות,0.32
פנסיה,13919,מור פנסיה כללית - מסלול לבני 50 ומטה,202608,"מור גמל ופנסיה בע""מ",מור פנסיה כללית,קרנות כלליות,201.93
פנסיה,13920,מור פנסיה כללית - מסלול לבני 50 עד 60,202608,"מור גמל ופנסיה בע""מ",מור פנסיה כללית,קרנות כלליות,88.47
פנסיה,13921,מור פנסיה כללית - מסלול לבני 60 ומעלה,202608,"מור גמל ופנסיה בע""מ",מור פנסיה כללית,קרנות כלליות,16.88
פנסיה,13922,מור פנסיה כללית - מניות,202608,"מור גמל ופנסיה בע""מ",מור פנסיה כללית,קרנות כלליות,380.34
פנסיה,13923,"מור פנסיה כללית - אשראי ואג""ח",202608,"מור גמל ופנסיה בע""מ",מור פנסיה כללית,קרנות כלליות,0.08
פנסיה,13924,"מור פנסיה כללית - אג""ח עד 25% מניות",202406,"מור גמל ופנסיה בע""מ",מור פנסיה כללית,קרנות כלליות,0.01
פנסיה,13925,מור פנסיה כללית - עוקב מדדי מניות,202608,"מור גמל ופנסיה בע""מ",מור פנסיה כללית,קרנות כלליות,31.68
פנסיה,13926,מור פנסיה כללית - כספי (שקלי),202608,"מור גמל ופנסיה בע""מ",מור פנסיה כללית,קרנות כלליות,0
פנסיה,13927,מור פנסיה כללית - מסלול בסיסי למקבלי קצבה,202608,"מור גמל ופנסיה בע""מ",מור פנסיה כללית,קרנות כלליות,10.54
פנסיה,14037,אינפיניטי מקיפה  מסלול לבני 50 ומטה,202608,"אינפיניטי השתלמות, גמל ופנסיה בע""מ",אינפיניטי פנסיה מקיפה,קרנות חדשות,778.95
פנסיה,14038,אינפיניטי מקיפה מסלול לבני 50 עד 60,202608,"אינפיניטי השתלמות, גמל ופנסיה בע""מ",אינפיניטי פנסיה מקיפה,קרנות חדשות,165.36
פנסיה,14039,אינפיניטי מקיפה מסלול לבני 60 ומעלה,202608,"אינפיניטי השתלמות, גמל ופנסיה בע""מ",אינפיניטי פנסיה מקיפה,קרנות חדשות,70.32
פנסיה,14040,אינפיניטי מקיפה עוקב מדדי מניות,202608,"אינפיניטי השתלמות, גמל ופנסיה בע""מ",אינפיניטי פנסיה מקיפה,קרנות חדשות,32.82
פנסיה,14042,אינפיניטי מקיפה הלכה,202608,"אינפיניטי השתלמות, גמל ופנסיה בע""מ",אינפיניטי פנסיה מקיפה,קרנות חדשות,53.2
פנסיה,14043,מסלול בסיסי למקבלי קצבה,202608,"אינפיניטי השתלמות, גמל ופנסיה בע""מ",אינפיניטי פנסיה מקיפה,קרנות חדשות,6.42
פנסיה,14045,אינפיניטי כללית מסלול לבני 50 ומטה,202608,"אינפיניטי השתלמות, גמל ופנסיה בע""מ",אינפיניטי פנסיה כללית,קרנות כלליות,6.79
פנסיה,14046,אינפיניטי כללית מסלול לבני 50 עד 60,202608,"אינפיניטי השתלמות, גמל ופנסיה בע""מ",אינפיניטי פנסיה כללית,קרנות כלליות,3.78
פנסיה,14047,אינפיניטי כללית מסלול לבני 60 ומעלה,202608,"אינפיניטי השתלמות, גמל ופנסיה בע""מ",אינפיניטי פנסיה כללית,קרנות כלליות,0.7
פנסיה,14048,אינפיניטי כללית עוקב מדדי מניות,202608,"אינפיניטי השתלמות, גמל ופנסיה בע""מ",אינפיניטי פנסיה כללית,קרנות כלליות,3.29
פנסיה,14049,אינפיניטי כללית הלכה,202608,"אינפיניטי השתלמות, גמל ופנסיה בע""מ",אינפיניטי פנסיה כללית,קרנות כלליות,2.44
פנסיה,14054,אינפיניטי מקיפה עוקב מדד S1;P 500,202608,"אינפיניטי השתלמות, גמל ופנסיה בע""מ",אינפיניטי פנסיה מקיפה,קרנות חדשות,50.71
פנסיה,14058,אינפיניטי כללית עוקב מדד S1;P 500,202608,"אינפיניטי השתלמות, גמל ופנסיה בע""מ",אינפיניטי פנסיה כללית,קרנות כלליות,3.33
פנסיה,14082,הפניקס פנסיה משלימה- שריעה,202608,"הפניקס פנסיה וגמל בע""מ",הפניקס פנסיה משלימה,קרנות כלליות,950.44
פנסיה,14192,הראל פנסיה כללית עוקב מדדים גמיש,202608,"הראל פנסיה וגמל בע""מ",הראל פנסיה כללית,קרנות כלליות,26.91
פנסיה,14193,הראל פנסיה כללית משולב סחיר,202608,"הראל פנסיה וגמל בע""מ",הראל פנסיה כללית,קרנות כלליות,6.72
פנסיה,14194,הראל פנסיה כללית קיימות,202608,"הראל פנסיה וגמל בע""מ",הראל פנסיה כללית,קרנות כלליות,2.73
פנסיה,14198,הראל  פנסיה- עוקב מדדים גמיש,202608,"הראל פנסיה וגמל בע""מ",הראל  פנסיה,קרנות חדשות,458.44
פנסיה,14199,הראל  פנסיה- משולב סחיר,202608,"הראל פנסיה וגמל בע""מ",הראל  פנסיה,קרנות חדשות,103.83
פנסיה,14200,הראל  פנסיה- קיימות,202608,"הראל פנסיה וגמל בע""מ",הראל  פנסיה,קרנות חדשות,45.84
פנסיה,14231,כלל פנסיה משלימה משולב סחיר,202608,"כלל פנסיה וגמל בע""מ",כלל פנסיה משלימה,קרנות כלליות,26.65
פנסיה,14232,כלל פנסיה משולב סחיר,202608,"כלל פנסיה וגמל בע""מ",כלל פנסיה,קרנות חדשות,466.09
פנסיה,14233,כלל פנסיה עוקב מדדים גמיש,202608,"כלל פנסיה וגמל בע""מ",כלל פנסיה,קרנות חדשות,149.53
פנסיה,14238,כלל פנסיה משלימה עוקב מדדים גמיש,202608,"כלל פנסיה וגמל בע""מ",כלל פנסיה משלימה,קרנות כלליות,14.79
פנסיה,14242,מגדל מקפת אישית משולב סחיר,202608,"מגדל מקפת קרנות פנסיה וקופות גמל בע""מ",מגדל מקפת אישית,קרנות חדשות,134.33
פנסיה,14243,מגדל מקפת אישית עוקב מדדים - גמיש,202608,"מגדל מקפת קרנות פנסיה וקופות גמל בע""מ",מגדל מקפת אישית,קרנות חדשות,189.63
פנסיה,14244,מגדל מקפת משלימה משולב סחיר,202608,"מגדל מקפת קרנות פנסיה וקופות גמל בע""מ",מגדל מקפת משלימה,קרנות כלליות,9.47
פנסיה,14245,מגדל מקפת משלימה עוקב מדדים - גמיש,202608,"מגדל מקפת קרנות פנסיה וקופות גמל בע""מ",מגדל מקפת משלימה,קרנות כלליות,19.54
פנסיה,14259,מיטב פנסיה מקיפה משולב סחיר,202608,"מיטב גמל ופנסיה בע""מ",מיטב פנסיה מקיפה,קרנות חדשות,1814.01
פנסיה,14260,מיטב פנסיה מקיפה עוקב מדדים גמיש,202608,"מיטב גמל ופנסיה בע""מ",מיטב פנסיה מקיפה,קרנות חדשות,122
פנסיה,14261,מיטב פנסיה מקיפה קיימות,202608,"מיטב גמל ופנסיה בע""מ",מיטב פנסיה מקיפה,קרנות חדשות,227.61
פנסיה,14267,מיטב פנסיה כללית משולב סחיר,202608,"מיטב גמל ופנסיה בע""מ",מיטב פנסיה כללית,קרנות כלליות,207.92
פנסיה,14268,מיטב פנסיה כללית עוקב מדדים גמיש,202608,"מיטב גמל ופנסיה בע""מ",מיטב פנסיה כללית,קרנות כלליות,12.9
פנסיה,14269,מיטב פנסיה כללית קיימות,202608,"מיטב גמל ופנסיה בע""מ",מיטב פנסיה כללית,קרנות כלליות,34.7
פנסיה,14277,מנורה מבטחים פנסיה משולב סחיר,202608,"מנורה מבטחים פנסיה וגמל בע""מ",מנורה מבטחים פנסיה,קרנות חדשות,303.31
פנסיה,14278,מנורה מבטחים פנסיה עוקב מדדים גמיש,202608,"מנורה מבטחים פנסיה וגמל בע""מ",מנורה מבטחים פנסיה,קרנות חדשות,323.18
פנסיה,14285,הפניקס פנסיה מקיפה  משולב סחיר,202608,"הפניקס פנסיה וגמל בע""מ",הפניקס פנסיה מקיפה,קרנות חדשות,53.4
פנסיה,14286,הפניקס פנסיה מקיפה עוקב מדדים גמיש,202608,"הפניקס פנסיה וגמל בע""מ",הפניקס פנסיה מקיפה,קרנות חדשות,66.32
פנסיה,14287,הפניקס פנסיה משלימה עוקב מדדים גמיש,202608,"הפניקס פנסיה וגמל בע""מ",הפניקס פנסיה משלימה,קרנות כלליות,5.03
פנסיה,14288,הפניקס פנסיה משלימה משולב סחיר,202608,"הפניקס פנסיה וגמל בע""מ",הפניקס פנסיה משלימה,קרנות כלליות,3.8
פנסיה,14302,אלטשולר שחם פנסיה מקיפה משולב סחיר,202608,"אלטשולר שחם גמל ופנסיה בע""מ",אלטשולר שחם פנסיה מקיפה,קרנות חדשות,17.7
פנסיה,14303,אלטשולר שחם פנסיה מקיפה עוקב מדדים גמיש,202608,"אלטשולר שחם גמל ופנסיה בע""מ",אלטשולר שחם פנסיה מקיפה,קרנות חדשות,27.15
פנסיה,14304,אלטשולר שחם פנסיה כללית משולב סחיר,202608,"אלטשולר שחם גמל ופנסיה בע""מ",אלטשולר שחם פנסיה כללית,קרנות כלליות,0.44
פנסיה,14305,אלטשולר שחם פנסיה כללית עוקב מדדים גמיש,202608,"אלטשולר שחם גמל ופנסיה בע""מ",אלטשולר שחם פנסיה כללית,קרנות כלליות,1.7
פנסיה,14308,מנורה מבטחים משלימה משולב סחיר,202608,"מנורה מבטחים פנסיה וגמל בע""מ",מנורה מבטחים משלימה,קרנות כלליות,16.47
פנסיה,14309,מנורה מבטחים משלימה עוקב מדדים גמיש,202608,"מנורה מבטחים פנסיה וגמל בע""מ",מנורה מבטחים משלימה,קרנות כלליות,30.14
פנסיה,14333,אינפיניטי פנסיה מקיפה משולב סחיר,202608,"אינפיניטי השתלמות, גמל ופנסיה בע""מ",אינפיניטי פנסיה מקיפה,קרנות חדשות,32.15
פנסיה,14334,אינפיניטי פנסיה מקיפה עוקב מדדים גמיש,202608,"אינפיניטי השתלמות, גמל ופנסיה בע""מ",אינפיניטי פנסיה מקיפה,קרנות חדשות,1.79
פנסיה,14337,מור פנסיה כללית - משולב סחיר,202608,"מור גמל ופנסיה בע""מ",מור פנסיה כללית,קרנות כלליות,7.5
פנסיה,14338,מור פנסיה כללית - עוקב מדדים גמיש,202608,"מור גמל ופנסיה בע""מ",מור פנסיה כללית,קרנות כלליות,0.56
פנסיה,14339,מור פנסיה מקיפה - משולב סחיר,202608,"מור גמל ופנסיה בע""מ",מור פנסיה מקיפה,קרנות חדשות,83.91
פנסיה,14340,מור פנסיה מקיפה - עוקב מדדים גמיש,202608,"מור גמל ופנסיה בע""מ",מור פנסיה מקיפה,קרנות חדשות,7.61
פנסיה,14348,מנורה מבטחים פנסיה קיימות,202608,"מנורה מבטחים פנסיה וגמל בע""מ",מנורה מבטחים פנסיה,קרנות חדשות,13.95
פנסיה,14349,מנורה מבטחים משלימה קיימות,202508,"מנורה מבטחים פנסיה וגמל בע""מ",מנורה מבטחים משלימה,קרנות כלליות,0
פנסיה,14677,מנורה מבטחים משלימה מניות,202608,"מנורה מבטחים פנסיה וגמל בע""מ",מנורה מבטחים משלימה,קרנות כלליות,1759.14
פנסיה,14795,כלל פנסיה משלימה עוקב מדד  s1;p500,202608,"כלל פנסיה וגמל בע""מ",כלל פנסיה משלימה,קרנות כלליות,1080.2
פנסיה,14850,אלטשולר שחם פנסיה מקיפה עוקב מדד S1;P500,202608,"אלטשולר שחם גמל ופנסיה בע""מ",אלטשולר שחם פנסיה מקיפה,קרנות חדשות,1459.7
פנסיה,14854,אלטשולר שחם פנסיה כללית עוקב מדד S1;P 500,202608,"אלטשולר שחם גמל ופנסיה בע""מ",אלטשולר שחם פנסיה כללית,קרנות כלליות,121
פנסיה,14050,מסלול בסיסי למקבלי קצבה,202608,"אינפיניטי השתלמות, גמל ופנסיה בע""מ",אינפיניטי פנסיה כללית,קרנות כלליות,0.37
פנסיה,14335,אינפיניטי פנסיה כללית משולב סחיר,202608,"אינפיניטי השתלמות, גמל ופנסיה בע""מ",אינפיניטי פנסיה כללית,קרנות כלליות,1.74
פנסיה,14336,אינפיניטי פנסיה כללית עוקב מדדים גמיש,202608,"אינפיניטי השתלמות, גמל ופנסיה בע""מ",אינפיניטי פנסיה כללית,קרנות כלליות,0.1
פנסיה,14929,מגדל מקפת אישית עוקב מדדי מניות,202608,"מגדל מקפת קרנות פנסיה וקופות גמל בע""מ",מגדל מקפת אישית,קרנות חדשות,1949.64
פנסיה,14930,מגדל מקפת משלימה עוקב מדדי מניות,202608,"מגדל מקפת קרנות פנסיה וקופות גמל בע""מ",מגדל מקפת משלימה,קרנות כלליות,355.12
פנסיה,15038,הראל  פנסיה עוקב מדדי מניות,202608,"הראל פנסיה וגמל בע""מ",הראל  פנסיה,קרנות חדשות,1665.57
פנסיה,15039,הראל פנסיה כללית עוקב מדדי מניות,202608,"הראל פנסיה וגמל בע""מ",הראל פנסיה כללית,קרנות כלליות,274.08
פנסיה,15091,כלל פנסיה משלימה עוקב מדדי מניות,202608,"כלל פנסיה וגמל בע""מ",כלל פנסיה משלימה,קרנות כלליות,89.88
פנסיה,15092,כלל פנסיה עוקב מדדי מניות,202608,"כלל פנסיה וגמל בע""מ",כלל פנסיה,קרנות חדשות,656.44
פנסיה,15217,"הפניקס פנסיה מקיפה אג""ח סחיר",202608,"הפניקס פנסיה וגמל בע""מ",הפניקס פנסיה מקיפה,קרנות חדשות,9.36
פנסיה,15218,הפניקס פנסיה מקיפה מניות סחיר,202608,"הפניקס פנסיה וגמל בע""מ",הפניקס פנסיה מקיפה,קרנות חדשות,1635.93
פנסיה,15219,הפניקס פנסיה מקיפה עוקב מדדי מניות,202608,"הפניקס פנסיה וגמל בע""מ",הפניקס פנסיה מקיפה,קרנות חדשות,906.12
פנסיה,15220,"הפניקס פנסיה משלימה אג""ח סחיר",202608,"הפניקס פנסיה וגמל בע""מ",הפניקס פנסיה משלימה,קרנות כלליות,1.06
פנסיה,15221,הפניקס פנסיה משלימה מניות סחיר,202608,"הפניקס פנסיה וגמל בע""מ",הפניקס פנסיה משלימה,קרנות כלליות,215.91
פנסיה,15222,"הפניקס פנסיה משלימה עוקב מדדי אג""ח",202608,"הפניקס פנסיה וגמל בע""מ",הפניקס פנסיה משלימה,קרנות כלליות,0
פנסיה,15223,הפניקס פנסיה משלימה עוקב מדדי מניות,202608,"הפניקס פנסיה וגמל בע""מ",הפניקס פנסיה משלימה,קרנות כלליות,142.64
פנסיה,15224,הפניקס פנסיה משלימה הלכה,202608,"הפניקס פנסיה וגמל בע""מ",הפניקס פנסיה משלימה,קרנות כלליות,4.7
פנסיה,15263,מור פנסיה מקיפה  מתמחים באפיקי השקעה סחירים מניות סחיר,202608,"מור גמל ופנסיה בע""מ",מור פנסיה מקיפה,קרנות חדשות,640.14
פנסיה,15264,"מור פנסיה מקיפה מתמחים באפיקי השקעה סחירים אג""ח סחיר",202608,"מור גמל ופנסיה בע""מ",מור פנסיה מקיפה,קרנות חדשות,0.76
פנסיה,15265,"מור פנסיה מקיפה עוקבי מדדים עוקב מדדי אג""ח",202608,"מור גמל ופנסיה בע""מ",מור פנסיה מקיפה,קרנות חדשות,0
פנסיה,15266,מור פנסיה מקיפה  עוקבי מדדים עוקב מדד s1;p 500,202608,"מור גמל ופנסיה בע""מ",מור פנסיה מקיפה,קרנות חדשות,381.66
פנסיה,15267,מור פנסיה מקיפה עוקבי מדדים עוקב מדדים - למקבלי קצבה,202608,"מור גמל ופנסיה בע""מ",מור פנסיה מקיפה,קרנות חדשות,4.95
פנסיה,15270,מור פנסיה כללית מתמחים באפיקי השקעה סחירים מניות סחיר,202608,"מור גמל ופנסיה בע""מ",מור פנסיה כללית,קרנות כלליות,91.43
פנסיה,15271,"מור פנסיה כללית מתמחים באפיקי השקעה סחירים אג""ח סחיר",202608,"מור גמל ופנסיה בע""מ",מור פנסיה כללית,קרנות כלליות,0.04
פנסיה,15272,"מור פנסיה כללית עוקבי מדדים עוקב מדדי אג""ח",202608,"מור גמל ופנסיה בע""מ",מור פנסיה כללית,קרנות כלליות,0
פנסיה,15273,מור פנסיה כללית עוקבי מדדים עוקב מדד s1;p 500,202608,"מור גמל ופנסיה בע""מ",מור פנסיה כללית,קרנות כלליות,40.29
פנסיה,15274,מור פנסיה כללית עוקבי מדדים עוקב מדדים - למקבלי קצבה,202608,"מור גמל ופנסיה בע""מ",מור פנסיה כללית,קרנות כלליות,0.6
פנסיה,15276,"הראל פנסיה אג""ח סחיר",202608,"הראל פנסיה וגמל בע""מ",הראל  פנסיה,קרנות חדשות,0
פנסיה,15277,הראל פנסיה מניות סחיר,202608,"הראל פנסיה וגמל בע""מ",הראל  פנסיה,קרנות חדשות,3280.45
פנסיה,15278,"הראל פנסיה עוקב מדדי אג""ח",202608,"הראל פנסיה וגמל בע""מ",הראל  פנסיה,קרנות חדשות,0
פנסיה,15279,הראל פנסיה כללית מניות סחיר,202608,"הראל פנסיה וגמל בע""מ",הראל פנסיה כללית,קרנות כלליות,365.09
פנסיה,15280,"הראל פנסיה כללית אג""ח סחיר",202608,"הראל פנסיה וגמל בע""מ",הראל פנסיה כללית,קרנות כלליות,0
פנסיה,15281,"הראל פנסיה כללית אשראי ואג""ח",202608,"הראל פנסיה וגמל בע""מ",הראל פנסיה כללית,קרנות כלליות,0.6
פנסיה,15282,"הראל פנסיה כללית עוקב מדדי אג""ח",202608,"הראל פנסיה וגמל בע""מ",הראל פנסיה כללית,קרנות כלליות,0
פנסיה,15313,אלטשולר שחם פנסיה כללית הלכה למקבלי קצבה,202608,"אלטשולר שחם גמל ופנסיה בע""מ",אלטשולר שחם פנסיה כללית,קרנות כלליות,0.21
פנסיה,15314,אלטשולר שחם פנסיה מקיפה הלכה למקבלי קצבה,202608,"אלטשולר שחם גמל ופנסיה בע""מ",אלטשולר שחם פנסיה מקיפה,קרנות חדשות,4.18
פנסיה,15342,"מנורה מבטחים פנסיה מסלול אג""ח ממשלות",202608,"מנורה מבטחים פנסיה וגמל בע""מ",מנורה מבטחים פנסיה,קרנות חדשות,0.02
פנסיה,15359,"מיטב פנסיה מקיפה אג""ח סחיר",202608,"מיטב גמל ופנסיה בע""מ",מיטב פנסיה מקיפה,קרנות חדשות,0
פנסיה,15360,מיטב פנסיה מקיפה מניות סחיר,202608,"מיטב גמל ופנסיה בע""מ",מיטב פנסיה מקיפה,קרנות חדשות,363.1
פנסיה,15361,מיטב פנסיה כללית מניות סחיר,202608,"מיטב גמל ופנסיה בע""מ",מיטב פנסיה כללית,קרנות כלליות,38.89
פנסיה,15362,מיטב פנסיה כללית עוקב מדדי מניות,202608,"מיטב גמל ופנסיה בע""מ",מיטב פנסיה כללית,קרנות כלליות,321.91
פנסיה,15432,כלל פנסיה מניות סחיר,202608,"כלל פנסיה וגמל בע""מ",כלל פנסיה,קרנות חדשות,1050.22
פנסיה,15433,"כלל פנסיה אג""ח סחיר",202608,"כלל פנסיה וגמל בע""מ",כלל פנסיה,קרנות חדשות,0.01
פנסיה,15434,כלל פנסיה משלימה מניות סחיר,202608,"כלל פנסיה וגמל בע""מ",כלל פנסיה משלימה,קרנות כלליות,130.6
פנסיה,15435,"כלל פנסיה משלימה אג""ח סחיר",202608,"כלל פנסיה וגמל בע""מ",כלל פנסיה משלימה,קרנות כלליות,0.01
פנסיה,15524,מגדל מקפת אישית מניות סחיר,202608,"מגדל מקפת קרנות פנסיה וקופות גמל בע""מ",מגדל מקפת אישית,קרנות חדשות,1594.87
פנסיה,15525,"מגדל מקפת אישית עוקב מדדי אג""ח",202608,"מגדל מקפת קרנות פנסיה וקופות גמל בע""מ",מגדל מקפת אישית,קרנות חדשות,0
פנסיה,15526,מגדל מקפת משלימה מניות סחיר,202608,"מגדל מקפת קרנות פנסיה וקופות גמל בע""מ",מגדל מקפת משלימה,קרנות כלליות,191.18
פנסיה,15527,"מגדל מקפת משלימה עוקב מדדי אג""ח",202608,"מגדל מקפת קרנות פנסיה וקופות גמל בע""מ",מגדל מקפת משלימה,קרנות כלליות,0
פנסיה,15661,מנורה מבטחים פנסיה עוקב מדדים למקבלי קצבה,202608,"מנורה מבטחים פנסיה וגמל בע""מ",מנורה מבטחים פנסיה,קרנות חדשות,78.25
פנסיה,15665,מיטב פנסיה כללית  עוקב מדדים למקבלי קצבה,202608,"מיטב גמל ופנסיה בע""מ",מיטב פנסיה כללית,קרנות כלליות,7.66
פנסיה,15666,מיטב פנסיה מקיפה עוקב מדדים למקבלי קצבה,202608,"מיטב גמל ופנסיה בע""מ",מיטב פנסיה מקיפה,קרנות חדשות,64.25
פנסיה,15673,מנורה מבטחים משלימה עוקב מדדים למקבלי קצבה,202608,"מנורה מבטחים פנסיה וגמל בע""מ",מנורה מבטחים משלימה,קרנות כלליות,3.08
פנסיה,15685,אינפיניטי פנסיה מקיפה מניות,202608,"אינפיניטי השתלמות, גמל ופנסיה בע""מ",אינפיניטי פנסיה מקיפה,קרנות חדשות,22.85
פנסיה,15686,אינפיניטי פנסיה כללית מניות,202608,"אינפיניטי השתלמות, גמל ופנסיה בע""מ",אינפיניטי פנסיה כללית,קרנות כלליות,4.66
פנסיה,15783,מנורה מבטחים פנסיה מניות סחיר,202608,"מנורה מבטחים פנסיה וגמל בע""מ",מנורה מבטחים פנסיה,קרנות חדשות,203.09
פנסיה,15784,מנורה מבטחים משלימה מניות סחיר,202608,"מנורה מבטחים פנסיה וגמל בע""מ",מנורה מבטחים משלימה,קרנות כלליות,38.54
פנסיה,15785,מגדל מקפת משלימה עוקב מדדים למקבלי קצבה,202608,"מגדל מקפת קרנות פנסיה וקופות גמל בע""מ",מגדל מקפת משלימה,קרנות כלליות,2.09
פנסיה,15813,כלל פנסיה עוקב מדדים למקבלי קצבה,202608,"כלל פנסיה וגמל בע""מ",כלל פנסיה,קרנות חדשות,10.11
פנסיה,15814,כלל פנסיה משלימה עוקב מדדים למקבלי קצבה,202608,"כלל פנסיה וגמל בע""מ",כלל פנסיה משלימה,קרנות כלליות,0.88
פנסיה,15840,אלטשולר שחם פנסיה מקיפה עוקב מדדים למקבלי קצבה,202608,"אלטשולר שחם גמל ופנסיה בע""מ",אלטשולר שחם פנסיה מקיפה,קרנות חדשות,1.52
פנסיה,15841,אלטשולר שחם פנסיה מקיפה מניות סחיר,202608,"אלטשולר שחם גמל ופנסיה בע""מ",אלטשולר שחם פנסיה מקיפה,קרנות חדשות,10.61
פנסיה,15842,אלטשולר שחם פנסיה כללית מניות סחיר,202608,"אלטשולר שחם גמל ופנסיה בע""מ",אלטשולר שחם פנסיה כללית,קרנות כלליות,1.16
פנסיה,15843,אלטשולר שחם פנסיה כללית עוקב מדדים למקבלי קצבה,202608,"אלטשולר שחם גמל ופנסיה בע""מ",אלטשולר שחם פנסיה כללית,קרנות כלליות,1.31
פנסיה,15892,מור פנסיה מקיפה הלכה,202608,"מור גמל ופנסיה בע""מ",מור פנסיה מקיפה,קרנות חדשות,0.48
