legal_id,track_code,track_name,change,updated,url
512065202,512065202-00000000000880-481-000,מיטב השתלמות עוקב מדדים גמיש,"אפיק המניות עלה  מ-50% ל -60% אפיק הקונצרני עלה מ-38% ל -40% אפיק המט""ח ירד מ-50% ל -20% ממשלתי זר ירד מ-10% ל -0% עדכון מדדי ייחוס במניות -  S&P 500 - 66% תל אביב 125 - 34% עדכון מדדי ייחוס בקונצרני -  תל בונד 60 - 50% תל בונד שיקלי - 50%",2026-06-29,https://www.meitav.co.il/media/hovitr4z/הצהרת-מדיניות-השקעות-לשנת-2026-עדכון-מספר-1.xlsx
512065202,512065202-00000000007857-7979-000,מיטב גמל להשקעה עוקב מדדים גמיש,"אפיק המניות עלה  מ-50% ל -60% אפיק הקונצרני עלה מ-38% ל -40% אפיק המט""ח ירד מ-50% ל -20% ממשלתי זר ירד מ-10% ל -0% עדכון מדדי ייחוס במניות -  S&P 500 - 66% תל אביב 125 - 34% עדכון מדדי ייחוס בקונצרני -  תל בונד 60 - 50% תל בונד שיקלי - 50%",2026-06-29,https://www.meitav.co.il/media/hovitr4z/הצהרת-מדיניות-השקעות-לשנת-2026-עדכון-מספר-1.xlsx
512065202,512065202-00000000000874-14265-000,מיטב גמל עוקב מדדים גמיש,"אפיק המניות עלה  מ-50% ל -60% אפיק הקונצרני עלה מ-38% ל -40% אפיק המט""ח ירד מ-50% ל -20% ממשלתי זר ירד מ-10% ל -0% עדכון מדדי ייחוס במניות -  S&P 500 - 66% תל אביב 125 - 34% עדכון מדדי ייחוס בקונצרני -  תל בונד 60 - 50% תל בונד שיקלי - 50%",2026-06-29,https://www.meitav.co.il/media/hovitr4z/הצהרת-מדיניות-השקעות-לשנת-2026-עדכון-מספר-1.xlsx
512065202,512065202-00000000000660-14268-000,מיטב כללית עוקב מדדים גמיש,"אפיק המניות עלה  מ-50% ל -60% אפיק הקונצרני עלה מ-38% ל -40% אפיק המט""ח ירד מ-50% ל -20% ממשלתי זר ירד מ-10% ל -0% עדכון מדדי ייחוס במניות -  S&P 500 - 66% תל אביב 125 - 34% עדכון מדדי ייחוס בקונצרני -  תל בונד 60 - 50% תל בונד שיקלי - 50%",2026-06-29,https://www.meitav.co.il/media/hovitr4z/הצהרת-מדיניות-השקעות-לשנת-2026-עדכון-מספר-1.xlsx
512065202,512065202-00000000000163-14260-000,מיטב מקיפה עוקב מדדים גמיש,"אפיק המניות עלה  מ50% ל -60% אפיק הקונצרני ירד מ-19% ל -10% אפיק המט""ח ירד מ- 36% ל -20% ממשלתי זר ירד מ3% ל -0% עדכון מדדי ייחוס במניות -  S&P 500 - 66% תל אביב 125 - 34% עדכון מדדי ייחוס בקונצרני -  תל בונד 60 - 50% תל בונד שיקלי - 50%",2026-06-29,https://www.meitav.co.il/media/hovitr4z/הצהרת-מדיניות-השקעות-לשנת-2026-עדכון-מספר-1.xlsx
512065202,512065202-00000000000880-15352-000,מיטב השתלמות מניות סחיר,עדכון מדדי ייחוס,2025-11-05,https://www.meitav.co.il/media/3rdadtzg/הצהרת-מדיניות-השקעות-לשנת-2025-עדכון-מספר-5-מיטב-גמל-ופנסיה.xlsx
512065202,512065202-00000000000874-15345-000,מיטב גמל מניות סחיר,עדכון מדדי ייחוס,2025-11-05,https://www.meitav.co.il/media/3rdadtzg/הצהרת-מדיניות-השקעות-לשנת-2025-עדכון-מספר-5-מיטב-גמל-ופנסיה.xlsx
512065202,512065202-00000000000660-15361-000,מיטב פנסיה כללית מניות סחיר,עדכון מדדי ייחוס,2025-11-05,https://www.meitav.co.il/media/3rdadtzg/הצהרת-מדיניות-השקעות-לשנת-2025-עדכון-מספר-5-מיטב-גמל-ופנסיה.xlsx
512065202,512065202-00000000000163-15360-000,מיטב פנסיה מקיפה מניות סחיר,עדכון מדדי ייחוס,2025-11-05,https://www.meitav.co.il/media/3rdadtzg/הצהרת-מדיניות-השקעות-לשנת-2025-עדכון-מספר-5-מיטב-גמל-ופנסיה.xlsx
512065202,512065202-00000000007857-15350-000,מיטב גמל להשקעה מניות סחיר,עדכון מדדי ייחוס,2025-11-05,https://www.meitav.co.il/media/3rdadtzg/הצהרת-מדיניות-השקעות-לשנת-2025-עדכון-מספר-5-מיטב-גמל-ופנסיה.xlsx
512065202,סוף גיליון,,,,https://www.meitav.co.il/media/3rdadtzg/הצהרת-מדיניות-השקעות-לשנת-2025-עדכון-מספר-5-מיטב-גמל-ופנסיה.xlsx
512065202,512065202-00000000000660-15665-000,מיטב פנסיה כללית מקבלי קצבה עוקב מדדים ,פתיחת מסלול חדש,2025-08-26,https://www.meitav.co.il/media/grihqpdz/הצהרת-מדיניות-השקעות-לשנת-2025-עדכון-מספר-4-מיטב-גמל-ופנסיה.xlsx
512065202,512065202-00000000000163-15666-000,מיטב פנסיה מקיפה מקבלי קצבה עוקב מדדים,פתיחת מסלול חדש,2025-08-26,https://www.meitav.co.il/media/grihqpdz/הצהרת-מדיניות-השקעות-לשנת-2025-עדכון-מספר-4-מיטב-גמל-ופנסיה.xlsx
512065202,סוף גיליון,,,,https://www.meitav.co.il/media/grihqpdz/הצהרת-מדיניות-השקעות-לשנת-2025-עדכון-מספר-4-מיטב-גמל-ופנסיה.xlsx
512065202,512065202-00000000000880-883-000,מיטב השתלמות מניות,"חשיפה למט""ח ירדה מ-32% ל -28%",2025-06-30,https://www.meitav.co.il/media/hhcb05lt/הצהרת-מדיניות-השקעות-לשנת-2025-עדכון-מספר3-מיטב-גמל-ופנסיה.xlsx
512065202,512065202-00000000000163-2105-000,מיטב פנסיה מקיפה מניות,"חשיפה למט""ח ירדה מ-32% ל -28%",2025-06-30,https://www.meitav.co.il/media/hhcb05lt/הצהרת-מדיניות-השקעות-לשנת-2025-עדכון-מספר3-מיטב-גמל-ופנסיה.xlsx
512065202,512065202-00000000000874-877-000,מיטב גמל מניות,"חשיפה למט""ח ירדה מ-32% ל -28%",2025-06-30,https://www.meitav.co.il/media/hhcb05lt/הצהרת-מדיניות-השקעות-לשנת-2025-עדכון-מספר3-מיטב-גמל-ופנסיה.xlsx
512065202,512065202-00000000007857-7860-000,מיטב גמל להשקעה – מניות,"חשיפה למט""ח ירדה מ-32% ל -28%",2025-06-30,https://www.meitav.co.il/media/hhcb05lt/הצהרת-מדיניות-השקעות-לשנת-2025-עדכון-מספר3-מיטב-גמל-ופנסיה.xlsx
512065202,512065202-00000000011385-11387-000,מיטב חסכון לכל ילד חוסכים המעדיפים סיכון מוגבר,"חשיפה למט""ח ירדה מ-32% ל -28%",2025-06-30,https://www.meitav.co.il/media/hhcb05lt/הצהרת-מדיניות-השקעות-לשנת-2025-עדכון-מספר3-מיטב-גמל-ופנסיה.xlsx
512065202,512065202-00000000000660-2109-000,מיטב פנסיה כללית מניות,"חשיפה למט""ח ירדה מ-32% ל -28%",2025-06-30,https://www.meitav.co.il/media/hhcb05lt/הצהרת-מדיניות-השקעות-לשנת-2025-עדכון-מספר3-מיטב-גמל-ופנסיה.xlsx
512065202,סוף גיליון,,,,https://www.meitav.co.il/media/hhcb05lt/הצהרת-מדיניות-השקעות-לשנת-2025-עדכון-מספר3-מיטב-גמל-ופנסיה.xlsx
512065202,512065202-00000000000880-15354-000,מיטב השתלמות סחיר - אגח עם מניות (עד 25% מניות),"חשיפה למט""ח ירדה מ-15% ל -6% חשיפה לממשלתי ישראל עלתה  מ-30% ל-34% חשיפה לממשלתי זר ירדה מ-4% ל -0% שינוי מדדי ייחוס במניות מ - MSCI AC למדד ת""א 125 שינוי מדדי ייחוס בקונצרני סחיר למדד קונצרני כללי בלבד",2025-06-03,https://www.meitav.co.il/media/xfvftt2m/הצהרת-מדיניות-השקעות-לשנת-2025-עדכון-מספר-2-מיטב-גמל-ופנסיה.xlsx
512065202,512065202-00000000007857-15348-000,מיטב גמל להשקעה סחיר - אגח עם מניות (עד 25% מניות),"חשיפה למט""ח ירדה מ-15% ל -6% חשיפה לממשלתי ישראל עלתה  מ-30% ל-34% חשיפה לממשלתי זר ירדה מ-4% ל -0% שינוי מדדי ייחוס במניות מ - MSCI AC למדד ת""א 125 שינוי מדדי ייחוס בקונצרני סחיר למדד קונצרני כללי בלבד",2025-06-03,https://www.meitav.co.il/media/xfvftt2m/הצהרת-מדיניות-השקעות-לשנת-2025-עדכון-מספר-2-מיטב-גמל-ופנסיה.xlsx
512065202,סוף גיליון,,,,https://www.meitav.co.il/media/xfvftt2m/הצהרת-מדיניות-השקעות-לשנת-2025-עדכון-מספר-2-מיטב-גמל-ופנסיה.xlsx
512065202,512065202-00000000007857-7979-000,מיטב גמל להשקעה עוקב מדדים גמיש,"חשיפה למט""ח ירדה מ-100% ל -50%",2025-03-27,https://www.meitav.co.il/media/ybtha1v0/הצהרת-מדיניות-השקעות-לשנת-2025-עדכון-מספר-1-מיטב-גמל-ופנסיה.xlsx
512065202,512065202-00000000000874-14265-000,מיטב גמל עוקב מדדים גמיש,"חשיפה למט""ח ירדה מ-100% ל -50%",2025-03-27,https://www.meitav.co.il/media/ybtha1v0/הצהרת-מדיניות-השקעות-לשנת-2025-עדכון-מספר-1-מיטב-גמל-ופנסיה.xlsx
512065202,512065202-00000000000660-14268-000,מיטב כללית עוקב מדדים גמיש,"חשיפה למט""ח ירדה מ-100% ל -50%",2025-03-27,https://www.meitav.co.il/media/ybtha1v0/הצהרת-מדיניות-השקעות-לשנת-2025-עדכון-מספר-1-מיטב-גמל-ופנסיה.xlsx
512065202,512065202-00000000000880-481-000,מיטב השתלמות עוקב מדדים גמיש,"חשיפה למט""ח ירדה מ-100% ל -50%",2025-03-27,https://www.meitav.co.il/media/ybtha1v0/הצהרת-מדיניות-השקעות-לשנת-2025-עדכון-מספר-1-מיטב-גמל-ופנסיה.xlsx
512065202,512065202-00000000000163-14260-000,מיטב מקיפה עוקב מדדים גמיש,"חשיפה למט""ח ירדה מ-70% ל -35%",2025-03-27,https://www.meitav.co.il/media/ybtha1v0/הצהרת-מדיניות-השקעות-לשנת-2025-עדכון-מספר-1-מיטב-גמל-ופנסיה.xlsx
512065202,סוף גיליון,,,,https://www.meitav.co.il/media/ybtha1v0/הצהרת-מדיניות-השקעות-לשנת-2025-עדכון-מספר-1-מיטב-גמל-ופנסיה.xlsx
512065202,512065202-00000000011385-11388-000,מיטב חסכון לכל ילד הלכה,"חשיפה למניות עלתה מ- 42% ל -95% חשיפה לאג""ח ממשלתי ישראלי ירדה מ-84% ל -5% חשיפה לממשלתי זר ירדה מ10% ל-0% חשיפה למט""ח עלתה מ20% ל -100% עדכון מדדי ייחוס",2024-11-01,https://www.meitav.co.il/media/dzymkako/הצהרת-מדיניות-השקעה-לשנת-2024-עדכון-מספר4-מיטב-גמל-ופנסיה.xlsx
512065202,סוף גיליון,,,,https://www.meitav.co.il/media/dzymkako/הצהרת-מדיניות-השקעה-לשנת-2024-עדכון-מספר4-מיטב-גמל-ופנסיה.xlsx
512065202,512065202-00000000000120-120-000,מיטב בטחון מבטיח תשואה 4.5,"חשיפה למניות עלתה מ- 1% ל -15% חשיפה לאג""ח ממשלתי ישראלי עלתה מ-3% ל- 5%  חשיפה לקונצרני סחיר ירדה מ -8% ל -6% חשיפה למזומן ירדה מ- 7% ל-5% חשיפה למט""ח עלתה מ5% ל -10% עדכון מדדי ייחוס במניות",2024-10-08,https://www.meitav.co.il/media/hmjf5lv5/הצהרת-מדיניות-השקעה-לשנת-2024-עדכון-מספר3-מיטב-גמל-ופנסיה.xlsx
512065202,512065202-00000000000120-529-000,מיטב בטחון מבטיח תשואה 5.5,"חשיפה למניות עלתה מ- 0% ל -15% חשיפה לאג""ח ממשלתי ישראלי ירדה מ-8% ל- 5%  חשיפה לקונצרני סחיר עלתה מ -0% ל -6% חשיפה למזומן ירדה מ- 12% ל-5% חשיפה למט""ח עלתה מ5% ל -10% עדכון מדדי ייחוס במניות",2024-10-08,https://www.meitav.co.il/media/hmjf5lv5/הצהרת-מדיניות-השקעה-לשנת-2024-עדכון-מספר3-מיטב-גמל-ופנסיה.xlsx
512065202,סוף גיליון,,,,https://www.meitav.co.il/media/hmjf5lv5/הצהרת-מדיניות-השקעה-לשנת-2024-עדכון-מספר3-מיטב-גמל-ופנסיה.xlsx
512065202,512065202-00000000000874-14264-000,מיטב גמל משולב סחיר ,"חשיפה למניות עלתה מ- 4% ל- 95% חשיפה לאג""ח ממשלתי ישראלי עלתה מ-0% ל- 5%  חשיפה לאג""ח ממשלתי זר ירדה מ- 40% ל- 0% חשיפה לקונצרני סחיר ירדה מ -50% ל -0% חשיפה למזומן ירדה מ- 7% ל-5% חשיפה למט""ח ירדה מ94% ל -6% עדכון מדדי ייחוס",2024-07-01,https://www.meitav.co.il/media/xqkd0m5a/הצהרת-מדיניות-השקעה-לשנת-2024-עדכון-מספר2-מיטב-גמל-ופנסיה.xlsx
512065202,512065202-00000000000163-14259-000,מיטב מקיפה משולב סחיר,"חשיפה למניות עלתה מ- 43% ל- 69% חשיפה לקונצרני סחיר ירדה מ -28% ל -0% חשיפה למזומן ירדה מ- 7% ל-5% חשיפה למט""ח ירדה מ- 22% ל - 6% עדכון מדדי ייחוס",2024-07-01,https://www.meitav.co.il/media/xqkd0m5a/הצהרת-מדיניות-השקעה-לשנת-2024-עדכון-מספר2-מיטב-גמל-ופנסיה.xlsx
512065202,512065202-00000000000660-14267-000,מיטב פנסיה כללית משולב סחיר,"חשיפה למניות עלתה מ- 43% ל- 95% חשיפה לאג""ח ממשלתי ישראלי ירדה מ20% ל- 5%  חשיפה לאג""ח ממשלתי זר ירדה מ- 4% ל- 0% חשיפה לקונצרני סחיר ירדה מ -40% ל -0% חשיפה למזומן ירדה מ- 7% ל-5% חשיפה למט""ח ירדה מ 22% ל-6% עדכון מדדי ייחוס",2024-07-01,https://www.meitav.co.il/media/xqkd0m5a/הצהרת-מדיניות-השקעה-לשנת-2024-עדכון-מספר2-מיטב-גמל-ופנסיה.xlsx
512065202,512065202-00000000007857-7980-000,"מיטב גמל להשקעה אשראי ואג""ח עם מניות (עד 25% מניות)","חשיפה למניות עלתה מ- 17% ל- 19% חשיפה לאג""ח ממשלתי ישראלי ירדה מ-35% ל- 30%  חשיפה לקונצרני לא סחיר עלתה מ -8% ל -11%",2024-07-01,https://www.meitav.co.il/media/xqkd0m5a/הצהרת-מדיניות-השקעה-לשנת-2024-עדכון-מספר2-מיטב-גמל-ופנסיה.xlsx
512065202,512065202-00000000000874-14265-000,מיטב גמל עוקב מדדים גמיש,"חשיפה למניות ירדה מ- 95% ל- 45% חשיפה לאג""ח ממשלתי ישראלי ירדה מ-5% ל- 0%  חשיפה לאג""ח ממשלתי זר עלתה מ- 0% ל- 15% חשיפה לקונצרני סחיר עלתה מ -0% ל -38% חשיפה למט""ח עלתה מ- 6% ל-94% עדכון מדדי ייחוס",2024-07-01,https://www.meitav.co.il/media/xqkd0m5a/הצהרת-מדיניות-השקעה-לשנת-2024-עדכון-מספר2-מיטב-גמל-ופנסיה.xlsx
512065202,512065202-00000000000163-14260-000,מיטב מקיפה עוקב מדדים גמיש,"חשיפה למניות ירדה מ- 70% ל- 45% חשיפה לאג""ח ממשלתי ישראלי ירדה מ-5% ל- 0%  חשיפה לאג""ח ממשלתי זר עלתה מ- 0% ל- 8% חשיפה לקונצרני סחיר עלתה מ -0% ל -19% חשיפה למט""ח עלתה מ- 6% ל-70% חשיפה למזומן ירדה מ- 5% ל -3% עדכון מדדי ייחוס",2024-07-01,https://www.meitav.co.il/media/xqkd0m5a/הצהרת-מדיניות-השקעה-לשנת-2024-עדכון-מספר2-מיטב-גמל-ופנסיה.xlsx
512065202,512065202-00000000000660-14268-000,מיטב כללית עוקב מדדים גמיש,"חשיפה למניות ירדה מ- 95% ל- 45% חשיפה לאג""ח ממשלתי ישראלי ירדה מ-5% ל- 0%  חשיפה לאג""ח ממשלתי זר עלתה מ- 0% ל- 15% חשיפה לקונצרני סחיר עלתה מ -0% ל -38% חשיפה למט""ח עלתה מ- 6% ל-94% עדכון מדדי ייחוס",2024-07-01,https://www.meitav.co.il/media/xqkd0m5a/הצהרת-מדיניות-השקעה-לשנת-2024-עדכון-מספר2-מיטב-גמל-ופנסיה.xlsx
512065202,512065202-00000000007857-7867-000,מיטב גמל להשקעה עוקב מדדי מניות ,עדכון מדדי ייחוס,2024-07-01,https://www.meitav.co.il/media/xqkd0m5a/הצהרת-מדיניות-השקעה-לשנת-2024-עדכון-מספר2-מיטב-גמל-ופנסיה.xlsx
512065202,512065202-00000000000874-1689-000,מיטב גמל עוקב מדדי מניות,עדכון מדדי ייחוס,2024-07-01,https://www.meitav.co.il/media/xqkd0m5a/הצהרת-מדיניות-השקעה-לשנת-2024-עדכון-מספר2-מיטב-גמל-ופנסיה.xlsx
512065202,512065202-00000000000163-1589-000,מיטב פנסיה מקיפה עוקב מדדי מניות ,עדכון מדדי ייחוס,2024-07-01,https://www.meitav.co.il/media/xqkd0m5a/הצהרת-מדיניות-השקעה-לשנת-2024-עדכון-מספר2-מיטב-גמל-ופנסיה.xlsx
512065202,512065202-00000000007857-7867-000,מיטב גמל להשקעה עוקב מדדי מניות ,עדכון מדדי ייחוס,2024-07-01,https://www.meitav.co.il/media/xqkd0m5a/הצהרת-מדיניות-השקעה-לשנת-2024-עדכון-מספר2-מיטב-גמל-ופנסיה.xlsx
512065202,512065202-00000000000874-1689-000,מיטב גמל עוקב מדדי מניות,עדכון מדדי ייחוס,2024-07-01,https://www.meitav.co.il/media/xqkd0m5a/הצהרת-מדיניות-השקעה-לשנת-2024-עדכון-מספר2-מיטב-גמל-ופנסיה.xlsx
512065202,512065202-00000000000163-1589-000,מיטב פנסיה מקיפה עוקב מדדי מניות,עדכון מדדי ייחוס,2024-07-01,https://www.meitav.co.il/media/xqkd0m5a/הצהרת-מדיניות-השקעה-לשנת-2024-עדכון-מספר2-מיטב-גמל-ופנסיה.xlsx
512065202,סוף גיליון,,,,https://www.meitav.co.il/media/xqkd0m5a/הצהרת-מדיניות-השקעה-לשנת-2024-עדכון-מספר2-מיטב-גמל-ופנסיה.xlsx
512065202,512065202-00000000000163-14261-000,מיטב מקיפה קיימות,"הורדת חשיפה למט""ח ל - 6%",2024-04-17,https://www.meitav.co.il/media/smwlaoyz/הצהרת-מדיניות-השקעה-לשנת-2024-עדכון-מספר-1-מיטב-גמל-ופנסיה.xlsx
512065202,512065202-00000000000163-14261-000,מיטב מקיפה קיימות,עדכון מדד ייחוס ל: S&P500 ESG,2024-04-17,https://www.meitav.co.il/media/smwlaoyz/הצהרת-מדיניות-השקעה-לשנת-2024-עדכון-מספר-1-מיטב-גמל-ופנסיה.xlsx
512065202,512065202-00000000000660-14269-000,מיטב כללית קיימות,"הורדת חשיפה למט""ח ל - 6%",2024-04-17,https://www.meitav.co.il/media/smwlaoyz/הצהרת-מדיניות-השקעה-לשנת-2024-עדכון-מספר-1-מיטב-גמל-ופנסיה.xlsx
512065202,512065202-00000000000660-14269-000,מיטב כללית קיימות,עדכון מדד ייחוס ל: S&P500 ESG,2024-04-17,https://www.meitav.co.il/media/smwlaoyz/הצהרת-מדיניות-השקעה-לשנת-2024-עדכון-מספר-1-מיטב-גמל-ופנסיה.xlsx
512065202,512065202-00000000007857-14270-000,מיטב גמל להשקעה קיימות,"הורדת חשיפה למט""ח ל - 6%",2024-04-17,https://www.meitav.co.il/media/smwlaoyz/הצהרת-מדיניות-השקעה-לשנת-2024-עדכון-מספר-1-מיטב-גמל-ופנסיה.xlsx
512065202,512065202-00000000007857-14270-000,מיטב גמל להשקעה קיימות,עדכון מדד ייחוס ל: S&P500 ESG,2024-04-17,https://www.meitav.co.il/media/smwlaoyz/הצהרת-מדיניות-השקעה-לשנת-2024-עדכון-מספר-1-מיטב-גמל-ופנסיה.xlsx
512065202,512065202-00000000000163-14261-000,מיטב מקיפה קיימות,"שינוי מדד ייחוס במט""ח ל100% דולר",2024-04-17,https://www.meitav.co.il/media/smwlaoyz/הצהרת-מדיניות-השקעה-לשנת-2024-עדכון-מספר-1-מיטב-גמל-ופנסיה.xlsx
512065202,512065202-00000000000660-14269-000,מיטב כללית קיימות,"שינוי מדד ייחוס במט""ח ל100% דולר",2024-04-17,https://www.meitav.co.il/media/smwlaoyz/הצהרת-מדיניות-השקעה-לשנת-2024-עדכון-מספר-1-מיטב-גמל-ופנסיה.xlsx
512065202,512065202-00000000007857-14270-000,מיטב גמל להשקעה קיימות,"שינוי מדד ייחוס במט""ח ל100% דולר",2024-04-17,https://www.meitav.co.il/media/smwlaoyz/הצהרת-מדיניות-השקעה-לשנת-2024-עדכון-מספר-1-מיטב-גמל-ופנסיה.xlsx
512065202,סוף גיליון,,,,https://www.meitav.co.il/media/smwlaoyz/הצהרת-מדיניות-השקעה-לשנת-2024-עדכון-מספר-1-מיטב-גמל-ופנסיה.xlsx
512065202,512065202-00000000000885-1276-000,מיטב פיצויים סלע,"הגדלת חשיפה למט""ח ב-9%",2023-02-20,https://www.meitav.co.il/media/bb5djvjp/הצהרת-מדיניות-2023-עדכון-מספר-3.xlsx
512065202,512065202-00000000000880-1353-000,מיטב השתלמות מסלול מעל 6 שנות וותק,"הגדלת חשיפה למט""ח ב-3%",2023-02-20,https://www.meitav.co.il/media/bb5djvjp/הצהרת-מדיניות-2023-עדכון-מספר-3.xlsx
512065202,512065202-00000000009491-9491-000,מיטב מרכזית להשתתפות בפנסיה תקציבית,"הגדלת חשיפה למט""ח ב-7%",2023-02-20,https://www.meitav.co.il/media/bb5djvjp/הצהרת-מדיניות-2023-עדכון-מספר-3.xlsx
512065202,512065202-00000000000328-0328-000,קופת תגמולים נייר חדרה,"הגדלת חשיפה למט""ח ב-5%",2023-02-20,https://www.meitav.co.il/media/bb5djvjp/הצהרת-מדיניות-2023-עדכון-מספר-3.xlsx
512065202,512065202-00000000000885-0886-000,מיטב פיצויים מסלול כללי,"הגדלת חשיפה למט""ח ב-5%",2023-02-20,https://www.meitav.co.il/media/bb5djvjp/הצהרת-מדיניות-2023-עדכון-מספר-3.xlsx
512065202,512065202-00000000000880-0554-000,מיטב השתלמות עד 6 שנות וותק,"הגדלת חשיפה למט""ח ב-5%",2023-02-20,https://www.meitav.co.il/media/bb5djvjp/הצהרת-מדיניות-2023-עדכון-מספר-3.xlsx
512065202,512065202-00000000000289-0289-000,מיטב השתלמות של עובדי בנק ישראל,"הגדלת חשיפה למט""ח ב-5%",2023-02-20,https://www.meitav.co.il/media/bb5djvjp/הצהרת-מדיניות-2023-עדכון-מספר-3.xlsx
512065202,512065202-00000000000120-0923-000,מיטב בטחון ללא הבטחת תשואה,"הגדלת חשיפה למט""ח ב-5%",2023-02-20,https://www.meitav.co.il/media/bb5djvjp/הצהרת-מדיניות-2023-עדכון-מספר-3.xlsx
512065202,512065202-00000000007857-7978-000,מיטב גמל להשקעה – כללי,"הגדלת חשיפה למט""ח ב-5%",2023-02-20,https://www.meitav.co.il/media/bb5djvjp/הצהרת-מדיניות-2023-עדכון-מספר-3.xlsx
512065202,512065202-00000000000880-0880-000,מיטב השתלמות כללי,"הגדלת חשיפה למט""ח ב-5%",2023-02-20,https://www.meitav.co.il/media/bb5djvjp/הצהרת-מדיניות-2023-עדכון-מספר-3.xlsx
512065202,512065202-00000000000163-2155-000,מיטב פנסיה מקיפה עד 50,"הגדלת חשיפה למט""ח ב-6%",2023-02-20,https://www.meitav.co.il/media/bb5djvjp/הצהרת-מדיניות-2023-עדכון-מספר-3.xlsx
512065202,512065202-00000000000874-7215-000,מיטב גמל לבני 50 ומטה,"הגדלת חשיפה למט""ח ב-6%",2023-02-20,https://www.meitav.co.il/media/bb5djvjp/הצהרת-מדיניות-2023-עדכון-מספר-3.xlsx
512065202,512065202-00000000000660-2158-000,מיטב פנסיה כללית עד 50,"הגדלת חשיפה למט""ח ב-6%",2023-02-20,https://www.meitav.co.il/media/bb5djvjp/הצהרת-מדיניות-2023-עדכון-מספר-3.xlsx
512065202,512065202-00000000000874-0103-000,מיטב גמל לבני 50 עד 60,"הגדלת חשיפה למט""ח ב-5%",2023-02-20,https://www.meitav.co.il/media/bb5djvjp/הצהרת-מדיניות-2023-עדכון-מספר-3.xlsx
512065202,512065202-00000000000660-9972-000,מיטב פנסיה כללית לבני 50 עד 60,"הגדלת חשיפה למט""ח ב-5%",2023-02-20,https://www.meitav.co.il/media/bb5djvjp/הצהרת-מדיניות-2023-עדכון-מספר-3.xlsx
512065202,512065202-00000000000163-9967-000,מיטב פנסיה מקיפה לבני 50 עד 60,"הגדלת חשיפה למט""ח ב-5%",2023-02-20,https://www.meitav.co.il/media/bb5djvjp/הצהרת-מדיניות-2023-עדכון-מספר-3.xlsx
512065202,512065202-00000000000874-0551-000,מיטב גמל לבני 60 ומעלה,"הגדלת חשיפה למט""ח ב-5%",2023-02-20,https://www.meitav.co.il/media/bb5djvjp/הצהרת-מדיניות-2023-עדכון-מספר-3.xlsx
512065202,512065202-00000000000163-9968-000,מיטב פנסיה מקיפה לבני 60 ומעלה,"הגדלת חשיפה למט""ח ב-5%",2023-02-20,https://www.meitav.co.il/media/bb5djvjp/הצהרת-מדיניות-2023-עדכון-מספר-3.xlsx
512065202,512065202-00000000000660-9973-000,מיטב פנסיה כללית לבני 60 ומעלה,"הגדלת חשיפה למט""ח ב-5%",2023-02-20,https://www.meitav.co.il/media/bb5djvjp/הצהרת-מדיניות-2023-עדכון-מספר-3.xlsx
512065202,512065202-00000000000163-12157-000,מיטב פנסיה מקיפה פנסיונרים 2018 והלאה,"הגדלת חשיפה למט""ח ב-4%",2023-02-20,https://www.meitav.co.il/media/bb5djvjp/הצהרת-מדיניות-2023-עדכון-מספר-3.xlsx
512065202,512065202-00000000000660-12158-000,מיטב פנסיה כללית פנסיונרים 2018 והלאה,"הגדלת חשיפה למט""ח ב-5%",2023-02-20,https://www.meitav.co.il/media/bb5djvjp/הצהרת-מדיניות-2023-עדכון-מספר-3.xlsx
512065202,512065202-00000000011329-11385-000,מיטב חסכון לכל ילד חוסכים המעדיפים סיכון מועט,"הגדלת חשיפה למט""ח ב-5%",2023-02-20,https://www.meitav.co.il/media/bb5djvjp/הצהרת-מדיניות-2023-עדכון-מספר-3.xlsx
512065202,512065202-00000000011329-11386-000,מיטב חסכון לכל ילד חוסכים המעדיפים סיכון בינוני,"הגדלת חשיפה למט""ח ב-5%",2023-02-20,https://www.meitav.co.il/media/bb5djvjp/הצהרת-מדיניות-2023-עדכון-מספר-3.xlsx
512065202,512065202-00000000011329-11387-000,מיטב חסכון לכל ילד חוסכים המעדיפים סיכון מוגבר,"הגדלת חשיפה למט""ח ב-5%",2023-02-20,https://www.meitav.co.il/media/bb5djvjp/הצהרת-מדיניות-2023-עדכון-מספר-3.xlsx
512065202,512065202-00000000000247-9553-000,מיטב אגוד תגמולים לבני 60 ומעלה,"הגדלת חשיפה למט""ח ב-5%",2023-02-20,https://www.meitav.co.il/media/bb5djvjp/הצהרת-מדיניות-2023-עדכון-מספר-3.xlsx
512065202,512065202-00000000000247-9854-000,מיטב אגוד תגמולים לבני 50 עד 60,"הגדלת חשיפה למט""ח ב-5%",2023-02-20,https://www.meitav.co.il/media/bb5djvjp/הצהרת-מדיניות-2023-עדכון-מספר-3.xlsx
512065202,512065202-00000000000163-14259-000,מיטב מקיפה משולב סחיר,"הגדלת חשיפה למט""ח ב-6%",2023-02-20,https://www.meitav.co.il/media/bb5djvjp/הצהרת-מדיניות-2023-עדכון-מספר-3.xlsx
512065202,512065202-00000000000874-14264-000,מיטב גמל משולב סחיר,"הגדלת חשיפה למט""ח ב-5%",2023-02-20,https://www.meitav.co.il/media/bb5djvjp/הצהרת-מדיניות-2023-עדכון-מספר-3.xlsx
512065202,512065202-00000000000247-14262-000,מיטב אגוד תגמולים משולב סחיר,"הגדלת חשיפה למט""ח ב-5%",2023-02-20,https://www.meitav.co.il/media/bb5djvjp/הצהרת-מדיניות-2023-עדכון-מספר-3.xlsx
512065202,512065202-00000000000660-14267-000,מיטב כללית משולב סחיר,"הגדלת חשיפה למט""ח ב-5%",2023-02-20,https://www.meitav.co.il/media/bb5djvjp/הצהרת-מדיניות-2023-עדכון-מספר-3.xlsx
512065202,512065202-00000000000880-0481-000,מיטב השתלמות פאסיבי כללי,"הגדלת חשיפה למט""ח ב-75%",2023-02-20,https://www.meitav.co.il/media/bb5djvjp/הצהרת-מדיניות-2023-עדכון-מספר-3.xlsx
512065202,512065202-00000000000880-0481-000,מיטב השתלמות פאסיבי כללי,הקטנת חשיפה למניות ב- 5% ועדכון מדדי ייחוס,2023-02-20,https://www.meitav.co.il/media/bb5djvjp/הצהרת-מדיניות-2023-עדכון-מספר-3.xlsx
512065202,512065202-00000000000880-0481-000,מיטב השתלמות פאסיבי כללי,"שינוי מדד ייחוס באפיק ממשלתי לאג""ח ארה""ב מח""מ 5",2023-02-20,https://www.meitav.co.il/media/bb5djvjp/הצהרת-מדיניות-2023-עדכון-מספר-3.xlsx
512065202,512065202-00000000000880-0481-000,מיטב השתלמות פאסיבי כללי,הגדלה באפיק הקונצרני ב-6% ושינוי מדדי הייחוס.,2023-02-20,https://www.meitav.co.il/media/bb5djvjp/הצהרת-מדיניות-2023-עדכון-מספר-3.xlsx
512065202,512065202-00000000007857-7979-000,מיטב גמל להשקעה - כללי פאסיבי,"הגדלת חשיפה למט""ח ב-75%",2023-02-20,https://www.meitav.co.il/media/bb5djvjp/הצהרת-מדיניות-2023-עדכון-מספר-3.xlsx
512065202,512065202-00000000007857-7979-000,מיטב גמל להשקעה - כללי פאסיבי,הקטנת חשיפה למניות ב- 5% ועדכון מדדי ייחוס,2023-02-20,https://www.meitav.co.il/media/bb5djvjp/הצהרת-מדיניות-2023-עדכון-מספר-3.xlsx
512065202,512065202-00000000007857-7979-000,מיטב גמל להשקעה - כללי פאסיבי,"שינוי מדד ייחוס באפיק ממשלתי לאג""ח ארה""ב מח""מ 5",2023-02-20,https://www.meitav.co.il/media/bb5djvjp/הצהרת-מדיניות-2023-עדכון-מספר-3.xlsx
512065202,512065202-00000000007857-7979-000,מיטב גמל להשקעה - כללי פאסיבי,הגדלה באפיק הקונצרני ב-6% ושינוי מדדי הייחוס.,2023-02-20,https://www.meitav.co.il/media/bb5djvjp/הצהרת-מדיניות-2023-עדכון-מספר-3.xlsx
512065202,512065202-00000000000874-1692-000,"מיטב גמל מסלול פאסיבי מדדי אג""ח עד 25% במדדי מניות","עדכון מדיניות מדדי ייחוס ל: מדד  MSCI ACWI-22% אג""ח ממשלת ארה""ב מח""מ 5 - 22% Barclays Global Aggregate Corporate Bond Index  -38% Barclays Global High Yield Bond Index - 17% תשואת מק""מ לחודש  -1%",2023-02-20,https://www.meitav.co.il/media/bb5djvjp/הצהרת-מדיניות-2023-עדכון-מספר-3.xlsx
512065202,512065202-00000000000163-1560-000,"מיטב פנסיה מקיפה מסלול פאסיבי מדדי אג""ח עד 25% מניות","עדכון מדיניות מדדי ייחוס ל: מדד  MSCI ACWI-17% אג""ח ממשלת ארה""ב מח""מ 5 - 15% Barclays Global Aggregate Corporate Bond Index  -27% Barclays Global High Yield Bond Index - 12% צמוד + 4.8% - 29% תשואת מק""מ לחודש  -1%",2023-02-20,https://www.meitav.co.il/media/bb5djvjp/הצהרת-מדיניות-2023-עדכון-מספר-3.xlsx
512065202,512065202-00000000007857-7981-000,"מיטב גמל להשקעה אג""ח עד 10% מניות","עדכון מדדי ייחוס ל: מדד ACWI - 8% Barclays Global Aggregate Corporate Bond Index  - 34% Barclays Global high Yield Bond Index  - 16% ממשלת ארה""ב מח""מ 5 - 40%",2023-03-15,https://www.meitav.co.il/media/bb5djvjp/הצהרת-מדיניות-2023-עדכון-מספר-3.xlsx
512065202,512065202-00000000007857-7981-000,"מיטב גמל להשקעה אג""ח עד 10% מניות","הגדלת חשיפה למט""ח ב-85%",2023-03-15,https://www.meitav.co.il/media/bb5djvjp/הצהרת-מדיניות-2023-עדכון-מספר-3.xlsx
512065202,512065202-00000000000874-14264-000,מיטב גמל משולב סחיר,הקטנה חשיפה למניות ב39% ושינוי מדדי ייחוס,2023-03-15,https://www.meitav.co.il/media/bb5djvjp/הצהרת-מדיניות-2023-עדכון-מספר-3.xlsx
512065202,512065202-00000000000874-14264-000,מיטב גמל משולב סחיר,הגדלה באפיק ממשלתי ב-24% ושינוי מדד ייחוס,2023-03-15,https://www.meitav.co.il/media/bb5djvjp/הצהרת-מדיניות-2023-עדכון-מספר-3.xlsx
512065202,512065202-00000000000874-14264-000,מיטב גמל משולב סחיר,הגדלה באפיק הקונצרני ב-15% ושינוי מדד ייחוס,2023-03-15,https://www.meitav.co.il/media/bb5djvjp/הצהרת-מדיניות-2023-עדכון-מספר-3.xlsx
512065202,512065202-00000000000874-14264-000,מיטב גמל משולב סחיר,"הגדלת חשיפה למט""ח ב-77%",2023-03-15,https://www.meitav.co.il/media/bb5djvjp/הצהרת-מדיניות-2023-עדכון-מספר-3.xlsx
512065202,512065202-00000000000874-14265-000,מיטב גמל עוקב מדדים גמיש,שינוי מדדי ייחוס,2023-11-21,https://www.meitav.co.il/media/bb5djvjp/הצהרת-מדיניות-2023-עדכון-מספר-3.xlsx
512065202,512065202-00000000000660-14268-000,מיטב כללית עוקב מדדים גמיש,שינוי מדדי ייחוס,2023-11-21,https://www.meitav.co.il/media/bb5djvjp/הצהרת-מדיניות-2023-עדכון-מספר-3.xlsx
512065202,512065202-00000000000163-14260-000,מיטב מקיפה עוקב מדדים גמיש,שינוי מדדי ייחוס,2023-11-21,https://www.meitav.co.il/media/bb5djvjp/הצהרת-מדיניות-2023-עדכון-מספר-3.xlsx
512065202,512065202-00000000000247-14263-000,מיטב אגוד תגמולים עוקב מדדים גמיש,שינוי מדדי ייחוס,2023-11-21,https://www.meitav.co.il/media/bb5djvjp/הצהרת-מדיניות-2023-עדכון-מספר-3.xlsx
512065202,סוף גיליון,,,,https://www.meitav.co.il/media/bb5djvjp/הצהרת-מדיניות-2023-עדכון-מספר-3.xlsx
512065202,512065202-00000000000885-1276-000,מיטב פיצויים סלע,"הגדלת חשיפה למט""ח ב-9%",2023-02-20,https://www.meitav.co.il/media/skxg2ik2/הצהרת-מדיניות-2023-עדכון-מספר-2.xlsx
512065202,512065202-00000000000880-1353-000,מיטב השתלמות מסלול מעל 6 שנות וותק,"הגדלת חשיפה למט""ח ב-3%",2023-02-20,https://www.meitav.co.il/media/skxg2ik2/הצהרת-מדיניות-2023-עדכון-מספר-2.xlsx
512065202,512065202-00000000009491-9491-000,מיטב מרכזית להשתתפות בפנסיה תקציבית,"הגדלת חשיפה למט""ח ב-7%",2023-02-20,https://www.meitav.co.il/media/skxg2ik2/הצהרת-מדיניות-2023-עדכון-מספר-2.xlsx
512065202,512065202-00000000000328-0328-000,קופת תגמולים נייר חדרה,"הגדלת חשיפה למט""ח ב-5%",2023-02-20,https://www.meitav.co.il/media/skxg2ik2/הצהרת-מדיניות-2023-עדכון-מספר-2.xlsx
512065202,512065202-00000000000885-0886-000,מיטב פיצויים מסלול כללי,"הגדלת חשיפה למט""ח ב-5%",2023-02-20,https://www.meitav.co.il/media/skxg2ik2/הצהרת-מדיניות-2023-עדכון-מספר-2.xlsx
512065202,512065202-00000000000880-0554-000,מיטב השתלמות עד 6 שנות וותק,"הגדלת חשיפה למט""ח ב-5%",2023-02-20,https://www.meitav.co.il/media/skxg2ik2/הצהרת-מדיניות-2023-עדכון-מספר-2.xlsx
512065202,512065202-00000000000289-0289-000,מיטב השתלמות של עובדי בנק ישראל,"הגדלת חשיפה למט""ח ב-5%",2023-02-20,https://www.meitav.co.il/media/skxg2ik2/הצהרת-מדיניות-2023-עדכון-מספר-2.xlsx
512065202,512065202-00000000000120-0923-000,מיטב בטחון ללא הבטחת תשואה,"הגדלת חשיפה למט""ח ב-5%",2023-02-20,https://www.meitav.co.il/media/skxg2ik2/הצהרת-מדיניות-2023-עדכון-מספר-2.xlsx
512065202,512065202-00000000007857-7978-000,מיטב גמל להשקעה – כללי,"הגדלת חשיפה למט""ח ב-5%",2023-02-20,https://www.meitav.co.il/media/skxg2ik2/הצהרת-מדיניות-2023-עדכון-מספר-2.xlsx
512065202,512065202-00000000000880-0880-000,מיטב השתלמות כללי,"הגדלת חשיפה למט""ח ב-5%",2023-02-20,https://www.meitav.co.il/media/skxg2ik2/הצהרת-מדיניות-2023-עדכון-מספר-2.xlsx
512065202,512065202-00000000000163-2155-000,מיטב פנסיה מקיפה עד 50,"הגדלת חשיפה למט""ח ב-6%",2023-02-20,https://www.meitav.co.il/media/skxg2ik2/הצהרת-מדיניות-2023-עדכון-מספר-2.xlsx
512065202,512065202-00000000000874-7215-000,מיטב גמל לבני 50 ומטה,"הגדלת חשיפה למט""ח ב-6%",2023-02-20,https://www.meitav.co.il/media/skxg2ik2/הצהרת-מדיניות-2023-עדכון-מספר-2.xlsx
512065202,512065202-00000000000660-2158-000,מיטב פנסיה כללית עד 50,"הגדלת חשיפה למט""ח ב-6%",2023-02-20,https://www.meitav.co.il/media/skxg2ik2/הצהרת-מדיניות-2023-עדכון-מספר-2.xlsx
512065202,512065202-00000000000874-0103-000,מיטב גמל לבני 50 עד 60,"הגדלת חשיפה למט""ח ב-5%",2023-02-20,https://www.meitav.co.il/media/skxg2ik2/הצהרת-מדיניות-2023-עדכון-מספר-2.xlsx
512065202,512065202-00000000000660-9972-000,מיטב פנסיה כללית לבני 50 עד 60,"הגדלת חשיפה למט""ח ב-5%",2023-02-20,https://www.meitav.co.il/media/skxg2ik2/הצהרת-מדיניות-2023-עדכון-מספר-2.xlsx
512065202,512065202-00000000000163-9967-000,מיטב פנסיה מקיפה לבני 50 עד 60,"הגדלת חשיפה למט""ח ב-5%",2023-02-20,https://www.meitav.co.il/media/skxg2ik2/הצהרת-מדיניות-2023-עדכון-מספר-2.xlsx
512065202,512065202-00000000000874-0551-000,מיטב גמל לבני 60 ומעלה,"הגדלת חשיפה למט""ח ב-5%",2023-02-20,https://www.meitav.co.il/media/skxg2ik2/הצהרת-מדיניות-2023-עדכון-מספר-2.xlsx
512065202,512065202-00000000000163-9968-000,מיטב פנסיה מקיפה לבני 60 ומעלה,"הגדלת חשיפה למט""ח ב-5%",2023-02-20,https://www.meitav.co.il/media/skxg2ik2/הצהרת-מדיניות-2023-עדכון-מספר-2.xlsx
512065202,512065202-00000000000660-9973-000,מיטב פנסיה כללית לבני 60 ומעלה,"הגדלת חשיפה למט""ח ב-5%",2023-02-20,https://www.meitav.co.il/media/skxg2ik2/הצהרת-מדיניות-2023-עדכון-מספר-2.xlsx
512065202,512065202-00000000000163-12157-000,מיטב פנסיה מקיפה פנסיונרים 2018 והלאה,"הגדלת חשיפה למט""ח ב-4%",2023-02-20,https://www.meitav.co.il/media/skxg2ik2/הצהרת-מדיניות-2023-עדכון-מספר-2.xlsx
512065202,512065202-00000000000660-12158-000,מיטב פנסיה כללית פנסיונרים 2018 והלאה,"הגדלת חשיפה למט""ח ב-5%",2023-02-20,https://www.meitav.co.il/media/skxg2ik2/הצהרת-מדיניות-2023-עדכון-מספר-2.xlsx
512065202,512065202-00000000011329-11385-000,מיטב חסכון לכל ילד חוסכים המעדיפים סיכון מועט,"הגדלת חשיפה למט""ח ב-5%",2023-02-20,https://www.meitav.co.il/media/skxg2ik2/הצהרת-מדיניות-2023-עדכון-מספר-2.xlsx
512065202,512065202-00000000011329-11386-000,מיטב חסכון לכל ילד חוסכים המעדיפים סיכון בינוני,"הגדלת חשיפה למט""ח ב-5%",2023-02-20,https://www.meitav.co.il/media/skxg2ik2/הצהרת-מדיניות-2023-עדכון-מספר-2.xlsx
512065202,512065202-00000000011329-11387-000,מיטב חסכון לכל ילד חוסכים המעדיפים סיכון מוגבר,"הגדלת חשיפה למט""ח ב-5%",2023-02-20,https://www.meitav.co.il/media/skxg2ik2/הצהרת-מדיניות-2023-עדכון-מספר-2.xlsx
512065202,512065202-00000000000247-9553-000,מיטב אגוד תגמולים לבני 60 ומעלה,"הגדלת חשיפה למט""ח ב-5%",2023-02-20,https://www.meitav.co.il/media/skxg2ik2/הצהרת-מדיניות-2023-עדכון-מספר-2.xlsx
512065202,512065202-00000000000247-9854-000,מיטב אגוד תגמולים לבני 50 עד 60,"הגדלת חשיפה למט""ח ב-5%",2023-02-20,https://www.meitav.co.il/media/skxg2ik2/הצהרת-מדיניות-2023-עדכון-מספר-2.xlsx
512065202,512065202-00000000000163-14259-000,מיטב מקיפה משולב סחיר,"הגדלת חשיפה למט""ח ב-6%",2023-02-20,https://www.meitav.co.il/media/skxg2ik2/הצהרת-מדיניות-2023-עדכון-מספר-2.xlsx
512065202,512065202-00000000000874-14264-000,מיטב גמל משולב סחיר,"הגדלת חשיפה למט""ח ב-5%",2023-02-20,https://www.meitav.co.il/media/skxg2ik2/הצהרת-מדיניות-2023-עדכון-מספר-2.xlsx
512065202,512065202-00000000000247-14262-000,מיטב אגוד תגמולים משולב סחיר,"הגדלת חשיפה למט""ח ב-5%",2023-02-20,https://www.meitav.co.il/media/skxg2ik2/הצהרת-מדיניות-2023-עדכון-מספר-2.xlsx
512065202,512065202-00000000000660-14267-000,מיטב כללית משולב סחיר,"הגדלת חשיפה למט""ח ב-5%",2023-02-20,https://www.meitav.co.il/media/skxg2ik2/הצהרת-מדיניות-2023-עדכון-מספר-2.xlsx
512065202,512065202-00000000000880-0481-000,מיטב השתלמות פאסיבי כללי,"הגדלת חשיפה למט""ח ב-75%",2023-02-20,https://www.meitav.co.il/media/skxg2ik2/הצהרת-מדיניות-2023-עדכון-מספר-2.xlsx
512065202,512065202-00000000000880-0481-000,מיטב השתלמות פאסיבי כללי,הקטנת חשיפה למניות ב- 5% ועדכון מדדי ייחוס,2023-02-20,https://www.meitav.co.il/media/skxg2ik2/הצהרת-מדיניות-2023-עדכון-מספר-2.xlsx
512065202,512065202-00000000000880-0481-000,מיטב השתלמות פאסיבי כללי,"שינוי מדד ייחוס באפיק ממשלתי לאג""ח ארה""ב מח""מ 5",2023-02-20,https://www.meitav.co.il/media/skxg2ik2/הצהרת-מדיניות-2023-עדכון-מספר-2.xlsx
512065202,512065202-00000000000880-0481-000,מיטב השתלמות פאסיבי כללי,הגדלה באפיק הקונצרני ב-6% ושינוי מדדי הייחוס.,2023-02-20,https://www.meitav.co.il/media/skxg2ik2/הצהרת-מדיניות-2023-עדכון-מספר-2.xlsx
512065202,512065202-00000000007857-7979-000,מיטב גמל להשקעה - כללי פאסיבי,"הגדלת חשיפה למט""ח ב-75%",2023-02-20,https://www.meitav.co.il/media/skxg2ik2/הצהרת-מדיניות-2023-עדכון-מספר-2.xlsx
512065202,512065202-00000000007857-7979-000,מיטב גמל להשקעה - כללי פאסיבי,הקטנת חשיפה למניות ב- 5% ועדכון מדדי ייחוס,2023-02-20,https://www.meitav.co.il/media/skxg2ik2/הצהרת-מדיניות-2023-עדכון-מספר-2.xlsx
512065202,512065202-00000000007857-7979-000,מיטב גמל להשקעה - כללי פאסיבי,"שינוי מדד ייחוס באפיק ממשלתי לאג""ח ארה""ב מח""מ 5",2023-02-20,https://www.meitav.co.il/media/skxg2ik2/הצהרת-מדיניות-2023-עדכון-מספר-2.xlsx
512065202,512065202-00000000007857-7979-000,מיטב גמל להשקעה - כללי פאסיבי,הגדלה באפיק הקונצרני ב-6% ושינוי מדדי הייחוס.,2023-02-20,https://www.meitav.co.il/media/skxg2ik2/הצהרת-מדיניות-2023-עדכון-מספר-2.xlsx
512065202,512065202-00000000000874-1692-000,"מיטב גמל מסלול פאסיבי מדדי אג""ח עד 25% במדדי מניות","עדכון מדיניות מדדי ייחוס ל: מדד  MSCI ACWI-22% אג""ח ממשלת ארה""ב מח""מ 5 - 22% Barclays Global Aggregate Corporate Bond Index  -38% Barclays Global High Yield Bond Index - 17% תשואת מק""מ לחודש  -1%",2023-02-20,https://www.meitav.co.il/media/skxg2ik2/הצהרת-מדיניות-2023-עדכון-מספר-2.xlsx
512065202,512065202-00000000000163-1560-000,"מיטב פנסיה מקיפה מסלול פאסיבי מדדי אג""ח עד 25% מניות","עדכון מדיניות מדדי ייחוס ל: מדד  MSCI ACWI-17% אג""ח ממשלת ארה""ב מח""מ 5 - 15% Barclays Global Aggregate Corporate Bond Index  -27% Barclays Global High Yield Bond Index - 12% צמוד + 4.8% - 29% תשואת מק""מ לחודש  -1%",2023-02-20,https://www.meitav.co.il/media/skxg2ik2/הצהרת-מדיניות-2023-עדכון-מספר-2.xlsx
512065202,512065202-00000000007857-7981-000,"מיטב גמל להשקעה אג""ח עד 10% מניות","עדכון מדדי ייחוס ל: מדד ACWI - 8% Barclays Global Aggregate Corporate Bond Index  - 34% Barclays Global high Yield Bond Index  - 16% ממשלת ארה""ב מח""מ 5 - 40%",2023-03-15,https://www.meitav.co.il/media/skxg2ik2/הצהרת-מדיניות-2023-עדכון-מספר-2.xlsx
512065202,512065202-00000000007857-7981-000,"מיטב גמל להשקעה אג""ח עד 10% מניות","הגדלת חשיפה למט""ח ב-85%",2023-03-15,https://www.meitav.co.il/media/skxg2ik2/הצהרת-מדיניות-2023-עדכון-מספר-2.xlsx
512065202,512065202-00000000000874-14264-000,מיטב גמל משולב סחיר,הקטנה חשיפה למניות ב39% ושינוי מדדי ייחוס,2023-03-15,https://www.meitav.co.il/media/skxg2ik2/הצהרת-מדיניות-2023-עדכון-מספר-2.xlsx
512065202,512065202-00000000000874-14264-000,מיטב גמל משולב סחיר,הגדלה באפיק ממשלתי ב-24% ושינוי מדד ייחוס,2023-03-15,https://www.meitav.co.il/media/skxg2ik2/הצהרת-מדיניות-2023-עדכון-מספר-2.xlsx
512065202,512065202-00000000000874-14264-000,מיטב גמל משולב סחיר,הגדלה באפיק הקונצרני ב-15% ושינוי מדד ייחוס,2023-03-15,https://www.meitav.co.il/media/skxg2ik2/הצהרת-מדיניות-2023-עדכון-מספר-2.xlsx
512065202,512065202-00000000000874-14264-000,מיטב גמל משולב סחיר,"הגדלת חשיפה למט""ח ב-77%",2023-03-15,https://www.meitav.co.il/media/skxg2ik2/הצהרת-מדיניות-2023-עדכון-מספר-2.xlsx
512065202,סוף גיליון,,,,https://www.meitav.co.il/media/skxg2ik2/הצהרת-מדיניות-2023-עדכון-מספר-2.xlsx
512065202,512065202-00000000000885-1276-000,מיטב פיצויים סלע,"הגדלת חשיפה למט""ח ב-9%",2023-02-20,https://www.meitav.co.il/media/nm5d51ij/הצהרת-מדיניות-2023-עדכון-מספר-1.xlsx
512065202,512065202-00000000000880-1353-000,מיטב השתלמות מסלול מעל 6 שנות וותק,"הגדלת חשיפה למט""ח ב-3%",2023-02-20,https://www.meitav.co.il/media/nm5d51ij/הצהרת-מדיניות-2023-עדכון-מספר-1.xlsx
512065202,512065202-00000000009491-9491-000,מיטב מרכזית להשתתפות בפנסיה תקציבית,"הגדלת חשיפה למט""ח ב-7%",2023-02-20,https://www.meitav.co.il/media/nm5d51ij/הצהרת-מדיניות-2023-עדכון-מספר-1.xlsx
512065202,512065202-00000000000328-0328-000,קופת תגמולים נייר חדרה,"הגדלת חשיפה למט""ח ב-5%",2023-02-20,https://www.meitav.co.il/media/nm5d51ij/הצהרת-מדיניות-2023-עדכון-מספר-1.xlsx
512065202,512065202-00000000000885-0886-000,מיטב פיצויים מסלול כללי,"הגדלת חשיפה למט""ח ב-5%",2023-02-20,https://www.meitav.co.il/media/nm5d51ij/הצהרת-מדיניות-2023-עדכון-מספר-1.xlsx
512065202,512065202-00000000000880-0554-000,מיטב השתלמות עד 6 שנות וותק,"הגדלת חשיפה למט""ח ב-5%",2023-02-20,https://www.meitav.co.il/media/nm5d51ij/הצהרת-מדיניות-2023-עדכון-מספר-1.xlsx
512065202,512065202-00000000000289-0289-000,מיטב השתלמות של עובדי בנק ישראל,"הגדלת חשיפה למט""ח ב-5%",2023-02-20,https://www.meitav.co.il/media/nm5d51ij/הצהרת-מדיניות-2023-עדכון-מספר-1.xlsx
512065202,512065202-00000000000120-0923-000,מיטב בטחון ללא הבטחת תשואה,"הגדלת חשיפה למט""ח ב-5%",2023-02-20,https://www.meitav.co.il/media/nm5d51ij/הצהרת-מדיניות-2023-עדכון-מספר-1.xlsx
512065202,512065202-00000000007857-7978-000,מיטב גמל להשקעה – כללי,"הגדלת חשיפה למט""ח ב-5%",2023-02-20,https://www.meitav.co.il/media/nm5d51ij/הצהרת-מדיניות-2023-עדכון-מספר-1.xlsx
512065202,512065202-00000000000880-0880-000,מיטב השתלמות כללי,"הגדלת חשיפה למט""ח ב-5%",2023-02-20,https://www.meitav.co.il/media/nm5d51ij/הצהרת-מדיניות-2023-עדכון-מספר-1.xlsx
512065202,512065202-00000000000163-2155-000,מיטב פנסיה מקיפה עד 50,"הגדלת חשיפה למט""ח ב-6%",2023-02-20,https://www.meitav.co.il/media/nm5d51ij/הצהרת-מדיניות-2023-עדכון-מספר-1.xlsx
512065202,512065202-00000000000874-7215-000,מיטב גמל לבני 50 ומטה,"הגדלת חשיפה למט""ח ב-6%",2023-02-20,https://www.meitav.co.il/media/nm5d51ij/הצהרת-מדיניות-2023-עדכון-מספר-1.xlsx
512065202,512065202-00000000000660-2158-000,מיטב פנסיה כללית עד 50,"הגדלת חשיפה למט""ח ב-6%",2023-02-20,https://www.meitav.co.il/media/nm5d51ij/הצהרת-מדיניות-2023-עדכון-מספר-1.xlsx
512065202,512065202-00000000000874-0103-000,מיטב גמל לבני 50 עד 60,"הגדלת חשיפה למט""ח ב-5%",2023-02-20,https://www.meitav.co.il/media/nm5d51ij/הצהרת-מדיניות-2023-עדכון-מספר-1.xlsx
512065202,512065202-00000000000660-9972-000,מיטב פנסיה כללית לבני 50 עד 60,"הגדלת חשיפה למט""ח ב-5%",2023-02-20,https://www.meitav.co.il/media/nm5d51ij/הצהרת-מדיניות-2023-עדכון-מספר-1.xlsx
512065202,512065202-00000000000163-9967-000,מיטב פנסיה מקיפה לבני 50 עד 60,"הגדלת חשיפה למט""ח ב-5%",2023-02-20,https://www.meitav.co.il/media/nm5d51ij/הצהרת-מדיניות-2023-עדכון-מספר-1.xlsx
512065202,512065202-00000000000874-0551-000,מיטב גמל לבני 60 ומעלה,"הגדלת חשיפה למט""ח ב-5%",2023-02-20,https://www.meitav.co.il/media/nm5d51ij/הצהרת-מדיניות-2023-עדכון-מספר-1.xlsx
512065202,512065202-00000000000163-9968-000,מיטב פנסיה מקיפה לבני 60 ומעלה,"הגדלת חשיפה למט""ח ב-5%",2023-02-20,https://www.meitav.co.il/media/nm5d51ij/הצהרת-מדיניות-2023-עדכון-מספר-1.xlsx
512065202,512065202-00000000000660-9973-000,מיטב פנסיה כללית לבני 60 ומעלה,"הגדלת חשיפה למט""ח ב-5%",2023-02-20,https://www.meitav.co.il/media/nm5d51ij/הצהרת-מדיניות-2023-עדכון-מספר-1.xlsx
512065202,512065202-00000000000163-12157-000,מיטב פנסיה מקיפה פנסיונרים 2018 והלאה,"הגדלת חשיפה למט""ח ב-4%",2023-02-20,https://www.meitav.co.il/media/nm5d51ij/הצהרת-מדיניות-2023-עדכון-מספר-1.xlsx
512065202,512065202-00000000000660-12158-000,מיטב פנסיה כללית פנסיונרים 2018 והלאה,"הגדלת חשיפה למט""ח ב-5%",2023-02-20,https://www.meitav.co.il/media/nm5d51ij/הצהרת-מדיניות-2023-עדכון-מספר-1.xlsx
512065202,512065202-00000000011329-11385-000,מיטב חסכון לכל ילד חוסכים המעדיפים סיכון מועט,"הגדלת חשיפה למט""ח ב-5%",2023-02-20,https://www.meitav.co.il/media/nm5d51ij/הצהרת-מדיניות-2023-עדכון-מספר-1.xlsx
512065202,512065202-00000000011329-11386-000,מיטב חסכון לכל ילד חוסכים המעדיפים סיכון בינוני,"הגדלת חשיפה למט""ח ב-5%",2023-02-20,https://www.meitav.co.il/media/nm5d51ij/הצהרת-מדיניות-2023-עדכון-מספר-1.xlsx
512065202,512065202-00000000011329-11387-000,מיטב חסכון לכל ילד חוסכים המעדיפים סיכון מוגבר,"הגדלת חשיפה למט""ח ב-5%",2023-02-20,https://www.meitav.co.il/media/nm5d51ij/הצהרת-מדיניות-2023-עדכון-מספר-1.xlsx
512065202,512065202-00000000000247-9553-000,מיטב אגוד תגמולים לבני 60 ומעלה,"הגדלת חשיפה למט""ח ב-5%",2023-02-20,https://www.meitav.co.il/media/nm5d51ij/הצהרת-מדיניות-2023-עדכון-מספר-1.xlsx
512065202,512065202-00000000000247-9854-000,מיטב אגוד תגמולים לבני 50 עד 60,"הגדלת חשיפה למט""ח ב-5%",2023-02-20,https://www.meitav.co.il/media/nm5d51ij/הצהרת-מדיניות-2023-עדכון-מספר-1.xlsx
512065202,512065202-00000000000163-14259-000,מיטב מקיפה משולב סחיר,"הגדלת חשיפה למט""ח ב-6%",2023-02-20,https://www.meitav.co.il/media/nm5d51ij/הצהרת-מדיניות-2023-עדכון-מספר-1.xlsx
512065202,512065202-00000000000874-14264-000,מיטב גמל משולב סחיר,"הגדלת חשיפה למט""ח ב-5%",2023-02-20,https://www.meitav.co.il/media/nm5d51ij/הצהרת-מדיניות-2023-עדכון-מספר-1.xlsx
512065202,512065202-00000000000247-14262-000,מיטב אגוד תגמולים משולב סחיר,"הגדלת חשיפה למט""ח ב-5%",2023-02-20,https://www.meitav.co.il/media/nm5d51ij/הצהרת-מדיניות-2023-עדכון-מספר-1.xlsx
512065202,512065202-00000000000660-14267-000,מיטב כללית משולב סחיר,"הגדלת חשיפה למט""ח ב-5%",2023-02-20,https://www.meitav.co.il/media/nm5d51ij/הצהרת-מדיניות-2023-עדכון-מספר-1.xlsx
512065202,512065202-00000000000880-0481-000,מיטב השתלמות פאסיבי כללי,"הגדלת חשיפה למט""ח ב-75%",2023-02-20,https://www.meitav.co.il/media/nm5d51ij/הצהרת-מדיניות-2023-עדכון-מספר-1.xlsx
512065202,512065202-00000000000880-0481-000,מיטב השתלמות פאסיבי כללי,הקטנת חשיפה למניות ב- 5% ועדכון מדדי ייחוס,2023-02-20,https://www.meitav.co.il/media/nm5d51ij/הצהרת-מדיניות-2023-עדכון-מספר-1.xlsx
512065202,512065202-00000000000880-0481-000,מיטב השתלמות פאסיבי כללי,"שינוי מדד ייחוס באפיק ממשלתי לאג""ח ארה""ב מח""מ 5",2023-02-20,https://www.meitav.co.il/media/nm5d51ij/הצהרת-מדיניות-2023-עדכון-מספר-1.xlsx
512065202,512065202-00000000000880-0481-000,מיטב השתלמות פאסיבי כללי,הגדלה באפיק הקונצרני ב-6% ושינוי מדדי הייחוס.,2023-02-20,https://www.meitav.co.il/media/nm5d51ij/הצהרת-מדיניות-2023-עדכון-מספר-1.xlsx
512065202,512065202-00000000007857-7979-000,מיטב גמל להשקעה - כללי פאסיבי,"הגדלת חשיפה למט""ח ב-75%",2023-02-20,https://www.meitav.co.il/media/nm5d51ij/הצהרת-מדיניות-2023-עדכון-מספר-1.xlsx
512065202,512065202-00000000007857-7979-000,מיטב גמל להשקעה - כללי פאסיבי,הקטנת חשיפה למניות ב- 5% ועדכון מדדי ייחוס,2023-02-20,https://www.meitav.co.il/media/nm5d51ij/הצהרת-מדיניות-2023-עדכון-מספר-1.xlsx
512065202,512065202-00000000007857-7979-000,מיטב גמל להשקעה - כללי פאסיבי,"שינוי מדד ייחוס באפיק ממשלתי לאג""ח ארה""ב מח""מ 5",2023-02-20,https://www.meitav.co.il/media/nm5d51ij/הצהרת-מדיניות-2023-עדכון-מספר-1.xlsx
512065202,512065202-00000000007857-7979-000,מיטב גמל להשקעה - כללי פאסיבי,הגדלה באפיק הקונצרני ב-6% ושינוי מדדי הייחוס.,2023-02-20,https://www.meitav.co.il/media/nm5d51ij/הצהרת-מדיניות-2023-עדכון-מספר-1.xlsx
512065202,512065202-00000000000874-1692-000,"מיטב גמל מסלול פאסיבי מדדי אג""ח עד 25% במדדי מניות","עדכון מדיניות מדדי ייחוס ל: מדד  MSCI ACWI-22% אג""ח ממשלת ארה""ב מח""מ 5 - 22% Barclays Global Aggregate Corporate Bond Index  -38% Barclays Global High Yield Bond Index - 17% תשואת מק""מ לחודש  -1%",2023-02-20,https://www.meitav.co.il/media/nm5d51ij/הצהרת-מדיניות-2023-עדכון-מספר-1.xlsx
512065202,512065202-00000000000163-1560-000,"מיטב פנסיה מקיפה מסלול פאסיבי מדדי אג""ח עד 25% מניות","עדכון מדיניות מדדי ייחוס ל: מדד  MSCI ACWI-17% אג""ח ממשלת ארה""ב מח""מ 5 - 15% Barclays Global Aggregate Corporate Bond Index  -27% Barclays Global High Yield Bond Index - 12% צמוד + 4.8% - 29% תשואת מק""מ לחודש  -1%",2023-02-20,https://www.meitav.co.il/media/nm5d51ij/הצהרת-מדיניות-2023-עדכון-מספר-1.xlsx
512065202,סוף גיליון,,,,https://www.meitav.co.il/media/nm5d51ij/הצהרת-מדיניות-2023-עדכון-מספר-1.xlsx
512065202,512065202-00000000000163-2155-000,,"הקטנת אפיק ""קונצרני"" ב-4%, הגדלת אפיק ""מניות"" ב-4%",2021-05-25,https://www.meitav.co.il/media/xogdffpy/הצהרת-מדיניות-השקעה-לאתר-אינטרנט-עדכון-מספר-1.xlsx
512065202,512065202-00000000000874-7215-000,,"הקטנת אפיק ""קונצרני"" ב-4%, הגדלת אפיק ""מניות"" ב-4%",2021-05-25,https://www.meitav.co.il/media/xogdffpy/הצהרת-מדיניות-השקעה-לאתר-אינטרנט-עדכון-מספר-1.xlsx
512065202,512065202-00000000000660-2158-000,,"הקטנת אפיק ""קונצרני"" ב-4%, הגדלת אפיק ""מניות"" ב-4%",2021-05-25,https://www.meitav.co.il/media/xogdffpy/הצהרת-מדיניות-השקעה-לאתר-אינטרנט-עדכון-מספר-1.xlsx
512065202,512065202-00000000000880-2055-000,,"הסבת המסלול ממסלול מתמחה חו""ל למסלול עוקב מדד S&P 500",2020-07-01,https://www.meitav.co.il/media/sovj2mf2/הצהרה-על-מדיניות-השקעה-2020-אתר-אינטרנט-עדכון2.xlsx
512065202,512065202-00000000000880-13245-000,,מסלול מוסב,2020-07-01,https://www.meitav.co.il/media/sovj2mf2/הצהרה-על-מדיניות-השקעה-2020-אתר-אינטרנט-עדכון2.xlsx
512065202,512065202-00000000000874-2051-000,,"הסבת המסלול ממסלול מתמחה חו""ל למסלול עוקב מדד S&P 500",2020-07-01,https://www.meitav.co.il/media/sovj2mf2/הצהרה-על-מדיניות-השקעה-2020-אתר-אינטרנט-עדכון2.xlsx
512065202,512065202-00000000000874-13246-000,,מסלול מוסב,2020-07-01,https://www.meitav.co.il/media/sovj2mf2/הצהרה-על-מדיניות-השקעה-2020-אתר-אינטרנט-עדכון2.xlsx
512065202,512065202-00000000007857-13259-000,,מסלול השקעה חדש,2020-09-01,https://www.meitav.co.il/media/sovj2mf2/הצהרה-על-מדיניות-השקעה-2020-אתר-אינטרנט-עדכון2.xlsx
512065202,512065202-00000000000163-12966-000,,מסלול השקעה חדש,2020-09-01,https://www.meitav.co.il/media/sovj2mf2/הצהרה-על-מדיניות-השקעה-2020-אתר-אינטרנט-עדכון2.xlsx
512065202,סוף טבלה,,,,https://www.meitav.co.il/media/sovj2mf2/הצהרה-על-מדיניות-השקעה-2020-אתר-אינטרנט-עדכון2.xlsx
512065202,סוף מידע,,,,https://www.meitav.co.il/media/sovj2mf2/הצהרה-על-מדיניות-השקעה-2020-אתר-אינטרנט-עדכון2.xlsx
512065202,512065202-00000000000880-2055-000,,"הסבת המסלול ממסלול מתמחה חו""ל למסלול עוקב מדד S&P 500",2020-07-01,https://www.meitav.co.il/media/ccshc3xx/הצהרה-על-מדיניות-השקעה-2020-אתר-אינטרנט-עדכון1.xlsx
512065202,512065202-00000000000880-13245-000,,מסלול מוסב,2020-07-01,https://www.meitav.co.il/media/ccshc3xx/הצהרה-על-מדיניות-השקעה-2020-אתר-אינטרנט-עדכון1.xlsx
512065202,512065202-00000000000874-2051-000,,"הסבת המסלול ממסלול מתמחה חו""ל למסלול עוקב מדד S&P 500",2020-07-01,https://www.meitav.co.il/media/ccshc3xx/הצהרה-על-מדיניות-השקעה-2020-אתר-אינטרנט-עדכון1.xlsx
512065202,512065202-00000000000874-13246-000,,מסלול מוסב,2020-07-01,https://www.meitav.co.il/media/ccshc3xx/הצהרה-על-מדיניות-השקעה-2020-אתר-אינטרנט-עדכון1.xlsx
512065202,סוף טבלה,,,,https://www.meitav.co.il/media/ccshc3xx/הצהרה-על-מדיניות-השקעה-2020-אתר-אינטרנט-עדכון1.xlsx
512065202,סוף מידע,,,,https://www.meitav.co.il/media/ccshc3xx/הצהרה-על-מדיניות-השקעה-2020-אתר-אינטרנט-עדכון1.xlsx
512065202,512065202-00000000000874-0874-000,,"הסבת המסלול ממסלול כללי למסלול מתמחה אג""ח עד 25% מניות, התאמת מדדי ייחוס בהתאם לשינוי זה.",2019-07-01,https://www.meitav.co.il/media/nkqfkz0i/עותק-של-הצהרת-מדיניות-השקעה-2019-עדכון-1-מונגש-לאתר-אינטרנט.xlsx
512065202,סוף מידע,,,,https://www.meitav.co.il/media/nkqfkz0i/עותק-של-הצהרת-מדיניות-השקעה-2019-עדכון-1-מונגש-לאתר-אינטרנט.xlsx
512065202,512065202-00000000000885-1276-000,מיטב פיצויים סלע,"הגדלת חשיפה למט""ח ב-9%",2023-02-20,https://www.meitav.co.il/media/118031/הצהרת-מדיניות-2023-עדכון-מספר-2.xlsx
512065202,512065202-00000000000880-1353-000,מיטב השתלמות מסלול מעל 6 שנות וותק,"הגדלת חשיפה למט""ח ב-3%",2023-02-20,https://www.meitav.co.il/media/118031/הצהרת-מדיניות-2023-עדכון-מספר-2.xlsx
512065202,512065202-00000000009491-9491-000,מיטב מרכזית להשתתפות בפנסיה תקציבית,"הגדלת חשיפה למט""ח ב-7%",2023-02-20,https://www.meitav.co.il/media/118031/הצהרת-מדיניות-2023-עדכון-מספר-2.xlsx
512065202,512065202-00000000000328-0328-000,קופת תגמולים נייר חדרה,"הגדלת חשיפה למט""ח ב-5%",2023-02-20,https://www.meitav.co.il/media/118031/הצהרת-מדיניות-2023-עדכון-מספר-2.xlsx
512065202,512065202-00000000000885-0886-000,מיטב פיצויים מסלול כללי,"הגדלת חשיפה למט""ח ב-5%",2023-02-20,https://www.meitav.co.il/media/118031/הצהרת-מדיניות-2023-עדכון-מספר-2.xlsx
512065202,512065202-00000000000880-0554-000,מיטב השתלמות עד 6 שנות וותק,"הגדלת חשיפה למט""ח ב-5%",2023-02-20,https://www.meitav.co.il/media/118031/הצהרת-מדיניות-2023-עדכון-מספר-2.xlsx
512065202,512065202-00000000000289-0289-000,מיטב השתלמות של עובדי בנק ישראל,"הגדלת חשיפה למט""ח ב-5%",2023-02-20,https://www.meitav.co.il/media/118031/הצהרת-מדיניות-2023-עדכון-מספר-2.xlsx
512065202,512065202-00000000000120-0923-000,מיטב בטחון ללא הבטחת תשואה,"הגדלת חשיפה למט""ח ב-5%",2023-02-20,https://www.meitav.co.il/media/118031/הצהרת-מדיניות-2023-עדכון-מספר-2.xlsx
512065202,512065202-00000000007857-7978-000,מיטב גמל להשקעה – כללי,"הגדלת חשיפה למט""ח ב-5%",2023-02-20,https://www.meitav.co.il/media/118031/הצהרת-מדיניות-2023-עדכון-מספר-2.xlsx
512065202,512065202-00000000000880-0880-000,מיטב השתלמות כללי,"הגדלת חשיפה למט""ח ב-5%",2023-02-20,https://www.meitav.co.il/media/118031/הצהרת-מדיניות-2023-עדכון-מספר-2.xlsx
512065202,512065202-00000000000163-2155-000,מיטב פנסיה מקיפה עד 50,"הגדלת חשיפה למט""ח ב-6%",2023-02-20,https://www.meitav.co.il/media/118031/הצהרת-מדיניות-2023-עדכון-מספר-2.xlsx
512065202,512065202-00000000000874-7215-000,מיטב גמל לבני 50 ומטה,"הגדלת חשיפה למט""ח ב-6%",2023-02-20,https://www.meitav.co.il/media/118031/הצהרת-מדיניות-2023-עדכון-מספר-2.xlsx
512065202,512065202-00000000000660-2158-000,מיטב פנסיה כללית עד 50,"הגדלת חשיפה למט""ח ב-6%",2023-02-20,https://www.meitav.co.il/media/118031/הצהרת-מדיניות-2023-עדכון-מספר-2.xlsx
512065202,512065202-00000000000874-0103-000,מיטב גמל לבני 50 עד 60,"הגדלת חשיפה למט""ח ב-5%",2023-02-20,https://www.meitav.co.il/media/118031/הצהרת-מדיניות-2023-עדכון-מספר-2.xlsx
512065202,512065202-00000000000660-9972-000,מיטב פנסיה כללית לבני 50 עד 60,"הגדלת חשיפה למט""ח ב-5%",2023-02-20,https://www.meitav.co.il/media/118031/הצהרת-מדיניות-2023-עדכון-מספר-2.xlsx
512065202,512065202-00000000000163-9967-000,מיטב פנסיה מקיפה לבני 50 עד 60,"הגדלת חשיפה למט""ח ב-5%",2023-02-20,https://www.meitav.co.il/media/118031/הצהרת-מדיניות-2023-עדכון-מספר-2.xlsx
512065202,512065202-00000000000874-0551-000,מיטב גמל לבני 60 ומעלה,"הגדלת חשיפה למט""ח ב-5%",2023-02-20,https://www.meitav.co.il/media/118031/הצהרת-מדיניות-2023-עדכון-מספר-2.xlsx
512065202,512065202-00000000000163-9968-000,מיטב פנסיה מקיפה לבני 60 ומעלה,"הגדלת חשיפה למט""ח ב-5%",2023-02-20,https://www.meitav.co.il/media/118031/הצהרת-מדיניות-2023-עדכון-מספר-2.xlsx
512065202,512065202-00000000000660-9973-000,מיטב פנסיה כללית לבני 60 ומעלה,"הגדלת חשיפה למט""ח ב-5%",2023-02-20,https://www.meitav.co.il/media/118031/הצהרת-מדיניות-2023-עדכון-מספר-2.xlsx
512065202,512065202-00000000000163-12157-000,מיטב פנסיה מקיפה פנסיונרים 2018 והלאה,"הגדלת חשיפה למט""ח ב-4%",2023-02-20,https://www.meitav.co.il/media/118031/הצהרת-מדיניות-2023-עדכון-מספר-2.xlsx
512065202,512065202-00000000000660-12158-000,מיטב פנסיה כללית פנסיונרים 2018 והלאה,"הגדלת חשיפה למט""ח ב-5%",2023-02-20,https://www.meitav.co.il/media/118031/הצהרת-מדיניות-2023-עדכון-מספר-2.xlsx
512065202,512065202-00000000011329-11385-000,מיטב חסכון לכל ילד חוסכים המעדיפים סיכון מועט,"הגדלת חשיפה למט""ח ב-5%",2023-02-20,https://www.meitav.co.il/media/118031/הצהרת-מדיניות-2023-עדכון-מספר-2.xlsx
512065202,512065202-00000000011329-11386-000,מיטב חסכון לכל ילד חוסכים המעדיפים סיכון בינוני,"הגדלת חשיפה למט""ח ב-5%",2023-02-20,https://www.meitav.co.il/media/118031/הצהרת-מדיניות-2023-עדכון-מספר-2.xlsx
512065202,512065202-00000000011329-11387-000,מיטב חסכון לכל ילד חוסכים המעדיפים סיכון מוגבר,"הגדלת חשיפה למט""ח ב-5%",2023-02-20,https://www.meitav.co.il/media/118031/הצהרת-מדיניות-2023-עדכון-מספר-2.xlsx
512065202,512065202-00000000000247-9553-000,מיטב אגוד תגמולים לבני 60 ומעלה,"הגדלת חשיפה למט""ח ב-5%",2023-02-20,https://www.meitav.co.il/media/118031/הצהרת-מדיניות-2023-עדכון-מספר-2.xlsx
512065202,512065202-00000000000247-9854-000,מיטב אגוד תגמולים לבני 50 עד 60,"הגדלת חשיפה למט""ח ב-5%",2023-02-20,https://www.meitav.co.il/media/118031/הצהרת-מדיניות-2023-עדכון-מספר-2.xlsx
512065202,512065202-00000000000163-14259-000,מיטב מקיפה משולב סחיר,"הגדלת חשיפה למט""ח ב-6%",2023-02-20,https://www.meitav.co.il/media/118031/הצהרת-מדיניות-2023-עדכון-מספר-2.xlsx
512065202,512065202-00000000000874-14264-000,מיטב גמל משולב סחיר,"הגדלת חשיפה למט""ח ב-5%",2023-02-20,https://www.meitav.co.il/media/118031/הצהרת-מדיניות-2023-עדכון-מספר-2.xlsx
512065202,512065202-00000000000247-14262-000,מיטב אגוד תגמולים משולב סחיר,"הגדלת חשיפה למט""ח ב-5%",2023-02-20,https://www.meitav.co.il/media/118031/הצהרת-מדיניות-2023-עדכון-מספר-2.xlsx
512065202,512065202-00000000000660-14267-000,מיטב כללית משולב סחיר,"הגדלת חשיפה למט""ח ב-5%",2023-02-20,https://www.meitav.co.il/media/118031/הצהרת-מדיניות-2023-עדכון-מספר-2.xlsx
512065202,512065202-00000000000880-0481-000,מיטב השתלמות פאסיבי כללי,"הגדלת חשיפה למט""ח ב-75%",2023-02-20,https://www.meitav.co.il/media/118031/הצהרת-מדיניות-2023-עדכון-מספר-2.xlsx
512065202,512065202-00000000000880-0481-000,מיטב השתלמות פאסיבי כללי,הקטנת חשיפה למניות ב- 5% ועדכון מדדי ייחוס,2023-02-20,https://www.meitav.co.il/media/118031/הצהרת-מדיניות-2023-עדכון-מספר-2.xlsx
512065202,512065202-00000000000880-0481-000,מיטב השתלמות פאסיבי כללי,"שינוי מדד ייחוס באפיק ממשלתי לאג""ח ארה""ב מח""מ 5",2023-02-20,https://www.meitav.co.il/media/118031/הצהרת-מדיניות-2023-עדכון-מספר-2.xlsx
512065202,512065202-00000000000880-0481-000,מיטב השתלמות פאסיבי כללי,הגדלה באפיק הקונצרני ב-6% ושינוי מדדי הייחוס.,2023-02-20,https://www.meitav.co.il/media/118031/הצהרת-מדיניות-2023-עדכון-מספר-2.xlsx
512065202,512065202-00000000007857-7979-000,מיטב גמל להשקעה - כללי פאסיבי,"הגדלת חשיפה למט""ח ב-75%",2023-02-20,https://www.meitav.co.il/media/118031/הצהרת-מדיניות-2023-עדכון-מספר-2.xlsx
512065202,512065202-00000000007857-7979-000,מיטב גמל להשקעה - כללי פאסיבי,הקטנת חשיפה למניות ב- 5% ועדכון מדדי ייחוס,2023-02-20,https://www.meitav.co.il/media/118031/הצהרת-מדיניות-2023-עדכון-מספר-2.xlsx
512065202,512065202-00000000007857-7979-000,מיטב גמל להשקעה - כללי פאסיבי,"שינוי מדד ייחוס באפיק ממשלתי לאג""ח ארה""ב מח""מ 5",2023-02-20,https://www.meitav.co.il/media/118031/הצהרת-מדיניות-2023-עדכון-מספר-2.xlsx
512065202,512065202-00000000007857-7979-000,מיטב גמל להשקעה - כללי פאסיבי,הגדלה באפיק הקונצרני ב-6% ושינוי מדדי הייחוס.,2023-02-20,https://www.meitav.co.il/media/118031/הצהרת-מדיניות-2023-עדכון-מספר-2.xlsx
512065202,512065202-00000000000874-1692-000,"מיטב גמל מסלול פאסיבי מדדי אג""ח עד 25% במדדי מניות","עדכון מדיניות מדדי ייחוס ל: מדד  MSCI ACWI-22% אג""ח ממשלת ארה""ב מח""מ 5 - 22% Barclays Global Aggregate Corporate Bond Index  -38% Barclays Global High Yield Bond Index - 17% תשואת מק""מ לחודש  -1%",2023-02-20,https://www.meitav.co.il/media/118031/הצהרת-מדיניות-2023-עדכון-מספר-2.xlsx
512065202,512065202-00000000000163-1560-000,"מיטב פנסיה מקיפה מסלול פאסיבי מדדי אג""ח עד 25% מניות","עדכון מדיניות מדדי ייחוס ל: מדד  MSCI ACWI-17% אג""ח ממשלת ארה""ב מח""מ 5 - 15% Barclays Global Aggregate Corporate Bond Index  -27% Barclays Global High Yield Bond Index - 12% צמוד + 4.8% - 29% תשואת מק""מ לחודש  -1%",2023-02-20,https://www.meitav.co.il/media/118031/הצהרת-מדיניות-2023-עדכון-מספר-2.xlsx
512065202,512065202-00000000007857-7981-000,"מיטב גמל להשקעה אג""ח עד 10% מניות","עדכון מדדי ייחוס ל: מדד ACWI - 8% Barclays Global Aggregate Corporate Bond Index  - 34% Barclays Global high Yield Bond Index  - 16% ממשלת ארה""ב מח""מ 5 - 40%",2023-03-15,https://www.meitav.co.il/media/118031/הצהרת-מדיניות-2023-עדכון-מספר-2.xlsx
512065202,512065202-00000000007857-7981-000,"מיטב גמל להשקעה אג""ח עד 10% מניות","הגדלת חשיפה למט""ח ב-85%",2023-03-15,https://www.meitav.co.il/media/118031/הצהרת-מדיניות-2023-עדכון-מספר-2.xlsx
512065202,512065202-00000000000874-14264-000,מיטב גמל משולב סחיר,הקטנה חשיפה למניות ב39% ושינוי מדדי ייחוס,2023-03-15,https://www.meitav.co.il/media/118031/הצהרת-מדיניות-2023-עדכון-מספר-2.xlsx
512065202,512065202-00000000000874-14264-000,מיטב גמל משולב סחיר,הגדלה באפיק ממשלתי ב-24% ושינוי מדד ייחוס,2023-03-15,https://www.meitav.co.il/media/118031/הצהרת-מדיניות-2023-עדכון-מספר-2.xlsx
512065202,512065202-00000000000874-14264-000,מיטב גמל משולב סחיר,הגדלה באפיק הקונצרני ב-15% ושינוי מדד ייחוס,2023-03-15,https://www.meitav.co.il/media/118031/הצהרת-מדיניות-2023-עדכון-מספר-2.xlsx
512065202,512065202-00000000000874-14264-000,מיטב גמל משולב סחיר,"הגדלת חשיפה למט""ח ב-77%",2023-03-15,https://www.meitav.co.il/media/118031/הצהרת-מדיניות-2023-עדכון-מספר-2.xlsx
512065202,סוף גיליון,,,,https://www.meitav.co.il/media/118031/הצהרת-מדיניות-2023-עדכון-מספר-2.xlsx
512065202,512065202-00000000000880-15356-000,מיטב השתלמות עוקב מדדי מניות,עדכון מדדי ייחוס  ל -US Listed Semiconductor 25 Index-MVSMHTR-40% Consumer Discretionary Sector Index-IXYTR-20% Communication Services Sector Index-IXCTR-20% software &services industry group gics level 2 index-S5SFTW-10% technology hardware & equipment  industry group gics level 2 index-S5TECH-10%,2026-09-29,https://www.meitav.co.il/media/jihk3fdp/הצהרת-מדיניות-השקעות-לשנת-2026-עדכון-מספר-2.xlsx
512065202,512065202-00000000000660-15362-000,מיטב פנסיה כללית עוקב מדדי מניות,עדכון מדדי ייחוס  ל -US Listed Semiconductor 25 Index-MVSMHTR-40% Consumer Discretionary Sector Index-IXYTR-20% Communication Services Sector Index-IXCTR-20% software &services industry group gics level 2 index-S5SFTW-10% technology hardware & equipment  industry group gics level 2 index-S5TECH-10%,2026-09-29,https://www.meitav.co.il/media/jihk3fdp/הצהרת-מדיניות-השקעות-לשנת-2026-עדכון-מספר-2.xlsx
512065202,512065202-00000000000163-1589-000,מיטב פנסיה מקיפה עוקב מדדי מניות,עדכון מדדי ייחוס  ל -US Listed Semiconductor 25 Index-MVSMHTR-40% Consumer Discretionary Sector Index-IXYTR-20% Communication Services Sector Index-IXCTR-20% software &services industry group gics level 2 index-S5SFTW-10% technology hardware & equipment  industry group gics level 2 index-S5TECH-10%,2026-09-29,https://www.meitav.co.il/media/jihk3fdp/הצהרת-מדיניות-השקעות-לשנת-2026-עדכון-מספר-2.xlsx
512065202,512065202-00000000000874-1689-000,מיטב גמל עוקב מדדי מניות,עדכון מדדי ייחוס  ל -US Listed Semiconductor 25 Index-MVSMHTR-40% Consumer Discretionary Sector Index-IXYTR-20% Communication Services Sector Index-IXCTR-20% software &services industry group gics level 2 index-S5SFTW-10% technology hardware & equipment  industry group gics level 2 index-S5TECH-10%,2026-09-29,https://www.meitav.co.il/media/jihk3fdp/הצהרת-מדיניות-השקעות-לשנת-2026-עדכון-מספר-2.xlsx
512065202,512065202-00000000007857-7867-000,מיטב גמל להשקעה עוקב מדדי מניות,עדכון מדדי ייחוס  ל -US Listed Semiconductor 25 Index-MVSMHTR-40% Consumer Discretionary Sector Index-IXYTR-20% Communication Services Sector Index-IXCTR-20% software &services industry group gics level 2 index-S5SFTW-10% technology hardware & equipment  industry group gics level 2 index-S5TECH-10%,2026-09-29,https://www.meitav.co.il/media/jihk3fdp/הצהרת-מדיניות-השקעות-לשנת-2026-עדכון-מספר-2.xlsx
512065202,כל המסלולים,כל המסלולים,הורדת מגבלת מזומן ממדיניות ההשקעות הצפוייה,2026-09-29,https://www.meitav.co.il/media/jihk3fdp/הצהרת-מדיניות-השקעות-לשנת-2026-עדכון-מספר-2.xlsx
513621110,אינפיניטי גמל מניות (1536),אינפיניטי גמל מניות (1536),"אג""ח ממשלתי: הופחת אפיק אג""ח ממשלתי ל-10%",2025-07-29,https://infinity.co.il/wp-content/uploads/2025/10/עותק-של-מדיניות-השקעה-מוצהרת-אתר-החברה-15.9.25-1.xls
513621110,,,פקדונות: פתיחת מסלול חדש,2025-07-29,https://infinity.co.il/wp-content/uploads/2025/10/עותק-של-מדיניות-השקעה-מוצהרת-אתר-החברה-15.9.25-1.xls
513621110,אינפיניטי גמל עוקב מדד S&P (14919),אינפיניטי גמל עוקב מדד S&P (14919),"אג""ח ממשלתי: הופחת אפיק אג""ח ממשלתי ל-15%",2025-07-29,https://infinity.co.il/wp-content/uploads/2025/10/עותק-של-מדיניות-השקעה-מוצהרת-אתר-החברה-15.9.25-1.xls
513621110,,,פקדונות: פתיחת מסלול חדש,2025-07-29,https://infinity.co.il/wp-content/uploads/2025/10/עותק-של-מדיניות-השקעה-מוצהרת-אתר-החברה-15.9.25-1.xls
513621110,אינפיניטי גמל עוקב מדדי מניות (15423),אינפיניטי גמל עוקב מדדי מניות (15423),"אג""ח ממשלתי: הופחת אפיק אג""ח ממשלתי ל-15%",2025-07-29,https://infinity.co.il/wp-content/uploads/2025/10/עותק-של-מדיניות-השקעה-מוצהרת-אתר-החברה-15.9.25-1.xls
513621110,,,פקדונות: פתיחת מסלול חדש,2025-07-29,https://infinity.co.il/wp-content/uploads/2025/10/עותק-של-מדיניות-השקעה-מוצהרת-אתר-החברה-15.9.25-1.xls
513621110,אינפיניטי השתלמות מניות (1537),אינפיניטי השתלמות מניות (1537),"אג""ח ממשלתי: הופחת אפיק אג""ח ממשלתי ל-10%",2025-07-29,https://infinity.co.il/wp-content/uploads/2025/10/עותק-של-מדיניות-השקעה-מוצהרת-אתר-החברה-15.9.25-1.xls
513621110,,,פקדונות: פתיחת מסלול חדש,2025-07-29,https://infinity.co.il/wp-content/uploads/2025/10/עותק-של-מדיניות-השקעה-מוצהרת-אתר-החברה-15.9.25-1.xls
513621110,אינפיניטי השתלמות עוקב מדד S&P (14920),אינפיניטי השתלמות עוקב מדד S&P (14920),"אג""ח ממשלתי: הופחת אפיק אג""ח ממשלתי ל-15%",2025-07-29,https://infinity.co.il/wp-content/uploads/2025/10/עותק-של-מדיניות-השקעה-מוצהרת-אתר-החברה-15.9.25-1.xls
513621110,,,פקדונות: פתיחת מסלול חדש,2025-07-29,https://infinity.co.il/wp-content/uploads/2025/10/עותק-של-מדיניות-השקעה-מוצהרת-אתר-החברה-15.9.25-1.xls
513621110,אינפיניטי השתלמות הלכה (14922),אינפיניטי השתלמות הלכה (14922),"אג""ח ממשלתי: הופחת אפיק אג""ח ממשלתי ל-30%",2025-07-29,https://infinity.co.il/wp-content/uploads/2025/10/עותק-של-מדיניות-השקעה-מוצהרת-אתר-החברה-15.9.25-1.xls
513621110,,,פקדונות: פתיחת מסלול חדש,2025-07-29,https://infinity.co.il/wp-content/uploads/2025/10/עותק-של-מדיניות-השקעה-מוצהרת-אתר-החברה-15.9.25-1.xls
513621110,אינפיניטי גמל להשקעה מניות (11407),אינפיניטי גמל להשקעה מניות (11407),"חשיפה למט""ח: הופחת אפיק החשיפה למט""ח ל-36%",2025-07-29,https://infinity.co.il/wp-content/uploads/2025/10/עותק-של-מדיניות-השקעה-מוצהרת-אתר-החברה-15.9.25-1.xls
513621110,אינפיניטי גמל להשקעה הלכה (12540),אינפיניטי גמל להשקעה הלכה (12540),"אג""ח ממשלתי: הופחת אפיק אג""ח ממשלתי ל-35%",2025-07-29,https://infinity.co.il/wp-content/uploads/2025/10/עותק-של-מדיניות-השקעה-מוצהרת-אתר-החברה-15.9.25-1.xls
513621110,,,פקדונות: פתיחת מסלול חדש,2025-07-29,https://infinity.co.il/wp-content/uploads/2025/10/עותק-של-מדיניות-השקעה-מוצהרת-אתר-החברה-15.9.25-1.xls
513621110,אינפיניטי גמל להשקעה עוקב מדד S&P (14923),אינפיניטי גמל להשקעה עוקב מדד S&P (14923),"אג""ח ממשלתי: הופחת אפיק אג""ח ממשלתי ל-15%",2025-07-29,https://infinity.co.il/wp-content/uploads/2025/10/עותק-של-מדיניות-השקעה-מוצהרת-אתר-החברה-15.9.25-1.xls
513621110,,,פקדונות: פתיחת מסלול חדש,2025-07-29,https://infinity.co.il/wp-content/uploads/2025/10/עותק-של-מדיניות-השקעה-מוצהרת-אתר-החברה-15.9.25-1.xls
513621110,אינפיניטי גמל להשקעה עוקב מדדי מניות (14924),אינפיניטי גמל להשקעה עוקב מדדי מניות (14924),"אג""ח ממשלתי: הופחת אפיק אג""ח ממשלתי ל-15%",2025-07-29,https://infinity.co.il/wp-content/uploads/2025/10/עותק-של-מדיניות-השקעה-מוצהרת-אתר-החברה-15.9.25-1.xls
513621110,,,"אחר (קרנות השקעה, פקדונות  והלוואות לעמיתים): אפיק 'אחר' עלה ל-5%",2025-07-29,https://infinity.co.il/wp-content/uploads/2025/10/עותק-של-מדיניות-השקעה-מוצהרת-אתר-החברה-15.9.25-1.xls
513621110,אינפיניטי פנסיה מקיפה עוקב מדדי מניות (14040),אינפיניטי פנסיה מקיפה עוקב מדדי מניות (14040),"אג""ח ממשלתי: הופחת אפיק אג""ח ממשלתי ל-5%",2025-07-29,https://infinity.co.il/wp-content/uploads/2025/10/עותק-של-מדיניות-השקעה-מוצהרת-אתר-החברה-15.9.25-1.xls
513621110,,,פקדונות: פתיחת מסלול חדש,2025-07-29,https://infinity.co.il/wp-content/uploads/2025/10/עותק-של-מדיניות-השקעה-מוצהרת-אתר-החברה-15.9.25-1.xls
513621110,אינפיניטי פנסיה מקיפה עוקב מדד S&P (14054),אינפיניטי פנסיה מקיפה עוקב מדד S&P (14054),"אג""ח ממשלתי: הופחת אפיק אג""ח ממשלתי ל-5%",2025-07-29,https://infinity.co.il/wp-content/uploads/2025/10/עותק-של-מדיניות-השקעה-מוצהרת-אתר-החברה-15.9.25-1.xls
513621110,,,פקדונות: פתיחת מסלול חדש,2025-07-29,https://infinity.co.il/wp-content/uploads/2025/10/עותק-של-מדיניות-השקעה-מוצהרת-אתר-החברה-15.9.25-1.xls
513621110,אינפיניטי פנסיה מקיפה הלכה (14042),אינפיניטי פנסיה מקיפה הלכה (14042),"אג""ח ממשלתי: הופחת אפיק אג""ח ממשלתי ל-10%",2025-07-29,https://infinity.co.il/wp-content/uploads/2025/10/עותק-של-מדיניות-השקעה-מוצהרת-אתר-החברה-15.9.25-1.xls
513621110,,,פקדונות: פתיחת מסלול חדש,2025-07-29,https://infinity.co.il/wp-content/uploads/2025/10/עותק-של-מדיניות-השקעה-מוצהרת-אתר-החברה-15.9.25-1.xls
513621110,אינפיניטי פנסיה כללית עוקב מדדי מניות (14048),אינפיניטי פנסיה כללית עוקב מדדי מניות (14048),"אג""ח ממשלתי: הופחת אפיק אג""ח ממשלתי ל-20%",2025-07-29,https://infinity.co.il/wp-content/uploads/2025/10/עותק-של-מדיניות-השקעה-מוצהרת-אתר-החברה-15.9.25-1.xls
513621110,,,"אחר (קרנות השקעה, פקדונות  והלוואות לעמיתים): אפיק 'אחר' עלה ל-5%",2025-07-29,https://infinity.co.il/wp-content/uploads/2025/10/עותק-של-מדיניות-השקעה-מוצהרת-אתר-החברה-15.9.25-1.xls
513621110,אינפיניטי פנסיה כללית עוקב מדד S&P (14058),אינפיניטי פנסיה כללית עוקב מדד S&P (14058),"אג""ח ממשלתי: הופחת אפיק אג""ח ממשלתי ל-10%",2025-07-29,https://infinity.co.il/wp-content/uploads/2025/10/עותק-של-מדיניות-השקעה-מוצהרת-אתר-החברה-15.9.25-1.xls
513621110,,,פקדונות: פתיחת מסלול חדש,2025-07-29,https://infinity.co.il/wp-content/uploads/2025/10/עותק-של-מדיניות-השקעה-מוצהרת-אתר-החברה-15.9.25-1.xls
513621110,אינפיניטי חיסכון לכל ילד הלכה (11914),אינפיניטי חיסכון לכל ילד הלכה (11914),"אג""ח ממשלתי: הופחת אפיק אג""ח ממשלתי ל-30%",2025-07-16,https://infinity.co.il/wp-content/uploads/2025/10/עותק-של-מדיניות-השקעה-מוצהרת-אתר-החברה-15.9.25-1.xls
513621110,,,פקדונות: פתיחת מסלול חדש,2025-07-16,https://infinity.co.il/wp-content/uploads/2025/10/עותק-של-מדיניות-השקעה-מוצהרת-אתר-החברה-15.9.25-1.xls
513621110,אינפיניטי גמל מניות (1536),אינפיניטי גמל מניות (1536),"חשיפה למט""ח: הופחת אפיק החשיפה למט""ח ל-29%",2026-01-14,https://infinity.co.il/wp-content/uploads/2026/09/‏‏‏‏מדיניות-השקעה-מוצהרת-עדכון-8.2026.xls
513621110,אינפיניטי השתלמות מניות (1537),אינפיניטי השתלמות מניות (1537),"חשיפה למט""ח: הופחת אפיק החשיפה למט""ח ל-29%",2026-01-14,https://infinity.co.il/wp-content/uploads/2026/09/‏‏‏‏מדיניות-השקעה-מוצהרת-עדכון-8.2026.xls
513621110,"אינפיניטי השתלמות אג""ח ממשלות","אינפיניטי השתלמות אג""ח ממשלות","חשיפה לאג""ח ממשלתי: הפחתת החשיפה לאפיק אג""ח ממשלתי ל-85%",2026-02-25,https://infinity.co.il/wp-content/uploads/2026/09/‏‏‏‏מדיניות-השקעה-מוצהרת-עדכון-8.2026.xls
513621110,"אינפיניטי השתלמות אג""ח ממשלות","אינפיניטי השתלמות אג""ח ממשלות","חשיפה לאג""ח חברות: הגדלת החשיפה לאפיק אג""ח חברות ל-4%",2027-02-25,https://infinity.co.il/wp-content/uploads/2026/09/‏‏‏‏מדיניות-השקעה-מוצהרת-עדכון-8.2026.xls
513621110,אינפיניטי גמל להשקעה מניות (11407),אינפיניטי גמל להשקעה מניות (11407),"חשיפה למט""ח: הופחת אפיק החשיפה למט""ח ל-29%",2026-01-14,https://infinity.co.il/wp-content/uploads/2026/09/‏‏‏‏מדיניות-השקעה-מוצהרת-עדכון-8.2026.xls
513621110,אינפיניטי פנסיה כללית מסלול מניות (15686),אינפיניטי פנסיה כללית מסלול מניות (15686),"חשיפה למט""ח: הופחת אפיק החשיפה למט""ח ל-30%",2026-01-14,https://infinity.co.il/wp-content/uploads/2026/09/‏‏‏‏מדיניות-השקעה-מוצהרת-עדכון-8.2026.xls
513621110,אינפיניטי חיסכון לכל ילד סיכון מוגבר (11373),אינפיניטי חיסכון לכל ילד סיכון מוגבר (11373),"חשיפה למט""ח: הופחת אפיק החשיפה למט""ח ל-29%",2026-01-14,https://infinity.co.il/wp-content/uploads/2026/09/‏‏‏‏מדיניות-השקעה-מוצהרת-עדכון-8.2026.xls
513621110,אינפיניטי פיצויים סל מניות (1211),אינפיניטי פיצויים סל מניות (1211),"חשיפה למט""ח: הופחת אפיק החשיפה למט""ח ל-29%",2026-01-14,https://infinity.co.il/wp-content/uploads/2026/09/‏‏‏‏מדיניות-השקעה-מוצהרת-עדכון-8.2026.xls
513621110,אינפיניטי השתלמות הלכה (14922),אינפיניטי השתלמות הלכה (14922), פקדונות: הפחת אפיק הפקדונות ב5% ל-10%,2026-08-01,https://infinity.co.il/wp-content/uploads/2026/09/‏‏‏‏מדיניות-השקעה-מוצהרת-עדכון-8.2026.xls
513621110,אינפיניטי השתלמות הלכה (14922),אינפיניטי השתלמות הלכה (14922),"אג""ח ממשלתי : הגדלת החשיפה לאפיק אג""ח ממשלתי ב5% ל-35%",2026-08-01,https://infinity.co.il/wp-content/uploads/2026/09/‏‏‏‏מדיניות-השקעה-מוצהרת-עדכון-8.2026.xls
513621110,אינפיניטי גמל להשקעה הלכה (12540),אינפיניטי גמל להשקעה הלכה (12540), פקדונות: הפחת אפיק הפקדונות ב5% ל-10%,2026-08-01,https://infinity.co.il/wp-content/uploads/2026/09/‏‏‏‏מדיניות-השקעה-מוצהרת-עדכון-8.2026.xls
513621110,אינפיניטי חיסכון לכל ילד הלכה (11914),אינפיניטי חיסכון לכל ילד הלכה (11914), פקדונות: הפחת אפיק הפקדונות ב5% ל-10%,2026-08-01,https://infinity.co.il/wp-content/uploads/2026/09/‏‏‏‏מדיניות-השקעה-מוצהרת-עדכון-8.2026.xls
513621110,אינפיניטי חיסכון לכל ילד הלכה (11914),אינפיניטי חיסכון לכל ילד הלכה (11914),"אג""ח ממשלתי : הגדלת החשיפה לאפיק אג""ח ממשלתי ב10% ל-40%",2026-08-01,https://infinity.co.il/wp-content/uploads/2026/09/‏‏‏‏מדיניות-השקעה-מוצהרת-עדכון-8.2026.xls
513621110,אינפיניטי גמל מניות (1536),אינפיניטי גמל מניות (1536), פקדונות: הפחת אפיק הפקדונות ב5% ל-5%,2026-08-01,https://infinity.co.il/wp-content/uploads/2026/09/‏‏‏‏מדיניות-השקעה-מוצהרת-עדכון-8.2026.xls
513621110,אינפיניטי השתלמות מניות (1537),אינפיניטי השתלמות מניות (1537), פקדונות: הפחת אפיק הפקדונות ב5% ל-5%,2026-08-01,https://infinity.co.il/wp-content/uploads/2026/09/‏‏‏‏מדיניות-השקעה-מוצהרת-עדכון-8.2026.xls
513621110,אינפיניטי גמל עוקב מדדי מניות (15423),אינפיניטי גמל עוקב מדדי מניות (15423), פקדונות: הפחת אפיק הפקדונות ב5% ל-5%,2026-08-01,https://infinity.co.il/wp-content/uploads/2026/09/‏‏‏‏מדיניות-השקעה-מוצהרת-עדכון-8.2026.xls
513621110,אינפיניטי גמל עוקב מדדי מניות (15423),אינפיניטי גמל עוקב מדדי מניות (15423),"אג""ח ממשלתי : הפחתת החשיפה לאפיק אג""ח ממשלתי ב5% ל-15%",2026-08-01,https://infinity.co.il/wp-content/uploads/2026/09/‏‏‏‏מדיניות-השקעה-מוצהרת-עדכון-8.2026.xls
513621110,אינפיניטי השתלמות עוקב מדדי מניות (14921),אינפיניטי השתלמות עוקב מדדי מניות (14921),"אג""ח ממשלתי : הפחתת החשיפה לאפיק אג""ח ממשלתי ב5% ל-15%",2026-08-01,https://infinity.co.il/wp-content/uploads/2026/09/‏‏‏‏מדיניות-השקעה-מוצהרת-עדכון-8.2026.xls
513621110,אינפיניטי השתלמות עוקב מדד S&P (14920),אינפיניטי השתלמות עוקב מדד S&P (14920), פקדונות: הפחת אפיק הפקדונות ב11% ל-5%,2026-08-01,https://infinity.co.il/wp-content/uploads/2026/09/‏‏‏‏מדיניות-השקעה-מוצהרת-עדכון-8.2026.xls
513621110,אינפיניטי השתלמות עוקב מדד S&P (14920),אינפיניטי השתלמות עוקב מדד S&P (14920),"אג""ח ממשלתי : הגדלת החשיפה לאפיק אג""ח ממשלתי ב25% ל-40%",2026-08-01,https://infinity.co.il/wp-content/uploads/2026/09/‏‏‏‏מדיניות-השקעה-מוצהרת-עדכון-8.2026.xls
513621110,אינפיניטי גמל עוקב מדד S&P (14919),אינפיניטי גמל עוקב מדד S&P (14919), פקדונות: הפחת אפיק הפקדונות ב11% ל-5%,2026-08-01,https://infinity.co.il/wp-content/uploads/2026/09/‏‏‏‏מדיניות-השקעה-מוצהרת-עדכון-8.2026.xls
513621110,אינפיניטי גמל עוקב מדד S&P (14919),אינפיניטי גמל עוקב מדד S&P (14919),"אג""ח ממשלתי : הגדלת החשיפה לאפיק אג""ח ממשלתי ב25% ל-40%",2026-08-01,https://infinity.co.il/wp-content/uploads/2026/09/‏‏‏‏מדיניות-השקעה-מוצהרת-עדכון-8.2026.xls
513621110,אינפיניטי גמל להשקעה עוקב מדד S&P (14923),אינפיניטי גמל להשקעה עוקב מדד S&P (14923), פקדונות: הפחת אפיק הפקדונות ב11% ל-5%,2026-08-01,https://infinity.co.il/wp-content/uploads/2026/09/‏‏‏‏מדיניות-השקעה-מוצהרת-עדכון-8.2026.xls
513621110,אינפיניטי גמל להשקעה עוקב מדד S&P (14923),אינפיניטי גמל להשקעה עוקב מדד S&P (14923),"אג""ח ממשלתי : הגדלת החשיפה לאפיק אג""ח ממשלתי ב25% ל-40%",2026-08-01,https://infinity.co.il/wp-content/uploads/2026/09/‏‏‏‏מדיניות-השקעה-מוצהרת-עדכון-8.2026.xls
513621110,אינפיניטי פנסיה מקיפה עוקב מדד S&P (14054),אינפיניטי פנסיה מקיפה עוקב מדד S&P (14054), פקדונות: הפחת אפיק הפקדונות ב5% ל-5%,2026-08-01,https://infinity.co.il/wp-content/uploads/2026/09/‏‏‏‏מדיניות-השקעה-מוצהרת-עדכון-8.2026.xls
513621110,אינפיניטי פנסיה מקיפה עוקב מדד S&P (14054),אינפיניטי פנסיה מקיפה עוקב מדד S&P (14054),"אג""ח ממשלתי : הגדלת החשיפה לאפיק אג""ח ממשלתי ב15% ל-20%",2026-08-01,https://infinity.co.il/wp-content/uploads/2026/09/‏‏‏‏מדיניות-השקעה-מוצהרת-עדכון-8.2026.xls
513621110,אינפיניטי פנסיה כללית עוקב מדד S&P (14058),אינפיניטי פנסיה כללית עוקב מדד S&P (14058), פקדונות: הפחת אפיק הפקדונות ב11% ל-5%,2026-08-01,https://infinity.co.il/wp-content/uploads/2026/09/‏‏‏‏מדיניות-השקעה-מוצהרת-עדכון-8.2026.xls
513621110,אינפיניטי פנסיה כללית עוקב מדד S&P (14058),אינפיניטי פנסיה כללית עוקב מדד S&P (14058),"אג""ח ממשלתי : הגדלת החשיפה לאפיק אג""ח ממשלתי ב10% ל-20%",2026-08-01,https://infinity.co.il/wp-content/uploads/2026/09/‏‏‏‏מדיניות-השקעה-מוצהרת-עדכון-8.2026.xls
513621110,אינפיניטי פנסיה כללית עוקב מדדי מניות (14048),אינפיניטי פנסיה כללית עוקב מדדי מניות (14048), פקדונות: הגדל אפיק הפקדונות ב5% ל-10%,2026-08-01,https://infinity.co.il/wp-content/uploads/2026/09/‏‏‏‏מדיניות-השקעה-מוצהרת-עדכון-8.2026.xls
513621110,אינפיניטי פנסיה מקיפה עוקב מדדי מניות (14040),אינפיניטי פנסיה מקיפה עוקב מדדי מניות (14040), פקדונות: הפחת אפיק הפקדונות ב5% ל-5%,2026-08-01,https://infinity.co.il/wp-content/uploads/2026/09/‏‏‏‏מדיניות-השקעה-מוצהרת-עדכון-8.2026.xls
513621110,אינפיניטי גמל מניות (1536),אינפיניטי גמל מניות (1536),"חשיפה למט""ח: הופחת אפיק החשיפה למט""ח ל-29%",2026-01-14,https://infinity.co.il/wp-content/uploads/2026/03/עותק-של-סופי-מדיניות-השקעה-מוצהרת-2026-.xls
513621110,אינפיניטי השתלמות מניות (1537),אינפיניטי השתלמות מניות (1537),"חשיפה למט""ח: הופחת אפיק החשיפה למט""ח ל-29%",2026-01-14,https://infinity.co.il/wp-content/uploads/2026/03/עותק-של-סופי-מדיניות-השקעה-מוצהרת-2026-.xls
513621110,אינפיניטי גמל להשקעה מניות (11407),אינפיניטי גמל להשקעה מניות (11407),"חשיפה למט""ח: הופחת אפיק החשיפה למט""ח ל-29%",2026-01-14,https://infinity.co.il/wp-content/uploads/2026/03/עותק-של-סופי-מדיניות-השקעה-מוצהרת-2026-.xls
513621110,אינפיניטי פנסיה כללית מסלול מניות (15686),אינפיניטי פנסיה כללית מסלול מניות (15686),"חשיפה למט""ח: הופחת אפיק החשיפה למט""ח ל-30%",2026-01-14,https://infinity.co.il/wp-content/uploads/2026/03/עותק-של-סופי-מדיניות-השקעה-מוצהרת-2026-.xls
513621110,אינפיניטי חיסכון לכל ילד סיכון מוגבר (11373),אינפיניטי חיסכון לכל ילד סיכון מוגבר (11373),"חשיפה למט""ח: הופחת אפיק החשיפה למט""ח ל-29%",2026-01-14,https://infinity.co.il/wp-content/uploads/2026/03/עותק-של-סופי-מדיניות-השקעה-מוצהרת-2026-.xls
513621110,אינפיניטי פיצויים סל מניות (1211),אינפיניטי פיצויים סל מניות (1211),"חשיפה למט""ח: הופחת אפיק החשיפה למט""ח ל-29%",2026-01-14,https://infinity.co.il/wp-content/uploads/2026/03/עותק-של-סופי-מדיניות-השקעה-מוצהרת-2026-.xls
513621110,אינפיניטי גמל מניות (1536),אינפיניטי גמל מניות (1536),"חשיפה למט""ח: הופחת אפיק החשיפה למט""ח ל-29%",2026-01-14,https://infinity.co.il/wp-content/uploads/2026/03/עותק-של-סופי-מדיניות-השקעה-מוצהרת-2026-1-1.xls
513621110,אינפיניטי השתלמות מניות (1537),אינפיניטי השתלמות מניות (1537),"חשיפה למט""ח: הופחת אפיק החשיפה למט""ח ל-29%",2026-01-14,https://infinity.co.il/wp-content/uploads/2026/03/עותק-של-סופי-מדיניות-השקעה-מוצהרת-2026-1-1.xls
513621110,"אינפיניטי השתלמות אג""ח ממשלות","אינפיניטי השתלמות אג""ח ממשלות","חשיפה לאג""ח ממשלתי: הפחתת החשיפה לאפיק אג""ח ממשלתי ל-85%",2026-02-25,https://infinity.co.il/wp-content/uploads/2026/03/עותק-של-סופי-מדיניות-השקעה-מוצהרת-2026-1-1.xls
513621110,"אינפיניטי השתלמות אג""ח ממשלות","אינפיניטי השתלמות אג""ח ממשלות","חשיפה לאג""ח חברות: הגדלת החשיפה לאפיק אג""ח חברות ל-4%",2027-02-25,https://infinity.co.il/wp-content/uploads/2026/03/עותק-של-סופי-מדיניות-השקעה-מוצהרת-2026-1-1.xls
513621110,אינפיניטי גמל להשקעה מניות (11407),אינפיניטי גמל להשקעה מניות (11407),"חשיפה למט""ח: הופחת אפיק החשיפה למט""ח ל-29%",2026-01-14,https://infinity.co.il/wp-content/uploads/2026/03/עותק-של-סופי-מדיניות-השקעה-מוצהרת-2026-1-1.xls
513621110,אינפיניטי פנסיה כללית מסלול מניות (15686),אינפיניטי פנסיה כללית מסלול מניות (15686),"חשיפה למט""ח: הופחת אפיק החשיפה למט""ח ל-30%",2026-01-14,https://infinity.co.il/wp-content/uploads/2026/03/עותק-של-סופי-מדיניות-השקעה-מוצהרת-2026-1-1.xls
513621110,אינפיניטי חיסכון לכל ילד סיכון מוגבר (11373),אינפיניטי חיסכון לכל ילד סיכון מוגבר (11373),"חשיפה למט""ח: הופחת אפיק החשיפה למט""ח ל-29%",2026-01-14,https://infinity.co.il/wp-content/uploads/2026/03/עותק-של-סופי-מדיניות-השקעה-מוצהרת-2026-1-1.xls
513621110,אינפיניטי פיצויים סל מניות (1211),אינפיניטי פיצויים סל מניות (1211),"חשיפה למט""ח: הופחת אפיק החשיפה למט""ח ל-29%",2026-01-14,https://infinity.co.il/wp-content/uploads/2026/03/עותק-של-סופי-מדיניות-השקעה-מוצהרת-2026-1-1.xls
