detected,legal_id,company,kind,page,text,href
2026-09-30T21:13:38+00:00,513173393,"אלטשולר שחם גמל ופנסיה בע""מ",new_item,https://online.as-invest.co.il/periodic-reports-and-tax-certificates?utm_source=web&utm_medium=link&utm_campaign=reports_explein,(iframe),https://www.google.com/recaptcha/api2/anchor?ar=1&k=6LfgNZEUAAAAAGrrgqFZP1RTjwQvMJZr6dI-gePO&co=aHR0cHM6Ly9vbmxpbmUuYXMtaW52ZXN0LmNvLmlsOjQ0Mw..&hl=iw&v=M3Y7JiHDsN9LioFC-iZZqjKA&size=invisible&anchor-ms=20000&execute-ms=30000&cb=p68ju8c7en2q
2026-09-30T21:13:38+00:00,513173393,"אלטשולר שחם גמל ופנסיה בע""מ",removed_item,https://online.as-invest.co.il/periodic-reports-and-tax-certificates?utm_source=web&utm_medium=link&utm_campaign=reports_explein,(iframe),https://www.google.com/recaptcha/api2/anchor?ar=1&k=6LfgNZEUAAAAAGrrgqFZP1RTjwQvMJZr6dI-gePO&co=aHR0cHM6Ly9vbmxpbmUuYXMtaW52ZXN0LmNvLmlsOjQ0Mw..&hl=iw&v=kemdRjWFxNjgsGdhRslyEPwU&size=invisible&anchor-ms=20000&execute-ms=30000&cb=uuoxca51xzo8
2026-09-30T21:13:39+00:00,512065202,"מיטב גמל ופנסיה בע""מ",new_item,https://www.meitav.co.il/provident_pension/statement_investment_policy/,(iframe),https://10951420.fls.doubleclick.net/activityi;src=10951420;type=gemel0;cat=gemel004;rcb=12;ord=9504178630141;npa=0;auiddc=813466849.1790802825;uaa=x86;uab=64;uafvl=HeadlessChrome%3B153.0.8010.12%7CNot_A%2520Brand%3B8.0.0.0%7CChromium%3B153.0.8010.12;uamb=0;uam=;uap=Linux;uapv=;uaw=0;pscdl=noapi;frm=0;_tu=KFA;gtm=45fe69t0v9190351460z871097163za20gzb71097163zd71097163xeaxf1;gcd=13l3l3l3l1l1;dma=0;dc_fmt=2;tag_exp=115938466~115938468~118897920~118897930~120213116~120385423~120469145~120469153;epver=2;dc_random=1790802826_FmwcPtEPYj1TxZC5tpxVa--iYSSl1rW1vQ;_dc_test=1;~oref=https%3A%2F%2Fwww.meitav.co.il%2Fprovident_pension%2Fstatement_investment_policy%2F
2026-09-30T21:13:39+00:00,512065202,"מיטב גמל ופנסיה בע""מ",new_page,https://10951420.fls.doubleclick.net/activityi;src=10951420;type=gemel0;cat=gemel004;rcb=12;ord=9504178630141;npa=0;auiddc=813466849.1790802825;uaa=x86;uab=64;uafvl=HeadlessChrome%3B153.0.8010.12%7CNot_A%2520Brand%3B8.0.0.0%7CChromium%3B153.0.8010.12;uamb=0;uam=;uap=Linux;uapv=;uaw=0;pscdl=noapi;frm=0;_tu=KFA;gtm=45fe69t0v9190351460z871097163za20gzb71097163zd71097163xeaxf1;gcd=13l3l3l3l1l1;dma=0;dc_fmt=2;tag_exp=115938466~115938468~118897920~118897930~120213116~120385423~120469145~120469153;epver=2;dc_random=1790802826_FmwcPtEPYj1TxZC5tpxVa--iYSSl1rW1vQ;_dc_test=1;~oref=https%3A%2F%2Fwww.meitav.co.il%2Fprovident_pension%2Fstatement_investment_policy%2F,0 items,https://10951420.fls.doubleclick.net/activityi;src=10951420;type=gemel0;cat=gemel004;rcb=12;ord=9504178630141;npa=0;auiddc=813466849.1790802825;uaa=x86;uab=64;uafvl=HeadlessChrome%3B153.0.8010.12%7CNot_A%2520Brand%3B8.0.0.0%7CChromium%3B153.0.8010.12;uamb=0;uam=;uap=Linux;uapv=;uaw=0;pscdl=noapi;frm=0;_tu=KFA;gtm=45fe69t0v9190351460z871097163za20gzb71097163zd71097163xeaxf1;gcd=13l3l3l3l1l1;dma=0;dc_fmt=2;tag_exp=115938466~115938468~118897920~118897930~120213116~120385423~120469145~120469153;epver=2;dc_random=1790802826_FmwcPtEPYj1TxZC5tpxVa--iYSSl1rW1vQ;_dc_test=1;~oref=https%3A%2F%2Fwww.meitav.co.il%2Fprovident_pension%2Fstatement_investment_policy%2F
2026-09-30T21:13:39+00:00,512065202,"מיטב גמל ופנסיה בע""מ",new_page,https://www.meitav.co.il/portfolio_management/hedge_fund_portfolio_in_trust/,15 items,https://www.meitav.co.il/portfolio_management/hedge_fund_portfolio_in_trust/
2026-09-30T21:13:39+00:00,512065202,"מיטב גמל ופנסיה בע""מ",new_page,https://www.meitav.co.il/portfolio_management/bonds_portfolio/,16 items,https://www.meitav.co.il/portfolio_management/bonds_portfolio/
2026-09-30T21:13:39+00:00,512065202,"מיטב גמל ופנסיה בע""מ",new_page,https://www.meitav.co.il/portfolio_management/gidur/,16 items,https://www.meitav.co.il/portfolio_management/gidur/
2026-09-30T21:13:39+00:00,512065202,"מיטב גמל ופנסיה בע""מ",new_page,https://www.meitav.co.il/portfolio_management/israeli_funds_portfolio/,16 items,https://www.meitav.co.il/portfolio_management/israeli_funds_portfolio/
2026-09-30T21:13:39+00:00,512065202,"מיטב גמל ופנסיה בע""מ",new_page,https://www.meitav.co.il/portfolio_management/tik_kasher/,16 items,https://www.meitav.co.il/portfolio_management/tik_kasher/
2026-09-30T21:13:39+00:00,512065202,"מיטב גמל ופנסיה בע""מ",new_page,https://www.meitav.co.il/portfolio_management/foreign_currency_portfolio/,16 items,https://www.meitav.co.il/portfolio_management/foreign_currency_portfolio/
2026-09-30T21:13:39+00:00,512065202,"מיטב גמל ופנסיה בע""מ",new_page,https://www.meitav.co.il/portfolio_management/platinum/,16 items,https://www.meitav.co.il/portfolio_management/platinum/
2026-09-30T21:13:39+00:00,512065202,"מיטב גמל ופנסיה בע""מ",new_page,https://manager.meitav.co.il/CustomerInvestPolicy,0 items,https://manager.meitav.co.il/CustomerInvestPolicy
2026-09-30T21:13:39+00:00,512065202,"מיטב גמל ופנסיה בע""מ",new_page,https://www.meitav.co.il/portfolio_management/investment-routes_manager/,20 items,https://www.meitav.co.il/portfolio_management/investment-routes_manager/
2026-09-30T21:13:39+00:00,512065202,"מיטב גמל ופנסיה בע""מ",new_page,https://www.meitav.co.il/alternative_investments/meitav_access/,13 items,https://www.meitav.co.il/alternative_investments/meitav_access/
2026-09-30T21:13:39+00:00,512065202,"מיטב גמל ופנסיה בע""מ",new_page,https://www.meitav.co.il/alternative_investments/trio/,13 items,https://www.meitav.co.il/alternative_investments/trio/
2026-09-30T21:13:39+00:00,512065202,"מיטב גמל ופנסיה בע""מ",new_page,https://www.meitav.co.il/alternative_investments/justicegroup/,13 items,https://www.meitav.co.il/alternative_investments/justicegroup/
2026-09-30T21:13:39+00:00,512065202,"מיטב גמל ופנסיה בע""מ",new_page,https://www.meitav.co.il/investor_relations/financial_statements/,33 items,https://www.meitav.co.il/investor_relations/financial_statements/
2026-09-30T21:13:39+00:00,512065202,"מיטב גמל ופנסיה בע""מ",new_page,https://www.meitav.co.il/investor_relations/investors_presentations/,34 items,https://www.meitav.co.il/investor_relations/investors_presentations/
2026-09-30T21:13:39+00:00,512065202,"מיטב גמל ופנסיה בע""מ",new_page,https://www.meitav.co.il/investor_relations/meitav_events_press_releases/,26 items,https://www.meitav.co.il/investor_relations/meitav_events_press_releases/
2026-09-30T21:13:39+00:00,512065202,"מיטב גמל ופנסיה בע""מ",new_page,https://www.meitav.co.il/investor_relations/selected_business_data/,22 items,https://www.meitav.co.il/investor_relations/selected_business_data/
2026-09-30T21:13:39+00:00,512065202,"מיטב גמל ופנסיה בע""מ",new_page,https://www.meitav.co.il/massages_for_shareholders/,30 items,https://www.meitav.co.il/massages_for_shareholders/
2026-09-30T21:13:39+00:00,512065202,"מיטב גמל ופנסיה בע""מ",new_page,https://www.meitav.co.il/investor_relations/corporate_responsibility/,22 items,https://www.meitav.co.il/investor_relations/corporate_responsibility/
2026-09-30T21:13:40+00:00,512245812,"מנורה מבטחים פנסיה וגמל בע""מ",page_changed,https://www.menoramivt.co.il/list/pension-member-info/retirement-investment-tracks,טקסט העמוד השתנה (אותם קישורים),https://www.menoramivt.co.il/list/pension-member-info/retirement-investment-tracks
2026-09-30T21:13:40+00:00,512245812,"מנורה מבטחים פנסיה וגמל בע""מ",page_changed,https://www.menoramivt.co.il/links/pension-and-gemel/gemel-hishtalmut-list/menroa-keren-hishtalmut,טקסט העמוד השתנה (אותם קישורים),https://www.menoramivt.co.il/links/pension-and-gemel/gemel-hishtalmut-list/menroa-keren-hishtalmut
2026-09-30T21:13:40+00:00,512245812,"מנורה מבטחים פנסיה וגמל בע""מ",page_changed,https://www.menoramivt.co.il/policy/,טקסט העמוד השתנה (אותם קישורים),https://www.menoramivt.co.il/policy/
2026-09-30T21:13:40+00:00,512245812,"מנורה מבטחים פנסיה וגמל בע""מ",text_changed,https://www.menoramivt.co.il/general/cancellation-of-policy,מדיניות פרטיות -> אתר זה משתמש בעוגיות (Cookies) לשיפור חווית הגלישה והתאמת תכנים. למידע נוסף ראה מדיניות הפרטיות,https://www.menoramivt.co.il/general/privacy-policy
2026-09-30T21:13:40+00:00,512245812,"מנורה מבטחים פנסיה וגמל בע""מ",page_changed,https://www.menoramivt.co.il/investor-relations,טקסט העמוד השתנה (אותם קישורים),https://www.menoramivt.co.il/investor-relations
2026-09-30T21:13:41+00:00,513611509,"ילין לפידות ניהול קופות גמל בע""מ",new_page,https://www.yl-invest.co.il/privacy/disclaimer/,9 items,https://www.yl-invest.co.il/privacy/disclaimer/
2026-09-30T21:13:41+00:00,513611509,"ילין לפידות ניהול קופות גמל בע""מ",new_page,https://www.yl-invest.co.il/%D7%A0%D7%99%D7%94%D7%95%D7%9C-%D7%AA%D7%99%D7%A7%D7%99-%D7%94%D7%A9%D7%A7%D7%A2%D7%95%D7%AA/,66 items,https://www.yl-invest.co.il/%D7%A0%D7%99%D7%94%D7%95%D7%9C-%D7%AA%D7%99%D7%A7%D7%99-%D7%94%D7%A9%D7%A7%D7%A2%D7%95%D7%AA/
2026-09-30T21:13:41+00:00,513611509,"ילין לפידות ניהול קופות גמל בע""מ",new_page,https://www.yl-invest.co.il/ניהול-תיקי-השקעות/privacy/,72 items,https://www.yl-invest.co.il/ניהול-תיקי-השקעות/privacy/
2026-09-30T21:13:41+00:00,513611509,"ילין לפידות ניהול קופות גמל בע""מ",new_page,https://www.yl-invest.co.il/ניהול-תיקי-השקעות/מי-אנחנו/,72 items,https://www.yl-invest.co.il/ניהול-תיקי-השקעות/מי-אנחנו/
2026-09-30T21:13:41+00:00,513611509,"ילין לפידות ניהול קופות גמל בע""מ",new_page,https://www.yl-invest.co.il/ניהול-תיקי-השקעות/המוצרים-שלנו/,72 items,https://www.yl-invest.co.il/ניהול-תיקי-השקעות/המוצרים-שלנו/
2026-09-30T21:13:41+00:00,513611509,"ילין לפידות ניהול קופות גמל בע""מ",new_page,https://www.yl-invest.co.il/ניהול-תיקי-השקעות/ניהול-תיקי-השקעות/,72 items,https://www.yl-invest.co.il/ניהול-תיקי-השקעות/ניהול-תיקי-השקעות/
2026-09-30T21:13:41+00:00,513611509,"ילין לפידות ניהול קופות גמל בע""מ",new_page,https://www.yl-invest.co.il/ניהול-תיקי-השקעות/תיק-השקעות-מנוהל/,0 items,https://www.yl-invest.co.il/ניהול-תיקי-השקעות/תיק-השקעות-מנוהל/
2026-09-30T21:13:41+00:00,513611509,"ילין לפידות ניהול קופות גמל בע""מ",new_page,https://www.yl-invest.co.il/ניהול-תיקי-השקעות/תיק-השקעות-חול/,72 items,https://www.yl-invest.co.il/ניהול-תיקי-השקעות/תיק-השקעות-חול/
2026-09-30T21:13:41+00:00,513611509,"ילין לפידות ניהול קופות גמל בע""מ",new_page,https://www.yl-invest.co.il/ניהול-תיקי-השקעות/ניהול-קרנות-נאמנות/,72 items,https://www.yl-invest.co.il/ניהול-תיקי-השקעות/ניהול-קרנות-נאמנות/
2026-09-30T21:13:41+00:00,513611509,"ילין לפידות ניהול קופות גמל בע""מ",new_page,https://www.yl-invest.co.il/ניהול-תיקי-השקעות/קרנות-נאמנות-מנוהלות/,72 items,https://www.yl-invest.co.il/ניהול-תיקי-השקעות/קרנות-נאמנות-מנוהלות/
2026-09-30T21:13:41+00:00,513611509,"ילין לפידות ניהול קופות גמל בע""מ",new_page,https://www.yl-invest.co.il/ניהול-תיקי-השקעות/קרנות-נאמנות-מחקות-מדדים/,72 items,https://www.yl-invest.co.il/ניהול-תיקי-השקעות/קרנות-נאמנות-מחקות-מדדים/
2026-09-30T21:13:41+00:00,513611509,"ילין לפידות ניהול קופות גמל בע""מ",new_page,https://www.yl-invest.co.il/ניהול-תיקי-השקעות/ניהול-קופות-גמל-והשתלמות/,72 items,https://www.yl-invest.co.il/ניהול-תיקי-השקעות/ניהול-קופות-גמל-והשתלמות/
2026-09-30T21:13:41+00:00,513611509,"ילין לפידות ניהול קופות גמל בע""מ",new_page,https://www.yl-invest.co.il/ניהול-תיקי-השקעות/קופת-גמל/,72 items,https://www.yl-invest.co.il/ניהול-תיקי-השקעות/קופת-גמל/
2026-09-30T21:13:41+00:00,513611509,"ילין לפידות ניהול קופות גמל בע""מ",new_page,https://www.yl-invest.co.il/ניהול-תיקי-השקעות/מסלול-לבני-50-עד-60/,72 items,https://www.yl-invest.co.il/ניהול-תיקי-השקעות/מסלול-לבני-50-עד-60/
2026-09-30T21:13:41+00:00,513611509,"ילין לפידות ניהול קופות גמל בע""מ",new_page,https://www.yl-invest.co.il/ניהול-תיקי-השקעות/קופות-גמל-מסלול-מניות/,72 items,https://www.yl-invest.co.il/ניהול-תיקי-השקעות/קופות-גמל-מסלול-מניות/
2026-09-30T21:13:41+00:00,513611509,"ילין לפידות ניהול קופות גמל בע""מ",new_page,https://www.yl-invest.co.il/ניהול-תיקי-השקעות/מסלול-לבני-50-ומטה/,72 items,https://www.yl-invest.co.il/ניהול-תיקי-השקעות/מסלול-לבני-50-ומטה/
2026-09-30T21:13:41+00:00,513611509,"ילין לפידות ניהול קופות גמל בע""מ",new_page,https://www.yl-invest.co.il/ניהול-תיקי-השקעות/מסלול-אשראי-ואג-ח/,72 items,https://www.yl-invest.co.il/ניהול-תיקי-השקעות/מסלול-אשראי-ואג-ח/
2026-09-30T21:13:41+00:00,513611509,"ילין לפידות ניהול קופות גמל בע""מ",new_page,https://www.yl-invest.co.il/ניהול-תיקי-השקעות/מסלול-לבני-60-ומעלה/,72 items,https://www.yl-invest.co.il/ניהול-תיקי-השקעות/מסלול-לבני-60-ומעלה/
2026-09-30T21:13:41+00:00,513611509,"ילין לפידות ניהול קופות גמל בע""מ",new_page,https://www.yl-invest.co.il/ניהול-תיקי-השקעות/מסלול-אג-ח-ממשלות/,0 items,https://www.yl-invest.co.il/ניהול-תיקי-השקעות/מסלול-אג-ח-ממשלות/
2026-09-30T21:13:41+00:00,513611509,"ילין לפידות ניהול קופות גמל בע""מ",new_page,https://www.yl-invest.co.il/ניהול-תיקי-השקעות/מסלול-משולב-סחיר/,72 items,https://www.yl-invest.co.il/ניהול-תיקי-השקעות/מסלול-משולב-סחיר/
2026-09-30T21:13:41+00:00,513611509,"ילין לפידות ניהול קופות גמל בע""מ",new_page,https://www.yl-invest.co.il/ניהול-תיקי-השקעות/מסלול-עוקב-מדדים-גמיש/,72 items,https://www.yl-invest.co.il/ניהול-תיקי-השקעות/מסלול-עוקב-מדדים-גמיש/
2026-09-30T21:13:41+00:00,513611509,"ילין לפידות ניהול קופות גמל בע""מ",new_page,https://www.yl-invest.co.il/ניהול-תיקי-השקעות/238-1726570680-מסלול-עוקב-מדד-s-p-500/,72 items,https://www.yl-invest.co.il/ניהול-תיקי-השקעות/238-1726570680-מסלול-עוקב-מדד-s-p-500/
2026-09-30T21:13:41+00:00,513611509,"ילין לפידות ניהול קופות גמל בע""מ",new_page,https://www.yl-invest.co.il/ניהול-תיקי-השקעות/קופת-גמל-להשקעה/,72 items,https://www.yl-invest.co.il/ניהול-תיקי-השקעות/קופת-גמל-להשקעה/
2026-09-30T21:13:41+00:00,513611509,"ילין לפידות ניהול קופות גמל בע""מ",new_page,https://www.yl-invest.co.il/ניהול-תיקי-השקעות/185-1719748859-מסלול-עוקב-מדדים-גמיש/,72 items,https://www.yl-invest.co.il/ניהול-תיקי-השקעות/185-1719748859-מסלול-עוקב-מדדים-גמיש/
2026-09-30T21:13:41+00:00,513611509,"ילין לפידות ניהול קופות גמל בע""מ",new_page,https://www.yl-invest.co.il/ניהול-תיקי-השקעות/קופות-גמל-להשקעה-מסלול-כללי/,72 items,https://www.yl-invest.co.il/ניהול-תיקי-השקעות/קופות-גמל-להשקעה-מסלול-כללי/
2026-09-30T21:13:41+00:00,520042177,"הכשרה חברה לביטוח בע""מ",new_item,https://www.hcsra.co.il/insurances/investments-credit-realestate/investments/,(iframe),https://appdynamics.go-ins.co.il/wwwroot/adrum-xd.bb4998b9fa08203795298c5909e8245d.html
2026-09-30T21:13:41+00:00,520042177,"הכשרה חברה לביטוח בע""מ",new_item,https://www.hcsra.co.il/insurances/investments-credit-realestate/investments/,,https://umbraco-api.hcsra.co.il/media/xjpnuvds/%D7%94%D7%A6%D7%91%D7%A2%D7%95%D7%AA-%D7%94%D7%9B%D7%A9%D7%A8%D7%94-%D7%97%D7%91%D7%A8%D7%94-%D7%9C%D7%91%D7%99%D7%98%D7%95%D7%97-%D7%91%D7%A2%D7%9E-%D7%91%D7%90%D7%A1%D7%99%D7%A4%D7%95%D7%AA-%D7%9B%D7%9C%D7%9C%D7%99%D7%95%D7%AA-%D7%AA%D7%99%D7%A7-%D7%A0%D7%95%D7%A1%D7%98%D7%A8%D7%95-%D7%9E%D7%AA%D7%90%D7%A8%D7%99%D7%9A-270924-%D7%A2%D7%93-270926.pdf
2026-09-30T21:13:41+00:00,520042177,"הכשרה חברה לביטוח בע""מ",new_item,https://www.hcsra.co.il/insurances/investments-credit-realestate/investments/,,https://umbraco-api.hcsra.co.il/media/t53hveny/%D7%94%D7%A6%D7%91%D7%A2%D7%95%D7%AA-%D7%94%D7%9B%D7%A9%D7%A8%D7%94-%D7%97%D7%91%D7%A8%D7%94-%D7%9C%D7%91%D7%99%D7%98%D7%95%D7%97-%D7%91%D7%A2%D7%9E-%D7%91%D7%90%D7%A1%D7%99%D7%A4%D7%95%D7%AA-%D7%9B%D7%9C%D7%9C%D7%99%D7%95%D7%AA-%D7%AA%D7%99%D7%A7-%D7%9E%D7%A9%D7%AA%D7%AA%D7%A3-%D7%9E%D7%AA%D7%90%D7%A8%D7%99%D7%9A-270924-%D7%A2%D7%93-270926.pdf
2026-09-30T21:13:41+00:00,520042177,"הכשרה חברה לביטוח בע""מ",removed_item,https://www.hcsra.co.il/insurances/investments-credit-realestate/investments/,,https://umbraco-api.hcsra.co.il/media/pq0gorm2/%D7%AA%D7%A9%D7%95%D7%90%D7%95%D7%AA-%D7%9E%D7%A9%D7%AA%D7%AA%D7%A3-%D7%95%D7%9E%D7%A1%D7%9C%D7%95%D7%9C%D7%99%D7%9D-24926.pdf
2026-09-30T21:13:41+00:00,520042177,"הכשרה חברה לביטוח בע""מ",page_changed,https://bestcar.hcsra.co.il/best-policy-proposal/starter?utm_source=web&utm_medium=organic,טקסט העמוד השתנה (אותם קישורים),https://bestcar.hcsra.co.il/best-policy-proposal/starter?utm_source=web&utm_medium=organic
2026-09-30T21:13:41+00:00,520042177,"הכשרה חברה לביטוח בע""מ",new_page,https://appdynamics.go-ins.co.il/wwwroot/adrum-xd.bb4998b9fa08203795298c5909e8245d.html,0 items,https://appdynamics.go-ins.co.il/wwwroot/adrum-xd.bb4998b9fa08203795298c5909e8245d.html
2026-09-30T21:13:41+00:00,520042177,"הכשרה חברה לביטוח בע""מ",fetch_failed,https://www.hcsra.co.il/investor-relations/: https:/www.linkedin.com/in/avi-shlomo-61235b314?utm_source=share&utm_campaign=share_via&utm_content=profile&utm_medium=ios_app,404,https://www.hcsra.co.il/investor-relations/: https:/www.linkedin.com/in/avi-shlomo-61235b314?utm_source=share&utm_campaign=share_via&utm_content=profile&utm_medium=ios_app
2026-09-30T21:13:41+00:00,520042177,"הכשרה חברה לביטוח בע""מ",new_page,https://www.hcsra.co.il/investor-relations-the-people-behind/board-members/,18 items,https://www.hcsra.co.il/investor-relations-the-people-behind/board-members/
2026-09-30T21:13:41+00:00,520042177,"הכשרה חברה לביטוח בע""מ",new_page,https://www.hcsra.co.il/insurances/investments-credit-realestate/real-estate/,13 items,https://www.hcsra.co.il/insurances/investments-credit-realestate/real-estate/
2026-09-30T21:13:51+00:00,512267592,"הראל פנסיה וגמל בע""מ",new_item,https://digital.harel-group.co.il/travel-policy?utm_source=website&utm_medium=home_page&utm_campaign=kidom_travel&utm_content=public_area,(iframe),https://www.googletagmanager.com/ns.html?id=GTM-T4X8D62
2026-09-30T21:13:51+00:00,512267592,"הראל פנסיה וגמל בע""מ",new_item,https://digital.harel-group.co.il/travel-policy/return-customer,(iframe),https://www.googletagmanager.com/ns.html?id=GTM-T4X8D62
2026-09-30T21:13:51+00:00,512267592,"הראל פנסיה וגמל בע""מ",new_page,https://www.googletagmanager.com/ns.html?id=GTM-T4X8D62,0 items,https://www.googletagmanager.com/ns.html?id=GTM-T4X8D62
2026-09-30T21:13:51+00:00,512267592,"הראל פנסיה וגמל בע""מ",fetch_failed,https://www.harel-group.co.il/investor-relations/investor-relations/Pages/default.aspx,410,https://www.harel-group.co.il/investor-relations/investor-relations/Pages/default.aspx
2026-09-30T21:13:51+00:00,512267592,"הראל פנסיה וגמל בע""מ",new_page,https://www.harel-group.co.il/finance/alternative-investments/information/Pages/what-is-alternative-investment.aspx,8 items,https://www.harel-group.co.il/finance/alternative-investments/information/Pages/what-is-alternative-investment.aspx
2026-09-30T21:13:51+00:00,512267592,"הראל פנסיה וגמל בע""מ",new_page,https://www.harel-group.co.il/finance/alternative-investments/information/Pages/is-it-right-for-me.aspx,8 items,https://www.harel-group.co.il/finance/alternative-investments/information/Pages/is-it-right-for-me.aspx
2026-09-30T21:13:51+00:00,512267592,"הראל פנסיה וגמל בע""מ",new_page,https://www.harel-group.co.il/finance/alternative-investments/information/Pages/what-to-check.aspx,9 items,https://www.harel-group.co.il/finance/alternative-investments/information/Pages/what-to-check.aspx
2026-09-30T21:13:51+00:00,512267592,"הראל פנסיה וגמל בע""מ",new_page,https://www.harel-group.co.il/finance/alternative-investments/information/Pages/harel_nagen_alternative_globes.aspx,6 items,https://www.harel-group.co.il/finance/alternative-investments/information/Pages/harel_nagen_alternative_globes.aspx
2026-09-30T21:13:51+00:00,512267592,"הראל פנסיה וגמל בע""מ",new_page,https://www.harel-group.co.il/finance/Pages/privacy-finance.aspx,6 items,https://www.harel-group.co.il/finance/Pages/privacy-finance.aspx
2026-09-30T21:14:12+00:00,520004078,"הראל חברה לביטוח בע""מ",new_item,https://digital.harel-group.co.il/travel-policy?utm_source=website&utm_medium=home_page&utm_campaign=kidom_travel&utm_content=public_area,(iframe),https://www.googletagmanager.com/ns.html?id=GTM-T4X8D62
2026-09-30T21:14:12+00:00,520004078,"הראל חברה לביטוח בע""מ",new_item,https://digital.harel-group.co.il/travel-policy/return-customer,(iframe),https://www.googletagmanager.com/ns.html?id=GTM-T4X8D62
2026-09-30T21:14:12+00:00,520004078,"הראל חברה לביטוח בע""מ",new_page,https://www.googletagmanager.com/ns.html?id=GTM-T4X8D62,0 items,https://www.googletagmanager.com/ns.html?id=GTM-T4X8D62
2026-09-30T21:14:12+00:00,520004078,"הראל חברה לביטוח בע""מ",fetch_failed,https://www.harel-group.co.il/investor-relations/investor-relations/Pages/default.aspx,410,https://www.harel-group.co.il/investor-relations/investor-relations/Pages/default.aspx
2026-09-30T21:14:12+00:00,520004078,"הראל חברה לביטוח בע""מ",new_page,https://www.harel-group.co.il/finance/alternative-investments/information/Pages/what-is-alternative-investment.aspx,8 items,https://www.harel-group.co.il/finance/alternative-investments/information/Pages/what-is-alternative-investment.aspx
2026-09-30T21:14:12+00:00,520004078,"הראל חברה לביטוח בע""מ",new_page,https://www.harel-group.co.il/finance/alternative-investments/information/Pages/is-it-right-for-me.aspx,8 items,https://www.harel-group.co.il/finance/alternative-investments/information/Pages/is-it-right-for-me.aspx
2026-09-30T21:14:12+00:00,520004078,"הראל חברה לביטוח בע""מ",new_page,https://www.harel-group.co.il/finance/alternative-investments/information/Pages/what-to-check.aspx,9 items,https://www.harel-group.co.il/finance/alternative-investments/information/Pages/what-to-check.aspx
2026-09-30T21:14:12+00:00,520004078,"הראל חברה לביטוח בע""מ",new_page,https://www.harel-group.co.il/finance/alternative-investments/information/Pages/harel_nagen_alternative_globes.aspx,6 items,https://www.harel-group.co.il/finance/alternative-investments/information/Pages/harel_nagen_alternative_globes.aspx
2026-09-30T21:14:12+00:00,520004078,"הראל חברה לביטוח בע""מ",new_page,https://www.harel-group.co.il/finance/Pages/privacy-finance.aspx,6 items,https://www.harel-group.co.il/finance/Pages/privacy-finance.aspx
