legal_id,fund_id,track_no,track_code,track_name,year,asset,asset_key,current_pct,expected_pct,tolerance,min_pct,max_pct,benchmark,policy_text,group,doc_first_seen,url,doc_file,sheet
520022963,,,520022963|Hadasa|הדסה,הדסה,2025,"מניות (כולל קרנות סל, אופציות, קרנות נאמנות ומניות לא סחירות)",equity,11.55,11.0,0.06,5.0,17.0,"80% MSCI ACWI 20% מדד ת""א 35",,Hadasa,2026-09-30T21:55:36+00:00,https://amitim.com/wp-content/uploads/2025/11/מדיניות-השקעה-2025-8.xlsx,policy/companies/520022963/raw/520022963/7a7e8d31959b_מדיניות-השקעה-2025-8.xlsx,Hadasa
520022963,,,520022963|Hadasa|הדסה,הדסה,2025,"אג""ח ממשלתי",,82.64,82.0,0.05,77.0,87.0,,,Hadasa,2026-09-30T21:55:36+00:00,https://amitim.com/wp-content/uploads/2025/11/מדיניות-השקעה-2025-8.xlsx,policy/companies/520022963/raw/520022963/7a7e8d31959b_מדיניות-השקעה-2025-8.xlsx,Hadasa
520022963,,,520022963|Hadasa|הדסה,הדסה,2025,סיוע ממשלתי,,49.97,49.5,,,,,,Hadasa,2026-09-30T21:55:36+00:00,https://amitim.com/wp-content/uploads/2025/11/מדיניות-השקעה-2025-8.xlsx,policy/companies/520022963/raw/520022963/7a7e8d31959b_מדיניות-השקעה-2025-8.xlsx,Hadasa
520022963,,,520022963|Hadasa|הדסה,הדסה,2025,"אג""ח מיועדות",,19.83,19.1,,,,,,Hadasa,2026-09-30T21:55:36+00:00,https://amitim.com/wp-content/uploads/2025/11/מדיניות-השקעה-2025-8.xlsx,policy/companies/520022963/raw/520022963/7a7e8d31959b_מדיניות-השקעה-2025-8.xlsx,Hadasa
520022963,,,520022963|Hadasa|הדסה,הדסה,2025,"אג""ח ממשלתי סחיר",,12.85,13.4,,,,תל גוב צמודות 5-10 – 12.8% תל גוב צמודות 10+ – 72.2% תל גוב שקלי 10+ – 14.2% ממשלתי שקלי 1152 - 0.8%,,Hadasa,2026-09-30T21:55:36+00:00,https://amitim.com/wp-content/uploads/2025/11/מדיניות-השקעה-2025-8.xlsx,policy/companies/520022963/raw/520022963/7a7e8d31959b_מדיניות-השקעה-2025-8.xlsx,Hadasa
520022963,,,520022963|Hadasa|הדסה,הדסה,2025,"אג""ח קונצרני",,4.33,5.4,0.06,0.0,11.4,תל בונד 60 (72.0%) תל בונד שקלי 50 (18.0%) Barclays Global Aggregate Credit hedged to USD (5%) HOAO index ML US HY (5%),,Hadasa,2026-09-30T21:55:36+00:00,https://amitim.com/wp-content/uploads/2025/11/מדיניות-השקעה-2025-8.xlsx,policy/companies/520022963/raw/520022963/7a7e8d31959b_מדיניות-השקעה-2025-8.xlsx,Hadasa
520022963,,,520022963|Hadasa|הדסה,הדסה,2025,"אחר (קרנות השקעה, נדל""ן)",,0.16,0.1,0.05,0.0,5.1,,,Hadasa,2026-09-30T21:55:36+00:00,https://amitim.com/wp-content/uploads/2025/11/מדיניות-השקעה-2025-8.xlsx,policy/companies/520022963/raw/520022963/7a7e8d31959b_מדיניות-השקעה-2025-8.xlsx,Hadasa
520022963,,,520022963|Hadasa|הדסה,הדסה,2025,מזומן,,1.44,1.5,,,,,,Hadasa,2026-09-30T21:55:36+00:00,https://amitim.com/wp-content/uploads/2025/11/מדיניות-השקעה-2025-8.xlsx,policy/companies/520022963/raw/520022963/7a7e8d31959b_מדיניות-השקעה-2025-8.xlsx,Hadasa
520022963,,,520022963|Hadasa|הדסה,הדסה,2025,"חשיפה למט""ח",fx,9.09,8.2,0.06,2.2,14.2,,,Hadasa,2026-09-30T21:55:36+00:00,https://amitim.com/wp-content/uploads/2025/11/מדיניות-השקעה-2025-8.xlsx,policy/companies/520022963/raw/520022963/7a7e8d31959b_מדיניות-השקעה-2025-8.xlsx,Hadasa
520022963,,,520022963|Hadasa|הדסה,הדסה,2026,"מניות (כולל קרנות סל, אופציות, קרנות נאמנות ומניות לא סחירות)",equity,10.14,10.0,0.06,4.0,16.0,"80% MSCI ACWI 20% מדד ת""א 35",,Hadasa,2026-09-30T21:55:36+00:00,https://amitim.com/wp-content/uploads/2026/04/Hadasa-mediniut-hashkaa-2026.xlsx,policy/companies/520022963/raw/520022963/fb0bd43bea32_Hadasa-mediniut-hashkaa-2026.xlsx,Hadasa
520022963,,,520022963|Hadasa|הדסה,הדסה,2026,"אג""ח ממשלתי",,84.7,84.1,0.05,79.1,89.1,,,Hadasa,2026-09-30T21:55:36+00:00,https://amitim.com/wp-content/uploads/2026/04/Hadasa-mediniut-hashkaa-2026.xlsx,policy/companies/520022963/raw/520022963/fb0bd43bea32_Hadasa-mediniut-hashkaa-2026.xlsx,Hadasa
520022963,,,520022963|Hadasa|הדסה,הדסה,2026,סיוע ממשלתי,,52.14,51.8,,,,,,Hadasa,2026-09-30T21:55:36+00:00,https://amitim.com/wp-content/uploads/2026/04/Hadasa-mediniut-hashkaa-2026.xlsx,policy/companies/520022963/raw/520022963/fb0bd43bea32_Hadasa-mediniut-hashkaa-2026.xlsx,Hadasa
520022963,,,520022963|Hadasa|הדסה,הדסה,2026,"אג""ח מיועדות",,19.94,19.8,,,,,,Hadasa,2026-09-30T21:55:36+00:00,https://amitim.com/wp-content/uploads/2026/04/Hadasa-mediniut-hashkaa-2026.xlsx,policy/companies/520022963/raw/520022963/fb0bd43bea32_Hadasa-mediniut-hashkaa-2026.xlsx,Hadasa
520022963,,,520022963|Hadasa|הדסה,הדסה,2026,"אג""ח ממשלתי סחיר",,12.62,12.5,,,,תל גוב צמודות 5-10 – 11.4% תל גוב צמודות 10+ – 83.6% תל גוב שקלי 10+ – 5.0%,,Hadasa,2026-09-30T21:55:36+00:00,https://amitim.com/wp-content/uploads/2026/04/Hadasa-mediniut-hashkaa-2026.xlsx,policy/companies/520022963/raw/520022963/fb0bd43bea32_Hadasa-mediniut-hashkaa-2026.xlsx,Hadasa
520022963,,,520022963|Hadasa|הדסה,הדסה,2026,"אג""ח קונצרני",,3.54,3.3,0.06,0.0,9.3,תל בונד צמודות AA-AAA (85.5%) תל בונד שקלי 50 (4.5%) Barclays Global Aggregate Credit hedged to USD (5%) HOAO index ML US HY (5%),,Hadasa,2026-09-30T21:55:36+00:00,https://amitim.com/wp-content/uploads/2026/04/Hadasa-mediniut-hashkaa-2026.xlsx,policy/companies/520022963/raw/520022963/fb0bd43bea32_Hadasa-mediniut-hashkaa-2026.xlsx,Hadasa
520022963,,,520022963|Hadasa|הדסה,הדסה,2026,"אחר (קרנות השקעה, נדל""ן)",,0.06,0.1,0.05,0.0,5.1,,,Hadasa,2026-09-30T21:55:36+00:00,https://amitim.com/wp-content/uploads/2026/04/Hadasa-mediniut-hashkaa-2026.xlsx,policy/companies/520022963/raw/520022963/fb0bd43bea32_Hadasa-mediniut-hashkaa-2026.xlsx,Hadasa
520022963,,,520022963|Hadasa|הדסה,הדסה,2026,מזומן,,1.62,2.5,,,,,,Hadasa,2026-09-30T21:55:36+00:00,https://amitim.com/wp-content/uploads/2026/04/Hadasa-mediniut-hashkaa-2026.xlsx,policy/companies/520022963/raw/520022963/fb0bd43bea32_Hadasa-mediniut-hashkaa-2026.xlsx,Hadasa
520022963,,,520022963|Hadasa|הדסה,הדסה,2026,"חשיפה למט""ח",fx,8.02,7.8,0.06,1.8,13.8,,,Hadasa,2026-09-30T21:55:36+00:00,https://amitim.com/wp-content/uploads/2026/04/Hadasa-mediniut-hashkaa-2026.xlsx,policy/companies/520022963/raw/520022963/fb0bd43bea32_Hadasa-mediniut-hashkaa-2026.xlsx,Hadasa
520022963,,,520022963|Hadasa|הדסה,הדסה,2024,"מניות (כולל קרנות סל, אופציות, קרנות נאמנות ומניות לא סחירות)",equity,12.84,12.6,0.06,6.6,18.6,"80% MSCI ACWI 20% מדד ת""א 35",,Hadasa,2026-09-30T21:55:36+00:00,https://amitim.com/wp-content/uploads/2025/11/מדיניות-השקעה-2024-8.xlsx,policy/companies/520022963/raw/520022963/75d862877303_מדיניות-השקעה-2024-8.xlsx,Hadasa
520022963,,,520022963|Hadasa|הדסה,הדסה,2024,"אג""ח ממשלתי",,80.33,81.1,0.05,76.1,86.1,,,Hadasa,2026-09-30T21:55:36+00:00,https://amitim.com/wp-content/uploads/2025/11/מדיניות-השקעה-2024-8.xlsx,policy/companies/520022963/raw/520022963/75d862877303_מדיניות-השקעה-2024-8.xlsx,Hadasa
520022963,,,520022963|Hadasa|הדסה,הדסה,2024,סיוע ממשלתי,,50.84,50.3,,,,,,Hadasa,2026-09-30T21:55:36+00:00,https://amitim.com/wp-content/uploads/2025/11/מדיניות-השקעה-2024-8.xlsx,policy/companies/520022963/raw/520022963/75d862877303_מדיניות-השקעה-2024-8.xlsx,Hadasa
520022963,,,520022963|Hadasa|הדסה,הדסה,2024,"אג""ח מיועדות",,19.93,19.7,,,,,,Hadasa,2026-09-30T21:55:36+00:00,https://amitim.com/wp-content/uploads/2025/11/מדיניות-השקעה-2024-8.xlsx,policy/companies/520022963/raw/520022963/75d862877303_מדיניות-השקעה-2024-8.xlsx,Hadasa
520022963,,,520022963|Hadasa|הדסה,הדסה,2024,"אג""ח ממשלתי סחיר",,9.56,11.1,,,,תל גוב צמודות 5-10 – 21.3% תל גוב צמודות 10+ – 63.7% תל גוב שקלי 5-10 – 6.3% תל גוב שקלי 10+ - 8.7%,,Hadasa,2026-09-30T21:55:36+00:00,https://amitim.com/wp-content/uploads/2025/11/מדיניות-השקעה-2024-8.xlsx,policy/companies/520022963/raw/520022963/75d862877303_מדיניות-השקעה-2024-8.xlsx,Hadasa
520022963,,,520022963|Hadasa|הדסה,הדסה,2024,"אג""ח קונצרני",,4.4,4.7,0.06,0.0,10.7,תל בונד 60 (70.2%) תל בונד שקלי 50 (19.8%) Barclays Global Aggregate Credit hedged to USD (5%) HOAO index ML US HY (5%),,Hadasa,2026-09-30T21:55:36+00:00,https://amitim.com/wp-content/uploads/2025/11/מדיניות-השקעה-2024-8.xlsx,policy/companies/520022963/raw/520022963/75d862877303_מדיניות-השקעה-2024-8.xlsx,Hadasa
520022963,,,520022963|Hadasa|הדסה,הדסה,2024,"אחר (קרנות השקעה, נדל""ן)",,0.1,0.1,0.05,0.0,5.1,,,Hadasa,2026-09-30T21:55:36+00:00,https://amitim.com/wp-content/uploads/2025/11/מדיניות-השקעה-2024-8.xlsx,policy/companies/520022963/raw/520022963/75d862877303_מדיניות-השקעה-2024-8.xlsx,Hadasa
520022963,,,520022963|Hadasa|הדסה,הדסה,2024,מזומן,,2.33,1.5,,,,,,Hadasa,2026-09-30T21:55:36+00:00,https://amitim.com/wp-content/uploads/2025/11/מדיניות-השקעה-2024-8.xlsx,policy/companies/520022963/raw/520022963/75d862877303_מדיניות-השקעה-2024-8.xlsx,Hadasa
520022963,,,520022963|Hadasa|הדסה,הדסה,2024,"חשיפה למט""ח",fx,14.83,9.5,0.06,3.5,15.5,,,Hadasa,2026-09-30T21:55:36+00:00,https://amitim.com/wp-content/uploads/2025/11/מדיניות-השקעה-2024-8.xlsx,policy/companies/520022963/raw/520022963/75d862877303_מדיניות-השקעה-2024-8.xlsx,Hadasa
520022963,,,520022963|Hadasa|הדסה,הדסה,2023,"מניות (כולל קרנות סל, אופציות, קרנות נאמנות ומניות לא סחירות)",equity,14.01,13.5,0.06,7.5,19.5,"80% MSCI ACWI 20% מדד ת""א 35",,Hadasa,2026-09-30T21:55:36+00:00,https://amitim.com/wp-content/uploads/2025/11/מדיניות-השקעה-2023-8.xlsx,policy/companies/520022963/raw/520022963/6b27c2be2581_מדיניות-השקעה-2023-8.xlsx,Hadasa
520022963,,,520022963|Hadasa|הדסה,הדסה,2023,"אג""ח ממשלתי",,79.93,80.5,0.05,75.5,85.5,,,Hadasa,2026-09-30T21:55:36+00:00,https://amitim.com/wp-content/uploads/2025/11/מדיניות-השקעה-2023-8.xlsx,policy/companies/520022963/raw/520022963/6b27c2be2581_מדיניות-השקעה-2023-8.xlsx,Hadasa
520022963,,,520022963|Hadasa|הדסה,הדסה,2023,סיוע ממשלתי,,52.71,53.0,,,,,,Hadasa,2026-09-30T21:55:36+00:00,https://amitim.com/wp-content/uploads/2025/11/מדיניות-השקעה-2023-8.xlsx,policy/companies/520022963/raw/520022963/6b27c2be2581_מדיניות-השקעה-2023-8.xlsx,Hadasa
520022963,,,520022963|Hadasa|הדסה,הדסה,2023,"אג""ח מיועדות",,20.17,20.0,,,,,,Hadasa,2026-09-30T21:55:36+00:00,https://amitim.com/wp-content/uploads/2025/11/מדיניות-השקעה-2023-8.xlsx,policy/companies/520022963/raw/520022963/6b27c2be2581_מדיניות-השקעה-2023-8.xlsx,Hadasa
520022963,,,520022963|Hadasa|הדסה,הדסה,2023,"אג""ח ממשלתי סחיר",,7.06,7.5,,,,"מדד אג""ח ממשלתי כללי",,Hadasa,2026-09-30T21:55:36+00:00,https://amitim.com/wp-content/uploads/2025/11/מדיניות-השקעה-2023-8.xlsx,policy/companies/520022963/raw/520022963/6b27c2be2581_מדיניות-השקעה-2023-8.xlsx,Hadasa
520022963,,,520022963|Hadasa|הדסה,הדסה,2023,"אג""ח קונצרני",,6.17,4.0,0.06,0.0,10.0,תל בונד 60 (70%) + תל בונד שקלי 50 (30%),,Hadasa,2026-09-30T21:55:36+00:00,https://amitim.com/wp-content/uploads/2025/11/מדיניות-השקעה-2023-8.xlsx,policy/companies/520022963/raw/520022963/6b27c2be2581_מדיניות-השקעה-2023-8.xlsx,Hadasa
520022963,,,520022963|Hadasa|הדסה,הדסה,2023,מזומן,,2.52,2.0,0.05,0.0,7.0,"ריבית ב""י",,Hadasa,2026-09-30T21:55:36+00:00,https://amitim.com/wp-content/uploads/2025/11/מדיניות-השקעה-2023-8.xlsx,policy/companies/520022963/raw/520022963/6b27c2be2581_מדיניות-השקעה-2023-8.xlsx,Hadasa
520022963,,,520022963|Hadasa|הדסה,הדסה,2023,"אחר (קרנות השקעה, נדל""ן)",,0.23,0.0,0.05,0.0,5.0,S&P Global Reit 30% MSCI ACWI 70%,,Hadasa,2026-09-30T21:55:36+00:00,https://amitim.com/wp-content/uploads/2025/11/מדיניות-השקעה-2023-8.xlsx,policy/companies/520022963/raw/520022963/6b27c2be2581_מדיניות-השקעה-2023-8.xlsx,Hadasa
520022963,,,520022963|Hadasa|הדסה,הדסה,2023,"חשיפה למט""ח",fx,11.51,10.0,0.03,7.0,13.0,דולר 60% יורו 40%,,Hadasa,2026-09-30T21:55:36+00:00,https://amitim.com/wp-content/uploads/2025/11/מדיניות-השקעה-2023-8.xlsx,policy/companies/520022963/raw/520022963/6b27c2be2581_מדיניות-השקעה-2023-8.xlsx,Hadasa
